✨ Pinnacle AI (Grok) Initialized
Server is running on port 5003
Health check: http://localhost:5003/health
Safety Model Check: Loaded
Loaded GROK_API_KEY: xai-...
Executing (default): SELECT 1+1 AS result
Database connected successfully.
Executing (default): PRAGMA foreign_keys = OFF
Executing (default): SELECT name FROM sqlite_master WHERE type='table' AND name='Allocations';
Executing (default): PRAGMA TABLE_INFO(`Allocations`);
Executing (default): PRAGMA foreign_key_list(`Allocations`)
Executing (default): PRAGMA INDEX_LIST(`Allocations`)
Executing (default): PRAGMA INDEX_INFO(`sqlite_autoindex_Allocations_1`)
Executing (default): PRAGMA foreign_key_list(`Allocations`)
Executing (default): PRAGMA TABLE_INFO(`Allocations`);
Executing (default): PRAGMA INDEX_LIST(`Allocations`)
Executing (default): PRAGMA INDEX_INFO(`sqlite_autoindex_Allocations_1`)
Executing (default): PRAGMA foreign_key_list(`Allocations`)
Executing (default): CREATE TABLE IF NOT EXISTS `Allocations_backup` (`id` UUID UNIQUE PRIMARY KEY, `resourceType` TEXT NOT NULL, `resourceId` UUID NOT NULL, `projectId` UUID REFERENCES `Projects` (`id`), `startDate` DATE NOT NULL, `endDate` DATE NOT NULL, `startTime` TIME, `endTime` TIME, `category` TEXT DEFAULT 'project', `status` TEXT DEFAULT 'scheduled', `notes` TEXT, `createdAt` DATETIME NOT NULL, `updatedAt` DATETIME NOT NULL);
Executing (default): INSERT INTO `Allocations_backup` SELECT `id`, `resourceType`, `resourceId`, `projectId`, `startDate`, `endDate`, `startTime`, `endTime`, `category`, `status`, `notes`, `createdAt`, `updatedAt` FROM `Allocations`;
Executing (default): DROP TABLE `Allocations`;
Executing (default): CREATE TABLE IF NOT EXISTS `Allocations` (`id` UUID UNIQUE PRIMARY KEY, `resourceType` TEXT NOT NULL, `resourceId` UUID NOT NULL, `projectId` UUID REFERENCES `Projects` (`id`), `startDate` DATE NOT NULL, `endDate` DATE NOT NULL, `startTime` TIME, `endTime` TIME, `category` TEXT DEFAULT 'project', `status` TEXT DEFAULT 'scheduled', `notes` TEXT, `createdAt` DATETIME NOT NULL, `updatedAt` DATETIME NOT NULL);
Executing (default): INSERT INTO `Allocations` SELECT `id`, `resourceType`, `resourceId`, `projectId`, `startDate`, `endDate`, `startTime`, `endTime`, `category`, `status`, `notes`, `createdAt`, `updatedAt` FROM `Allocations_backup`;
Executing (default): DROP TABLE `Allocations_backup`;
Executing (default): PRAGMA TABLE_INFO(`Allocations`);
Executing (default): PRAGMA INDEX_LIST(`Allocations`)
Executing (default): PRAGMA INDEX_INFO(`sqlite_autoindex_Allocations_1`)
Executing (default): PRAGMA foreign_key_list(`Allocations`)
Executing (default): CREATE TABLE IF NOT EXISTS `Allocations_backup` (`id` UUID UNIQUE PRIMARY KEY, `resourceType` TEXT NOT NULL, `resourceId` UUID NOT NULL, `projectId` UUID REFERENCES `Projects` (`id`), `startDate` DATE NOT NULL, `endDate` DATE NOT NULL, `startTime` TIME, `endTime` TIME, `category` TEXT DEFAULT 'project', `status` TEXT DEFAULT 'scheduled', `notes` TEXT, `createdAt` DATETIME NOT NULL, `updatedAt` DATETIME NOT NULL);
Executing (default): INSERT INTO `Allocations_backup` SELECT `id`, `resourceType`, `resourceId`, `projectId`, `startDate`, `endDate`, `startTime`, `endTime`, `category`, `status`, `notes`, `createdAt`, `updatedAt` FROM `Allocations`;
Executing (default): DROP TABLE `Allocations`;
Executing (default): CREATE TABLE IF NOT EXISTS `Allocations` (`id` UUID UNIQUE PRIMARY KEY, `resourceType` TEXT NOT NULL, `resourceId` UUID NOT NULL, `projectId` UUID REFERENCES `Projects` (`id`), `startDate` DATE NOT NULL, `endDate` DATE NOT NULL, `startTime` TIME, `endTime` TIME, `category` TEXT DEFAULT 'project', `status` TEXT DEFAULT 'scheduled', `notes` TEXT, `createdAt` DATETIME NOT NULL, `updatedAt` DATETIME NOT NULL);
Executing (default): INSERT INTO `Allocations` SELECT `id`, `resourceType`, `resourceId`, `projectId`, `startDate`, `endDate`, `startTime`, `endTime`, `category`, `status`, `notes`, `createdAt`, `updatedAt` FROM `Allocations_backup`;
Executing (default): DROP TABLE `Allocations_backup`;
Executing (default): PRAGMA TABLE_INFO(`Allocations`);
Executing (default): PRAGMA INDEX_LIST(`Allocations`)
Executing (default): PRAGMA INDEX_INFO(`sqlite_autoindex_Allocations_1`)
Executing (default): PRAGMA foreign_key_list(`Allocations`)
Executing (default): CREATE TABLE IF NOT EXISTS `Allocations_backup` (`id` UUID UNIQUE PRIMARY KEY, `resourceType` TEXT NOT NULL, `resourceId` UUID NOT NULL, `projectId` UUID REFERENCES `Projects` (`id`) ON DELETE SET NULL ON UPDATE CASCADE, `startDate` DATE NOT NULL, `endDate` DATE NOT NULL, `startTime` TIME, `endTime` TIME, `category` TEXT DEFAULT 'project', `status` TEXT DEFAULT 'scheduled', `notes` TEXT, `createdAt` DATETIME NOT NULL, `updatedAt` DATETIME NOT NULL);
Executing (default): INSERT INTO `Allocations_backup` SELECT `id`, `resourceType`, `resourceId`, `projectId`, `startDate`, `endDate`, `startTime`, `endTime`, `category`, `status`, `notes`, `createdAt`, `updatedAt` FROM `Allocations`;
Executing (default): DROP TABLE `Allocations`;
Executing (default): CREATE TABLE IF NOT EXISTS `Allocations` (`id` UUID UNIQUE PRIMARY KEY, `resourceType` TEXT NOT NULL, `resourceId` UUID NOT NULL, `projectId` UUID REFERENCES `Projects` (`id`) ON DELETE SET NULL ON UPDATE CASCADE, `startDate` DATE NOT NULL, `endDate` DATE NOT NULL, `startTime` TIME, `endTime` TIME, `category` TEXT DEFAULT 'project', `status` TEXT DEFAULT 'scheduled', `notes` TEXT, `createdAt` DATETIME NOT NULL, `updatedAt` DATETIME NOT NULL);
Executing (default): INSERT INTO `Allocations` SELECT `id`, `resourceType`, `resourceId`, `projectId`, `startDate`, `endDate`, `startTime`, `endTime`, `category`, `status`, `notes`, `createdAt`, `updatedAt` FROM `Allocations_backup`;
Executing (default): DROP TABLE `Allocations_backup`;
Executing (default): PRAGMA TABLE_INFO(`Allocations`);
Executing (default): PRAGMA INDEX_LIST(`Allocations`)
Executing (default): PRAGMA INDEX_INFO(`sqlite_autoindex_Allocations_1`)
Executing (default): PRAGMA foreign_key_list(`Allocations`)
Executing (default): CREATE TABLE IF NOT EXISTS `Allocations_backup` (`id` UUID UNIQUE PRIMARY KEY, `resourceType` TEXT NOT NULL, `resourceId` UUID NOT NULL, `projectId` UUID REFERENCES `Projects` (`id`), `startDate` DATE NOT NULL, `endDate` DATE NOT NULL, `startTime` TIME, `endTime` TIME, `category` TEXT DEFAULT 'project', `status` TEXT DEFAULT 'scheduled', `notes` TEXT, `createdAt` DATETIME NOT NULL, `updatedAt` DATETIME NOT NULL);
Executing (default): INSERT INTO `Allocations_backup` SELECT `id`, `resourceType`, `resourceId`, `projectId`, `startDate`, `endDate`, `startTime`, `endTime`, `category`, `status`, `notes`, `createdAt`, `updatedAt` FROM `Allocations`;
Executing (default): DROP TABLE `Allocations`;
Executing (default): CREATE TABLE IF NOT EXISTS `Allocations` (`id` UUID UNIQUE PRIMARY KEY, `resourceType` TEXT NOT NULL, `resourceId` UUID NOT NULL, `projectId` UUID REFERENCES `Projects` (`id`), `startDate` DATE NOT NULL, `endDate` DATE NOT NULL, `startTime` TIME, `endTime` TIME, `category` TEXT DEFAULT 'project', `status` TEXT DEFAULT 'scheduled', `notes` TEXT, `createdAt` DATETIME NOT NULL, `updatedAt` DATETIME NOT NULL);
Executing (default): INSERT INTO `Allocations` SELECT `id`, `resourceType`, `resourceId`, `projectId`, `startDate`, `endDate`, `startTime`, `endTime`, `category`, `status`, `notes`, `createdAt`, `updatedAt` FROM `Allocations_backup`;
Executing (default): DROP TABLE `Allocations_backup`;
Executing (default): PRAGMA TABLE_INFO(`Allocations`);
Executing (default): PRAGMA INDEX_LIST(`Allocations`)
Executing (default): PRAGMA INDEX_INFO(`sqlite_autoindex_Allocations_1`)
Executing (default): PRAGMA foreign_key_list(`Allocations`)
Executing (default): CREATE TABLE IF NOT EXISTS `Allocations_backup` (`id` UUID UNIQUE PRIMARY KEY, `resourceType` TEXT NOT NULL, `resourceId` UUID NOT NULL, `projectId` UUID REFERENCES `Projects` (`id`), `startDate` DATE NOT NULL, `endDate` DATE NOT NULL, `startTime` TIME, `endTime` TIME, `category` TEXT DEFAULT 'project', `status` TEXT DEFAULT 'scheduled', `notes` TEXT, `createdAt` DATETIME NOT NULL, `updatedAt` DATETIME NOT NULL);
Executing (default): INSERT INTO `Allocations_backup` SELECT `id`, `resourceType`, `resourceId`, `projectId`, `startDate`, `endDate`, `startTime`, `endTime`, `category`, `status`, `notes`, `createdAt`, `updatedAt` FROM `Allocations`;
Executing (default): DROP TABLE `Allocations`;
Executing (default): CREATE TABLE IF NOT EXISTS `Allocations` (`id` UUID UNIQUE PRIMARY KEY, `resourceType` TEXT NOT NULL, `resourceId` UUID NOT NULL, `projectId` UUID REFERENCES `Projects` (`id`), `startDate` DATE NOT NULL, `endDate` DATE NOT NULL, `startTime` TIME, `endTime` TIME, `category` TEXT DEFAULT 'project', `status` TEXT DEFAULT 'scheduled', `notes` TEXT, `createdAt` DATETIME NOT NULL, `updatedAt` DATETIME NOT NULL);
Executing (default): INSERT INTO `Allocations` SELECT `id`, `resourceType`, `resourceId`, `projectId`, `startDate`, `endDate`, `startTime`, `endTime`, `category`, `status`, `notes`, `createdAt`, `updatedAt` FROM `Allocations_backup`;
Executing (default): DROP TABLE `Allocations_backup`;
Executing (default): PRAGMA TABLE_INFO(`Allocations`);
Executing (default): PRAGMA INDEX_LIST(`Allocations`)
Executing (default): PRAGMA INDEX_INFO(`sqlite_autoindex_Allocations_1`)
Executing (default): PRAGMA foreign_key_list(`Allocations`)
Executing (default): CREATE TABLE IF NOT EXISTS `Allocations_backup` (`id` UUID UNIQUE PRIMARY KEY, `resourceType` TEXT NOT NULL, `resourceId` UUID NOT NULL, `projectId` UUID REFERENCES `Projects` (`id`), `startDate` DATE NOT NULL, `endDate` DATE NOT NULL, `startTime` TIME, `endTime` TIME, `category` TEXT DEFAULT 'project', `status` TEXT DEFAULT 'scheduled', `notes` TEXT, `createdAt` DATETIME NOT NULL, `updatedAt` DATETIME NOT NULL);
Executing (default): INSERT INTO `Allocations_backup` SELECT `id`, `resourceType`, `resourceId`, `projectId`, `startDate`, `endDate`, `startTime`, `endTime`, `category`, `status`, `notes`, `createdAt`, `updatedAt` FROM `Allocations`;
Executing (default): DROP TABLE `Allocations`;
Executing (default): CREATE TABLE IF NOT EXISTS `Allocations` (`id` UUID UNIQUE PRIMARY KEY, `resourceType` TEXT NOT NULL, `resourceId` UUID NOT NULL, `projectId` UUID REFERENCES `Projects` (`id`), `startDate` DATE NOT NULL, `endDate` DATE NOT NULL, `startTime` TIME, `endTime` TIME, `category` TEXT DEFAULT 'project', `status` TEXT DEFAULT 'scheduled', `notes` TEXT, `createdAt` DATETIME NOT NULL, `updatedAt` DATETIME NOT NULL);
Executing (default): INSERT INTO `Allocations` SELECT `id`, `resourceType`, `resourceId`, `projectId`, `startDate`, `endDate`, `startTime`, `endTime`, `category`, `status`, `notes`, `createdAt`, `updatedAt` FROM `Allocations_backup`;
Executing (default): DROP TABLE `Allocations_backup`;
Executing (default): PRAGMA TABLE_INFO(`Allocations`);
Executing (default): PRAGMA INDEX_LIST(`Allocations`)
Executing (default): PRAGMA INDEX_INFO(`sqlite_autoindex_Allocations_1`)
Executing (default): PRAGMA foreign_key_list(`Allocations`)
Executing (default): CREATE TABLE IF NOT EXISTS `Allocations_backup` (`id` UUID UNIQUE PRIMARY KEY, `resourceType` TEXT NOT NULL, `resourceId` UUID NOT NULL, `projectId` UUID REFERENCES `Projects` (`id`), `startDate` DATE NOT NULL, `endDate` DATE NOT NULL, `startTime` TIME, `endTime` TIME, `category` TEXT DEFAULT 'project', `status` TEXT DEFAULT 'scheduled', `notes` TEXT, `createdAt` DATETIME NOT NULL, `updatedAt` DATETIME NOT NULL);
Executing (default): INSERT INTO `Allocations_backup` SELECT `id`, `resourceType`, `resourceId`, `projectId`, `startDate`, `endDate`, `startTime`, `endTime`, `category`, `status`, `notes`, `createdAt`, `updatedAt` FROM `Allocations`;
Executing (default): DROP TABLE `Allocations`;
Executing (default): CREATE TABLE IF NOT EXISTS `Allocations` (`id` UUID UNIQUE PRIMARY KEY, `resourceType` TEXT NOT NULL, `resourceId` UUID NOT NULL, `projectId` UUID REFERENCES `Projects` (`id`), `startDate` DATE NOT NULL, `endDate` DATE NOT NULL, `startTime` TIME, `endTime` TIME, `category` TEXT DEFAULT 'project', `status` TEXT DEFAULT 'scheduled', `notes` TEXT, `createdAt` DATETIME NOT NULL, `updatedAt` DATETIME NOT NULL);
Executing (default): INSERT INTO `Allocations` SELECT `id`, `resourceType`, `resourceId`, `projectId`, `startDate`, `endDate`, `startTime`, `endTime`, `category`, `status`, `notes`, `createdAt`, `updatedAt` FROM `Allocations_backup`;
Executing (default): DROP TABLE `Allocations_backup`;
Executing (default): PRAGMA TABLE_INFO(`Allocations`);
Executing (default): PRAGMA INDEX_LIST(`Allocations`)
Executing (default): PRAGMA INDEX_INFO(`sqlite_autoindex_Allocations_1`)
Executing (default): PRAGMA foreign_key_list(`Allocations`)
Executing (default): CREATE TABLE IF NOT EXISTS `Allocations_backup` (`id` UUID UNIQUE PRIMARY KEY, `resourceType` TEXT NOT NULL, `resourceId` UUID NOT NULL, `projectId` UUID REFERENCES `Projects` (`id`), `startDate` DATE NOT NULL, `endDate` DATE NOT NULL, `startTime` TIME, `endTime` TIME, `category` TEXT DEFAULT 'project', `status` TEXT DEFAULT 'scheduled', `notes` TEXT, `createdAt` DATETIME NOT NULL, `updatedAt` DATETIME NOT NULL);
Executing (default): INSERT INTO `Allocations_backup` SELECT `id`, `resourceType`, `resourceId`, `projectId`, `startDate`, `endDate`, `startTime`, `endTime`, `category`, `status`, `notes`, `createdAt`, `updatedAt` FROM `Allocations`;
Executing (default): DROP TABLE `Allocations`;
Executing (default): CREATE TABLE IF NOT EXISTS `Allocations` (`id` UUID UNIQUE PRIMARY KEY, `resourceType` TEXT NOT NULL, `resourceId` UUID NOT NULL, `projectId` UUID REFERENCES `Projects` (`id`), `startDate` DATE NOT NULL, `endDate` DATE NOT NULL, `startTime` TIME, `endTime` TIME, `category` TEXT DEFAULT 'project', `status` TEXT DEFAULT 'scheduled', `notes` TEXT, `createdAt` DATETIME NOT NULL, `updatedAt` DATETIME NOT NULL);
Executing (default): INSERT INTO `Allocations` SELECT `id`, `resourceType`, `resourceId`, `projectId`, `startDate`, `endDate`, `startTime`, `endTime`, `category`, `status`, `notes`, `createdAt`, `updatedAt` FROM `Allocations_backup`;
Executing (default): DROP TABLE `Allocations_backup`;
Executing (default): PRAGMA TABLE_INFO(`Allocations`);
Executing (default): PRAGMA INDEX_LIST(`Allocations`)
Executing (default): PRAGMA INDEX_INFO(`sqlite_autoindex_Allocations_1`)
Executing (default): PRAGMA foreign_key_list(`Allocations`)
Executing (default): CREATE TABLE IF NOT EXISTS `Allocations_backup` (`id` UUID UNIQUE PRIMARY KEY, `resourceType` TEXT NOT NULL, `resourceId` UUID NOT NULL, `projectId` UUID REFERENCES `Projects` (`id`), `startDate` DATE NOT NULL, `endDate` DATE NOT NULL, `startTime` TIME, `endTime` TIME, `category` TEXT DEFAULT 'project', `status` TEXT DEFAULT 'scheduled', `notes` TEXT, `createdAt` DATETIME NOT NULL, `updatedAt` DATETIME NOT NULL);
Executing (default): INSERT INTO `Allocations_backup` SELECT `id`, `resourceType`, `resourceId`, `projectId`, `startDate`, `endDate`, `startTime`, `endTime`, `category`, `status`, `notes`, `createdAt`, `updatedAt` FROM `Allocations`;
Executing (default): DROP TABLE `Allocations`;
Executing (default): CREATE TABLE IF NOT EXISTS `Allocations` (`id` UUID UNIQUE PRIMARY KEY, `resourceType` TEXT NOT NULL, `resourceId` UUID NOT NULL, `projectId` UUID REFERENCES `Projects` (`id`), `startDate` DATE NOT NULL, `endDate` DATE NOT NULL, `startTime` TIME, `endTime` TIME, `category` TEXT DEFAULT 'project', `status` TEXT DEFAULT 'scheduled', `notes` TEXT, `createdAt` DATETIME NOT NULL, `updatedAt` DATETIME NOT NULL);
Executing (default): INSERT INTO `Allocations` SELECT `id`, `resourceType`, `resourceId`, `projectId`, `startDate`, `endDate`, `startTime`, `endTime`, `category`, `status`, `notes`, `createdAt`, `updatedAt` FROM `Allocations_backup`;
Executing (default): DROP TABLE `Allocations_backup`;
Executing (default): PRAGMA TABLE_INFO(`Allocations`);
Executing (default): PRAGMA INDEX_LIST(`Allocations`)
Executing (default): PRAGMA INDEX_INFO(`sqlite_autoindex_Allocations_1`)
Executing (default): PRAGMA foreign_key_list(`Allocations`)
Executing (default): CREATE TABLE IF NOT EXISTS `Allocations_backup` (`id` UUID UNIQUE PRIMARY KEY, `resourceType` TEXT NOT NULL, `resourceId` UUID NOT NULL, `projectId` UUID REFERENCES `Projects` (`id`), `startDate` DATE NOT NULL, `endDate` DATE NOT NULL, `startTime` TIME, `endTime` TIME, `category` TEXT DEFAULT 'project', `status` TEXT DEFAULT 'scheduled', `notes` TEXT, `createdAt` DATETIME NOT NULL, `updatedAt` DATETIME NOT NULL);
Executing (default): INSERT INTO `Allocations_backup` SELECT `id`, `resourceType`, `resourceId`, `projectId`, `startDate`, `endDate`, `startTime`, `endTime`, `category`, `status`, `notes`, `createdAt`, `updatedAt` FROM `Allocations`;
Executing (default): DROP TABLE `Allocations`;
Executing (default): CREATE TABLE IF NOT EXISTS `Allocations` (`id` UUID UNIQUE PRIMARY KEY, `resourceType` TEXT NOT NULL, `resourceId` UUID NOT NULL, `projectId` UUID REFERENCES `Projects` (`id`), `startDate` DATE NOT NULL, `endDate` DATE NOT NULL, `startTime` TIME, `endTime` TIME, `category` TEXT DEFAULT 'project', `status` TEXT DEFAULT 'scheduled', `notes` TEXT, `createdAt` DATETIME NOT NULL, `updatedAt` DATETIME NOT NULL);
Executing (default): INSERT INTO `Allocations` SELECT `id`, `resourceType`, `resourceId`, `projectId`, `startDate`, `endDate`, `startTime`, `endTime`, `category`, `status`, `notes`, `createdAt`, `updatedAt` FROM `Allocations_backup`;
Executing (default): DROP TABLE `Allocations_backup`;
Executing (default): PRAGMA TABLE_INFO(`Allocations`);
Executing (default): PRAGMA INDEX_LIST(`Allocations`)
Executing (default): PRAGMA INDEX_INFO(`sqlite_autoindex_Allocations_1`)
Executing (default): PRAGMA foreign_key_list(`Allocations`)
Executing (default): CREATE TABLE IF NOT EXISTS `Allocations_backup` (`id` UUID UNIQUE PRIMARY KEY, `resourceType` TEXT NOT NULL, `resourceId` UUID NOT NULL, `projectId` UUID REFERENCES `Projects` (`id`), `startDate` DATE NOT NULL, `endDate` DATE NOT NULL, `startTime` TIME, `endTime` TIME, `category` TEXT DEFAULT 'project', `status` TEXT DEFAULT 'scheduled', `notes` TEXT, `createdAt` DATETIME NOT NULL, `updatedAt` DATETIME NOT NULL);
Executing (default): INSERT INTO `Allocations_backup` SELECT `id`, `resourceType`, `resourceId`, `projectId`, `startDate`, `endDate`, `startTime`, `endTime`, `category`, `status`, `notes`, `createdAt`, `updatedAt` FROM `Allocations`;
Executing (default): DROP TABLE `Allocations`;
Executing (default): CREATE TABLE IF NOT EXISTS `Allocations` (`id` UUID UNIQUE PRIMARY KEY, `resourceType` TEXT NOT NULL, `resourceId` UUID NOT NULL, `projectId` UUID REFERENCES `Projects` (`id`), `startDate` DATE NOT NULL, `endDate` DATE NOT NULL, `startTime` TIME, `endTime` TIME, `category` TEXT DEFAULT 'project', `status` TEXT DEFAULT 'scheduled', `notes` TEXT, `createdAt` DATETIME NOT NULL, `updatedAt` DATETIME NOT NULL);
Executing (default): INSERT INTO `Allocations` SELECT `id`, `resourceType`, `resourceId`, `projectId`, `startDate`, `endDate`, `startTime`, `endTime`, `category`, `status`, `notes`, `createdAt`, `updatedAt` FROM `Allocations_backup`;
Executing (default): DROP TABLE `Allocations_backup`;
Executing (default): PRAGMA TABLE_INFO(`Allocations`);
Executing (default): PRAGMA INDEX_LIST(`Allocations`)
Executing (default): PRAGMA INDEX_INFO(`sqlite_autoindex_Allocations_1`)
Executing (default): PRAGMA foreign_key_list(`Allocations`)
Executing (default): CREATE TABLE IF NOT EXISTS `Allocations_backup` (`id` UUID UNIQUE PRIMARY KEY, `resourceType` TEXT NOT NULL, `resourceId` UUID NOT NULL, `projectId` UUID REFERENCES `Projects` (`id`), `startDate` DATE NOT NULL, `endDate` DATE NOT NULL, `startTime` TIME, `endTime` TIME, `category` TEXT DEFAULT 'project', `status` TEXT DEFAULT 'scheduled', `notes` TEXT, `createdAt` DATETIME NOT NULL, `updatedAt` DATETIME NOT NULL);
Executing (default): INSERT INTO `Allocations_backup` SELECT `id`, `resourceType`, `resourceId`, `projectId`, `startDate`, `endDate`, `startTime`, `endTime`, `category`, `status`, `notes`, `createdAt`, `updatedAt` FROM `Allocations`;
Executing (default): DROP TABLE `Allocations`;
Executing (default): CREATE TABLE IF NOT EXISTS `Allocations` (`id` UUID UNIQUE PRIMARY KEY, `resourceType` TEXT NOT NULL, `resourceId` UUID NOT NULL, `projectId` UUID REFERENCES `Projects` (`id`), `startDate` DATE NOT NULL, `endDate` DATE NOT NULL, `startTime` TIME, `endTime` TIME, `category` TEXT DEFAULT 'project', `status` TEXT DEFAULT 'scheduled', `notes` TEXT, `createdAt` DATETIME NOT NULL, `updatedAt` DATETIME NOT NULL);
Executing (default): INSERT INTO `Allocations` SELECT `id`, `resourceType`, `resourceId`, `projectId`, `startDate`, `endDate`, `startTime`, `endTime`, `category`, `status`, `notes`, `createdAt`, `updatedAt` FROM `Allocations_backup`;
Executing (default): DROP TABLE `Allocations_backup`;
Executing (default): PRAGMA INDEX_LIST(`Allocations`)
Executing (default): PRAGMA INDEX_INFO(`sqlite_autoindex_Allocations_1`)
Executing (default): SELECT name FROM sqlite_master WHERE type='table' AND name='AuditLogs';
Executing (default): PRAGMA TABLE_INFO(`AuditLogs`);
Executing (default): PRAGMA foreign_key_list(`AuditLogs`)
Executing (default): PRAGMA INDEX_LIST(`AuditLogs`)
Executing (default): PRAGMA INDEX_INFO(`sqlite_autoindex_AuditLogs_1`)
Executing (default): PRAGMA foreign_key_list(`AuditLogs`)
Executing (default): PRAGMA TABLE_INFO(`AuditLogs`);
Executing (default): PRAGMA INDEX_LIST(`AuditLogs`)
Executing (default): PRAGMA INDEX_INFO(`sqlite_autoindex_AuditLogs_1`)
Executing (default): PRAGMA foreign_key_list(`AuditLogs`)
Executing (default): CREATE TABLE IF NOT EXISTS `AuditLogs_backup` (`id` UUID UNIQUE PRIMARY KEY, `userId` UUID REFERENCES `Users` (`id`) ON DELETE SET NULL ON UPDATE CASCADE, `action` VARCHAR(255) NOT NULL, `entity` VARCHAR(255) NOT NULL, `entityId` VARCHAR(255), `details` JSON, `ipAddress` VARCHAR(255), `createdAt` DATETIME NOT NULL);
Executing (default): INSERT INTO `AuditLogs_backup` SELECT `id`, `userId`, `action`, `entity`, `entityId`, `details`, `ipAddress`, `createdAt` FROM `AuditLogs`;
Executing (default): DROP TABLE `AuditLogs`;
Executing (default): CREATE TABLE IF NOT EXISTS `AuditLogs` (`id` UUID UNIQUE PRIMARY KEY, `userId` UUID REFERENCES `Users` (`id`) ON DELETE SET NULL ON UPDATE CASCADE, `action` VARCHAR(255) NOT NULL, `entity` VARCHAR(255) NOT NULL, `entityId` VARCHAR(255), `details` JSON, `ipAddress` VARCHAR(255), `createdAt` DATETIME NOT NULL);
Executing (default): SELECT `id`, `username`, `email`, `password`, `role`, `createdAt`, `updatedAt` FROM `Users` AS `User` WHERE `User`.`email` = 'admin@masterdiary.com';
Executing (default): INSERT INTO `AuditLogs` SELECT `id`, `userId`, `action`, `entity`, `entityId`, `details`, `ipAddress`, `createdAt` FROM `AuditLogs_backup`;
Executing (default): DROP TABLE `AuditLogs_backup`;
Executing (default): SELECT count(*) AS `count` FROM `Nodes` AS `Node`;
Executing (default): SELECT count(*) AS `count` FROM `Equipment` AS `Equipment`;
Executing (default): SELECT `Project`.`id`, `Project`.`name`, `Project`.`client`, `Project`.`clientId`, `Project`.`status`, `Project`.`value`, `Project`.`description`, `Project`.`startDate`, `Project`.`endDate`, `Project`.`site`, `Project`.`userId`, `Project`.`latitude`, `Project`.`longitude`, `Project`.`version`, `Project`.`createdAt`, `Project`.`updatedAt` FROM `Projects` AS `Project`;
Executing (default): SELECT `id`, `name`, `role`, `userId`, `payRateBase`, `payRateOT1`, `payRateOT2`, `chargeOutBase`, `chargeOutOT1`, `chargeOutOT2`, `payRateNight`, `chargeOutNight`, `allowances`, `fatigueLevel`, `skillTags`, `historicalPerformance`, `createdAt`, `updatedAt` FROM `Staff` AS `Staff`;
Executing (default): SELECT `id`, `diaryId`, `projectId`, `clientId`, `invoiceType`, `invoiceNumber`, `invoiceData`, `totalAmount`, `pdfUrl`, `status`, `dueDate`, `notes`, `createdAt`, `updatedAt` FROM `Invoices` AS `Invoice`;
Executing (default): SELECT `id`, `name`, `company`, `email`, `phone`, `address`, `notes`, `status`, `tags`, `createdAt`, `updatedAt` FROM `Clients` AS `Client`;
Executing (default): SELECT `id`, `resourceType`, `resourceId`, `projectId`, `startDate`, `endDate`, `startTime`, `endTime`, `category`, `status`, `notes`, `createdAt`, `updatedAt` FROM `Allocations` AS `Allocation` WHERE `Allocation`.`status` = 'active';
Executing (default): PRAGMA TABLE_INFO(`AuditLogs`);
Executing (default): PRAGMA INDEX_LIST(`AuditLogs`)
Executing (default): SELECT `Diary`.* FROM (SELECT * FROM (SELECT `id`, `date`, `projectId`, `clientId`, `workerId`, `jobId`, `invoiceId`, `start`, `finish`, `breakMins`, `totalHours`, `ordinaryHours`, `ot1Hours`, `ot2Hours`, `costs`, `revenues`, `marginPct`, `canvasData`, `additionalCosts`, `attachments`, `gpsData`, `weatherData`, `totalCost`, `totalRevenue`, `productivityScore`, `notes`, `diaryType`, `version`, `createdAt`, `updatedAt` FROM `Diaries` AS `Diary` WHERE `Diary`.`projectId` = '770ae3d5-309e-4f4c-bf40-52f2217b6bc1' ORDER BY `Diary`.`date` DESC LIMIT 5) AS sub UNION SELECT * FROM (SELECT `id`, `date`, `projectId`, `clientId`, `workerId`, `jobId`, `invoiceId`, `start`, `finish`, `breakMins`, `totalHours`, `ordinaryHours`, `ot1Hours`, `ot2Hours`, `costs`, `revenues`, `marginPct`, `canvasData`, `additionalCosts`, `attachments`, `gpsData`, `weatherData`, `totalCost`, `totalRevenue`, `productivityScore`, `notes`, `diaryType`, `version`, `createdAt`, `updatedAt` FROM `Diaries` AS `Diary` WHERE `Diary`.`projectId` = '38b29d9e-2d5e-4fa6-a7f2-b9cf0949915a' ORDER BY `Diary`.`date` DESC LIMIT 5) AS sub UNION SELECT * FROM (SELECT `id`, `date`, `projectId`, `clientId`, `workerId`, `jobId`, `invoiceId`, `start`, `finish`, `breakMins`, `totalHours`, `ordinaryHours`, `ot1Hours`, `ot2Hours`, `costs`, `revenues`, `marginPct`, `canvasData`, `additionalCosts`, `attachments`, `gpsData`, `weatherData`, `totalCost`, `totalRevenue`, `productivityScore`, `notes`, `diaryType`, `version`, `createdAt`, `updatedAt` FROM `Diaries` AS `Diary` WHERE `Diary`.`projectId` = '8f9ceb10-e296-4ec2-bcf1-55c8112dd903' ORDER BY `Diary`.`date` DESC LIMIT 5) AS sub UNION SELECT * FROM (SELECT `id`, `date`, `projectId`, `clientId`, `workerId`, `jobId`, `invoiceId`, `start`, `finish`, `breakMins`, `totalHours`, `ordinaryHours`, `ot1Hours`, `ot2Hours`, `costs`, `revenues`, `marginPct`, `canvasData`, `additionalCosts`, `attachments`, `gpsData`, `weatherData`, `totalCost`, `totalRevenue`, `productivityScore`, `notes`, `diaryType`, `version`, `createdAt`, `updatedAt` FROM `Diaries` AS `Diary` WHERE `Diary`.`projectId` = '6543d753-eebd-4cd4-84d1-b8290bbe2936' ORDER BY `Diary`.`date` DESC LIMIT 5) AS sub UNION SELECT * FROM (SELECT `id`, `date`, `projectId`, `clientId`, `workerId`, `jobId`, `invoiceId`, `start`, `finish`, `breakMins`, `totalHours`, `ordinaryHours`, `ot1Hours`, `ot2Hours`, `costs`, `revenues`, `marginPct`, `canvasData`, `additionalCosts`, `attachments`, `gpsData`, `weatherData`, `totalCost`, `totalRevenue`, `productivityScore`, `notes`, `diaryType`, `version`, `createdAt`, `updatedAt` FROM `Diaries` AS `Diary` WHERE `Diary`.`projectId` = '36e11af6-1119-4c40-b6ee-ae9bffbeaff3' ORDER BY `Diary`.`date` DESC LIMIT 5) AS sub UNION SELECT * FROM (SELECT `id`, `date`, `projectId`, `clientId`, `workerId`, `jobId`, `invoiceId`, `start`, `finish`, `breakMins`, `totalHours`, `ordinaryHours`, `ot1Hours`, `ot2Hours`, `costs`, `revenues`, `marginPct`, `canvasData`, `additionalCosts`, `attachments`, `gpsData`, `weatherData`, `totalCost`, `totalRevenue`, `productivityScore`, `notes`, `diaryType`, `version`, `createdAt`, `updatedAt` FROM `Diaries` AS `Diary` WHERE `Diary`.`projectId` = 'dead99df-f7c0-42f3-b591-f17427663bbc' ORDER BY `Diary`.`date` DESC LIMIT 5) AS sub UNION SELECT * FROM (SELECT `id`, `date`, `projectId`, `clientId`, `workerId`, `jobId`, `invoiceId`, `start`, `finish`, `breakMins`, `totalHours`, `ordinaryHours`, `ot1Hours`, `ot2Hours`, `costs`, `revenues`, `marginPct`, `canvasData`, `additionalCosts`, `attachments`, `gpsData`, `weatherData`, `totalCost`, `totalRevenue`, `productivityScore`, `notes`, `diaryType`, `version`, `createdAt`, `updatedAt` FROM `Diaries` AS `Diary` WHERE `Diary`.`projectId` = '690a79be-1b26-492b-bb96-1ee29a844354' ORDER BY `Diary`.`date` DESC LIMIT 5) AS sub) AS `Diary`;
Executing (default): PRAGMA INDEX_INFO(`sqlite_autoindex_AuditLogs_1`)
Executing (default): PRAGMA foreign_key_list(`AuditLogs`)
Executing (default): SELECT sum(`totalRevenue`) AS `sum` FROM `Quotes` AS `Quote` WHERE `Quote`.`status` = 'approved';
Executing (default): CREATE TABLE IF NOT EXISTS `AuditLogs_backup` (`id` UUID UNIQUE PRIMARY KEY, `userId` UUID REFERENCES `Users` (`id`), `action` VARCHAR(255) NOT NULL, `entity` VARCHAR(255) NOT NULL, `entityId` VARCHAR(255), `details` JSON, `ipAddress` VARCHAR(255), `createdAt` DATETIME NOT NULL);
Executing (default): INSERT INTO `AuditLogs_backup` SELECT `id`, `userId`, `action`, `entity`, `entityId`, `details`, `ipAddress`, `createdAt` FROM `AuditLogs`;
Executing (default): SELECT sum(`totalCost`) AS `sum` FROM `Diaries` AS `Diary`;
Executing (default): DROP TABLE `AuditLogs`;
Executing (default): CREATE TABLE IF NOT EXISTS `AuditLogs` (`id` UUID UNIQUE PRIMARY KEY, `userId` UUID REFERENCES `Users` (`id`), `action` VARCHAR(255) NOT NULL, `entity` VARCHAR(255) NOT NULL, `entityId` VARCHAR(255), `details` JSON, `ipAddress` VARCHAR(255), `createdAt` DATETIME NOT NULL);
Executing (default): SELECT `notes` FROM `Diaries` AS `Diary` LIMIT 50;
Executing (default): INSERT INTO `AuditLogs` SELECT `id`, `userId`, `action`, `entity`, `entityId`, `details`, `ipAddress`, `createdAt` FROM `AuditLogs_backup`;
Executing (default): DROP TABLE `AuditLogs_backup`;
Executing (default): SELECT `id`, `name`, `category`, `unit`, `pricePerUnit`, `stockQuantity`, `userId`, `createdAt`, `updatedAt` FROM `Nodes` AS `Node` WHERE `Node`.`category` = 'material' ORDER BY `Node`.`pricePerUnit` DESC LIMIT 10;
Executing (default): PRAGMA TABLE_INFO(`AuditLogs`);
Executing (default): PRAGMA INDEX_LIST(`AuditLogs`)
Executing (default): SELECT `notes`, `totalCost`, `totalRevenue`, `date` FROM `Diaries` AS `Diary` ORDER BY `Diary`.`date` DESC LIMIT 20;
Executing (default): PRAGMA INDEX_INFO(`sqlite_autoindex_AuditLogs_1`)
Executing (default): PRAGMA foreign_key_list(`AuditLogs`)
Executing (default): SELECT `id`, `type`, `title`, `description`, `isRead`, `relatedModel`, `relatedId`, `priority`, `createdAt`, `updatedAt` FROM `Insights` AS `Insight` WHERE `Insight`.`type` = 'recommendation' ORDER BY `Insight`.`createdAt` DESC LIMIT 5;
Executing (default): CREATE TABLE IF NOT EXISTS `AuditLogs_backup` (`id` UUID UNIQUE PRIMARY KEY, `userId` UUID REFERENCES `Users` (`id`), `action` VARCHAR(255) NOT NULL, `entity` VARCHAR(255) NOT NULL, `entityId` VARCHAR(255), `details` JSON, `ipAddress` VARCHAR(255), `createdAt` DATETIME NOT NULL);
Executing (default): INSERT INTO `AuditLogs_backup` SELECT `id`, `userId`, `action`, `entity`, `entityId`, `details`, `ipAddress`, `createdAt` FROM `AuditLogs`;
Executing (default): SELECT count(*) AS `count` FROM `Nodes` AS `Node`;
Executing (default): SELECT count(*) AS `count` FROM `Equipment` AS `Equipment`;
Executing (default): SELECT `Project`.`id`, `Project`.`name`, `Project`.`client`, `Project`.`clientId`, `Project`.`status`, `Project`.`value`, `Project`.`description`, `Project`.`startDate`, `Project`.`endDate`, `Project`.`site`, `Project`.`userId`, `Project`.`latitude`, `Project`.`longitude`, `Project`.`version`, `Project`.`createdAt`, `Project`.`updatedAt` FROM `Projects` AS `Project`;
Executing (default): SELECT `id`, `name`, `role`, `userId`, `payRateBase`, `payRateOT1`, `payRateOT2`, `chargeOutBase`, `chargeOutOT1`, `chargeOutOT2`, `payRateNight`, `chargeOutNight`, `allowances`, `fatigueLevel`, `skillTags`, `historicalPerformance`, `createdAt`, `updatedAt` FROM `Staff` AS `Staff`;
Executing (default): SELECT `id`, `diaryId`, `projectId`, `clientId`, `invoiceType`, `invoiceNumber`, `invoiceData`, `totalAmount`, `pdfUrl`, `status`, `dueDate`, `notes`, `createdAt`, `updatedAt` FROM `Invoices` AS `Invoice`;
Executing (default): SELECT `id`, `name`, `company`, `email`, `phone`, `address`, `notes`, `status`, `tags`, `createdAt`, `updatedAt` FROM `Clients` AS `Client`;
Executing (default): SELECT `id`, `resourceType`, `resourceId`, `projectId`, `startDate`, `endDate`, `startTime`, `endTime`, `category`, `status`, `notes`, `createdAt`, `updatedAt` FROM `Allocations` AS `Allocation` WHERE `Allocation`.`status` = 'active';
Executing (default): DROP TABLE `AuditLogs`;
Executing (default): CREATE TABLE IF NOT EXISTS `AuditLogs` (`id` UUID UNIQUE PRIMARY KEY, `userId` UUID REFERENCES `Users` (`id`), `action` VARCHAR(255) NOT NULL, `entity` VARCHAR(255) NOT NULL, `entityId` VARCHAR(255), `details` JSON, `ipAddress` VARCHAR(255), `createdAt` DATETIME NOT NULL);
Executing (default): SELECT `Diary`.* FROM (SELECT * FROM (SELECT `id`, `date`, `projectId`, `clientId`, `workerId`, `jobId`, `invoiceId`, `start`, `finish`, `breakMins`, `totalHours`, `ordinaryHours`, `ot1Hours`, `ot2Hours`, `costs`, `revenues`, `marginPct`, `canvasData`, `additionalCosts`, `attachments`, `gpsData`, `weatherData`, `totalCost`, `totalRevenue`, `productivityScore`, `notes`, `diaryType`, `version`, `createdAt`, `updatedAt` FROM `Diaries` AS `Diary` WHERE `Diary`.`projectId` = '770ae3d5-309e-4f4c-bf40-52f2217b6bc1' ORDER BY `Diary`.`date` DESC LIMIT 5) AS sub UNION SELECT * FROM (SELECT `id`, `date`, `projectId`, `clientId`, `workerId`, `jobId`, `invoiceId`, `start`, `finish`, `breakMins`, `totalHours`, `ordinaryHours`, `ot1Hours`, `ot2Hours`, `costs`, `revenues`, `marginPct`, `canvasData`, `additionalCosts`, `attachments`, `gpsData`, `weatherData`, `totalCost`, `totalRevenue`, `productivityScore`, `notes`, `diaryType`, `version`, `createdAt`, `updatedAt` FROM `Diaries` AS `Diary` WHERE `Diary`.`projectId` = '38b29d9e-2d5e-4fa6-a7f2-b9cf0949915a' ORDER BY `Diary`.`date` DESC LIMIT 5) AS sub UNION SELECT * FROM (SELECT `id`, `date`, `projectId`, `clientId`, `workerId`, `jobId`, `invoiceId`, `start`, `finish`, `breakMins`, `totalHours`, `ordinaryHours`, `ot1Hours`, `ot2Hours`, `costs`, `revenues`, `marginPct`, `canvasData`, `additionalCosts`, `attachments`, `gpsData`, `weatherData`, `totalCost`, `totalRevenue`, `productivityScore`, `notes`, `diaryType`, `version`, `createdAt`, `updatedAt` FROM `Diaries` AS `Diary` WHERE `Diary`.`projectId` = '8f9ceb10-e296-4ec2-bcf1-55c8112dd903' ORDER BY `Diary`.`date` DESC LIMIT 5) AS sub UNION SELECT * FROM (SELECT `id`, `date`, `projectId`, `clientId`, `workerId`, `jobId`, `invoiceId`, `start`, `finish`, `breakMins`, `totalHours`, `ordinaryHours`, `ot1Hours`, `ot2Hours`, `costs`, `revenues`, `marginPct`, `canvasData`, `additionalCosts`, `attachments`, `gpsData`, `weatherData`, `totalCost`, `totalRevenue`, `productivityScore`, `notes`, `diaryType`, `version`, `createdAt`, `updatedAt` FROM `Diaries` AS `Diary` WHERE `Diary`.`projectId` = '6543d753-eebd-4cd4-84d1-b8290bbe2936' ORDER BY `Diary`.`date` DESC LIMIT 5) AS sub UNION SELECT * FROM (SELECT `id`, `date`, `projectId`, `clientId`, `workerId`, `jobId`, `invoiceId`, `start`, `finish`, `breakMins`, `totalHours`, `ordinaryHours`, `ot1Hours`, `ot2Hours`, `costs`, `revenues`, `marginPct`, `canvasData`, `additionalCosts`, `attachments`, `gpsData`, `weatherData`, `totalCost`, `totalRevenue`, `productivityScore`, `notes`, `diaryType`, `version`, `createdAt`, `updatedAt` FROM `Diaries` AS `Diary` WHERE `Diary`.`projectId` = '36e11af6-1119-4c40-b6ee-ae9bffbeaff3' ORDER BY `Diary`.`date` DESC LIMIT 5) AS sub UNION SELECT * FROM (SELECT `id`, `date`, `projectId`, `clientId`, `workerId`, `jobId`, `invoiceId`, `start`, `finish`, `breakMins`, `totalHours`, `ordinaryHours`, `ot1Hours`, `ot2Hours`, `costs`, `revenues`, `marginPct`, `canvasData`, `additionalCosts`, `attachments`, `gpsData`, `weatherData`, `totalCost`, `totalRevenue`, `productivityScore`, `notes`, `diaryType`, `version`, `createdAt`, `updatedAt` FROM `Diaries` AS `Diary` WHERE `Diary`.`projectId` = 'dead99df-f7c0-42f3-b591-f17427663bbc' ORDER BY `Diary`.`date` DESC LIMIT 5) AS sub UNION SELECT * FROM (SELECT `id`, `date`, `projectId`, `clientId`, `workerId`, `jobId`, `invoiceId`, `start`, `finish`, `breakMins`, `totalHours`, `ordinaryHours`, `ot1Hours`, `ot2Hours`, `costs`, `revenues`, `marginPct`, `canvasData`, `additionalCosts`, `attachments`, `gpsData`, `weatherData`, `totalCost`, `totalRevenue`, `productivityScore`, `notes`, `diaryType`, `version`, `createdAt`, `updatedAt` FROM `Diaries` AS `Diary` WHERE `Diary`.`projectId` = '690a79be-1b26-492b-bb96-1ee29a844354' ORDER BY `Diary`.`date` DESC LIMIT 5) AS sub) AS `Diary`;
Executing (default): INSERT INTO `AuditLogs` SELECT `id`, `userId`, `action`, `entity`, `entityId`, `details`, `ipAddress`, `createdAt` FROM `AuditLogs_backup`;
Executing (default): DROP TABLE `AuditLogs_backup`;
Executing (default): SELECT sum(`totalRevenue`) AS `sum` FROM `Quotes` AS `Quote` WHERE `Quote`.`status` = 'approved';
Executing (default): PRAGMA TABLE_INFO(`AuditLogs`);
Executing (default): PRAGMA INDEX_LIST(`AuditLogs`)
Executing (default): SELECT sum(`totalCost`) AS `sum` FROM `Diaries` AS `Diary`;
Executing (default): PRAGMA INDEX_INFO(`sqlite_autoindex_AuditLogs_1`)
Executing (default): PRAGMA foreign_key_list(`AuditLogs`)
Executing (default): SELECT `notes` FROM `Diaries` AS `Diary` LIMIT 50;
Executing (default): CREATE TABLE IF NOT EXISTS `AuditLogs_backup` (`id` UUID UNIQUE PRIMARY KEY, `userId` UUID REFERENCES `Users` (`id`), `action` VARCHAR(255) NOT NULL, `entity` VARCHAR(255) NOT NULL, `entityId` VARCHAR(255), `details` JSON, `ipAddress` VARCHAR(255), `createdAt` DATETIME NOT NULL);
Executing (default): INSERT INTO `AuditLogs_backup` SELECT `id`, `userId`, `action`, `entity`, `entityId`, `details`, `ipAddress`, `createdAt` FROM `AuditLogs`;
Executing (default): SELECT `id`, `name`, `category`, `unit`, `pricePerUnit`, `stockQuantity`, `userId`, `createdAt`, `updatedAt` FROM `Nodes` AS `Node` WHERE `Node`.`category` = 'material' ORDER BY `Node`.`pricePerUnit` DESC LIMIT 10;
Executing (default): DROP TABLE `AuditLogs`;
Executing (default): CREATE TABLE IF NOT EXISTS `AuditLogs` (`id` UUID UNIQUE PRIMARY KEY, `userId` UUID REFERENCES `Users` (`id`), `action` VARCHAR(255) NOT NULL, `entity` VARCHAR(255) NOT NULL, `entityId` VARCHAR(255), `details` JSON, `ipAddress` VARCHAR(255), `createdAt` DATETIME NOT NULL);
Executing (default): SELECT `notes`, `totalCost`, `totalRevenue`, `date` FROM `Diaries` AS `Diary` ORDER BY `Diary`.`date` DESC LIMIT 20;
Executing (default): INSERT INTO `AuditLogs` SELECT `id`, `userId`, `action`, `entity`, `entityId`, `details`, `ipAddress`, `createdAt` FROM `AuditLogs_backup`;
Executing (default): DROP TABLE `AuditLogs_backup`;
Executing (default): PRAGMA TABLE_INFO(`AuditLogs`);
Executing (default): PRAGMA INDEX_LIST(`AuditLogs`)
Executing (default): PRAGMA INDEX_INFO(`sqlite_autoindex_AuditLogs_1`)
Executing (default): PRAGMA foreign_key_list(`AuditLogs`)
Executing (default): CREATE TABLE IF NOT EXISTS `AuditLogs_backup` (`id` UUID UNIQUE PRIMARY KEY, `userId` UUID REFERENCES `Users` (`id`), `action` VARCHAR(255) NOT NULL, `entity` VARCHAR(255) NOT NULL, `entityId` VARCHAR(255), `details` JSON, `ipAddress` VARCHAR(255), `createdAt` DATETIME NOT NULL);
Executing (default): INSERT INTO `AuditLogs_backup` SELECT `id`, `userId`, `action`, `entity`, `entityId`, `details`, `ipAddress`, `createdAt` FROM `AuditLogs`;
Executing (default): DROP TABLE `AuditLogs`;
Executing (default): CREATE TABLE IF NOT EXISTS `AuditLogs` (`id` UUID UNIQUE PRIMARY KEY, `userId` UUID REFERENCES `Users` (`id`), `action` VARCHAR(255) NOT NULL, `entity` VARCHAR(255) NOT NULL, `entityId` VARCHAR(255), `details` JSON, `ipAddress` VARCHAR(255), `createdAt` DATETIME NOT NULL);
Executing (default): INSERT INTO `AuditLogs` SELECT `id`, `userId`, `action`, `entity`, `entityId`, `details`, `ipAddress`, `createdAt` FROM `AuditLogs_backup`;
Executing (default): DROP TABLE `AuditLogs_backup`;
Executing (default): PRAGMA TABLE_INFO(`AuditLogs`);
Executing (default): PRAGMA INDEX_LIST(`AuditLogs`)
Executing (default): PRAGMA INDEX_INFO(`sqlite_autoindex_AuditLogs_1`)
Executing (default): PRAGMA foreign_key_list(`AuditLogs`)
Executing (default): CREATE TABLE IF NOT EXISTS `AuditLogs_backup` (`id` UUID UNIQUE PRIMARY KEY, `userId` UUID REFERENCES `Users` (`id`), `action` VARCHAR(255) NOT NULL, `entity` VARCHAR(255) NOT NULL, `entityId` VARCHAR(255), `details` JSON, `ipAddress` VARCHAR(255), `createdAt` DATETIME NOT NULL);
Executing (default): INSERT INTO `AuditLogs_backup` SELECT `id`, `userId`, `action`, `entity`, `entityId`, `details`, `ipAddress`, `createdAt` FROM `AuditLogs`;
Executing (default): DROP TABLE `AuditLogs`;
Executing (default): CREATE TABLE IF NOT EXISTS `AuditLogs` (`id` UUID UNIQUE PRIMARY KEY, `userId` UUID REFERENCES `Users` (`id`), `action` VARCHAR(255) NOT NULL, `entity` VARCHAR(255) NOT NULL, `entityId` VARCHAR(255), `details` JSON, `ipAddress` VARCHAR(255), `createdAt` DATETIME NOT NULL);
Executing (default): INSERT INTO `AuditLogs` SELECT `id`, `userId`, `action`, `entity`, `entityId`, `details`, `ipAddress`, `createdAt` FROM `AuditLogs_backup`;
Executing (default): DROP TABLE `AuditLogs_backup`;
Executing (default): PRAGMA TABLE_INFO(`AuditLogs`);
Executing (default): PRAGMA INDEX_LIST(`AuditLogs`)
Executing (default): PRAGMA INDEX_INFO(`sqlite_autoindex_AuditLogs_1`)
Executing (default): PRAGMA foreign_key_list(`AuditLogs`)
Executing (default): CREATE TABLE IF NOT EXISTS `AuditLogs_backup` (`id` UUID UNIQUE PRIMARY KEY, `userId` UUID REFERENCES `Users` (`id`), `action` VARCHAR(255) NOT NULL, `entity` VARCHAR(255) NOT NULL, `entityId` VARCHAR(255), `details` JSON, `ipAddress` VARCHAR(255), `createdAt` DATETIME NOT NULL);
Executing (default): INSERT INTO `AuditLogs_backup` SELECT `id`, `userId`, `action`, `entity`, `entityId`, `details`, `ipAddress`, `createdAt` FROM `AuditLogs`;
Executing (default): DROP TABLE `AuditLogs`;
Executing (default): CREATE TABLE IF NOT EXISTS `AuditLogs` (`id` UUID UNIQUE PRIMARY KEY, `userId` UUID REFERENCES `Users` (`id`), `action` VARCHAR(255) NOT NULL, `entity` VARCHAR(255) NOT NULL, `entityId` VARCHAR(255), `details` JSON, `ipAddress` VARCHAR(255), `createdAt` DATETIME NOT NULL);
Executing (default): INSERT INTO `AuditLogs` SELECT `id`, `userId`, `action`, `entity`, `entityId`, `details`, `ipAddress`, `createdAt` FROM `AuditLogs_backup`;
Executing (default): DROP TABLE `AuditLogs_backup`;
Executing (default): PRAGMA INDEX_LIST(`AuditLogs`)
Executing (default): PRAGMA INDEX_INFO(`sqlite_autoindex_AuditLogs_1`)
Executing (default): SELECT name FROM sqlite_master WHERE type='table' AND name='Clients';
Executing (default): PRAGMA TABLE_INFO(`Clients`);
Executing (default): PRAGMA foreign_key_list(`Clients`)
Executing (default): PRAGMA INDEX_LIST(`Clients`)
Executing (default): PRAGMA INDEX_INFO(`sqlite_autoindex_Clients_1`)
Executing (default): PRAGMA INDEX_INFO(`clients_email`)
Executing (default): PRAGMA INDEX_INFO(`clients_company`)
Executing (default): PRAGMA foreign_key_list(`Clients`)
Executing (default): PRAGMA TABLE_INFO(`Clients`);
Executing (default): PRAGMA INDEX_LIST(`Clients`)
Executing (default): PRAGMA INDEX_INFO(`sqlite_autoindex_Clients_1`)
Executing (default): PRAGMA INDEX_INFO(`clients_email`)
Executing (default): PRAGMA INDEX_INFO(`clients_company`)
Executing (default): PRAGMA foreign_key_list(`Clients`)
Executing (default): CREATE TABLE IF NOT EXISTS `Clients_backup` (`id` UUID UNIQUE PRIMARY KEY, `name` VARCHAR(255) NOT NULL, `company` VARCHAR(255), `email` VARCHAR(255), `phone` VARCHAR(255), `address` TEXT, `notes` TEXT, `status` TEXT DEFAULT 'active', `tags` JSON DEFAULT '[]', `createdAt` DATETIME NOT NULL, `updatedAt` DATETIME NOT NULL);
Executing (default): INSERT INTO `Clients_backup` SELECT `id`, `name`, `company`, `email`, `phone`, `address`, `notes`, `status`, `tags`, `createdAt`, `updatedAt` FROM `Clients`;
Executing (default): DROP TABLE `Clients`;
Executing (default): CREATE TABLE IF NOT EXISTS `Clients` (`id` UUID UNIQUE PRIMARY KEY, `name` VARCHAR(255) NOT NULL, `company` VARCHAR(255), `email` VARCHAR(255), `phone` VARCHAR(255), `address` TEXT, `notes` TEXT, `status` TEXT DEFAULT 'active', `tags` JSON DEFAULT '[]', `createdAt` DATETIME NOT NULL, `updatedAt` DATETIME NOT NULL);
Executing (default): INSERT INTO `Clients` SELECT `id`, `name`, `company`, `email`, `phone`, `address`, `notes`, `status`, `tags`, `createdAt`, `updatedAt` FROM `Clients_backup`;
Executing (default): DROP TABLE `Clients_backup`;
Executing (default): PRAGMA TABLE_INFO(`Clients`);
Executing (default): PRAGMA INDEX_LIST(`Clients`)
Executing (default): PRAGMA INDEX_INFO(`sqlite_autoindex_Clients_1`)
Executing (default): PRAGMA foreign_key_list(`Clients`)
Executing (default): CREATE TABLE IF NOT EXISTS `Clients_backup` (`id` UUID UNIQUE PRIMARY KEY, `name` VARCHAR(255) NOT NULL, `company` VARCHAR(255), `email` VARCHAR(255), `phone` VARCHAR(255), `address` TEXT, `notes` TEXT, `status` TEXT DEFAULT 'active', `tags` JSON DEFAULT '[]', `createdAt` DATETIME NOT NULL, `updatedAt` DATETIME NOT NULL);
Executing (default): INSERT INTO `Clients_backup` SELECT `id`, `name`, `company`, `email`, `phone`, `address`, `notes`, `status`, `tags`, `createdAt`, `updatedAt` FROM `Clients`;
Executing (default): DROP TABLE `Clients`;
Executing (default): CREATE TABLE IF NOT EXISTS `Clients` (`id` UUID UNIQUE PRIMARY KEY, `name` VARCHAR(255) NOT NULL, `company` VARCHAR(255), `email` VARCHAR(255), `phone` VARCHAR(255), `address` TEXT, `notes` TEXT, `status` TEXT DEFAULT 'active', `tags` JSON DEFAULT '[]', `createdAt` DATETIME NOT NULL, `updatedAt` DATETIME NOT NULL);
Executing (default): INSERT INTO `Clients` SELECT `id`, `name`, `company`, `email`, `phone`, `address`, `notes`, `status`, `tags`, `createdAt`, `updatedAt` FROM `Clients_backup`;
Executing (default): DROP TABLE `Clients_backup`;
Executing (default): PRAGMA TABLE_INFO(`Clients`);
Executing (default): PRAGMA INDEX_LIST(`Clients`)
Executing (default): PRAGMA INDEX_INFO(`sqlite_autoindex_Clients_1`)
Executing (default): PRAGMA foreign_key_list(`Clients`)
Executing (default): CREATE TABLE IF NOT EXISTS `Clients_backup` (`id` UUID UNIQUE PRIMARY KEY, `name` VARCHAR(255) NOT NULL, `company` VARCHAR(255), `email` VARCHAR(255), `phone` VARCHAR(255), `address` TEXT, `notes` TEXT, `status` TEXT DEFAULT 'active', `tags` JSON DEFAULT '[]', `createdAt` DATETIME NOT NULL, `updatedAt` DATETIME NOT NULL);
Executing (default): INSERT INTO `Clients_backup` SELECT `id`, `name`, `company`, `email`, `phone`, `address`, `notes`, `status`, `tags`, `createdAt`, `updatedAt` FROM `Clients`;
Executing (default): DROP TABLE `Clients`;
Executing (default): CREATE TABLE IF NOT EXISTS `Clients` (`id` UUID UNIQUE PRIMARY KEY, `name` VARCHAR(255) NOT NULL, `company` VARCHAR(255), `email` VARCHAR(255), `phone` VARCHAR(255), `address` TEXT, `notes` TEXT, `status` TEXT DEFAULT 'active', `tags` JSON DEFAULT '[]', `createdAt` DATETIME NOT NULL, `updatedAt` DATETIME NOT NULL);
Executing (default): INSERT INTO `Clients` SELECT `id`, `name`, `company`, `email`, `phone`, `address`, `notes`, `status`, `tags`, `createdAt`, `updatedAt` FROM `Clients_backup`;
Executing (default): DROP TABLE `Clients_backup`;
Executing (default): PRAGMA TABLE_INFO(`Clients`);
Executing (default): PRAGMA INDEX_LIST(`Clients`)
Executing (default): PRAGMA INDEX_INFO(`sqlite_autoindex_Clients_1`)
Executing (default): PRAGMA foreign_key_list(`Clients`)
Executing (default): CREATE TABLE IF NOT EXISTS `Clients_backup` (`id` UUID UNIQUE PRIMARY KEY, `name` VARCHAR(255) NOT NULL, `company` VARCHAR(255), `email` VARCHAR(255), `phone` VARCHAR(255), `address` TEXT, `notes` TEXT, `status` TEXT DEFAULT 'active', `tags` JSON DEFAULT '[]', `createdAt` DATETIME NOT NULL, `updatedAt` DATETIME NOT NULL);
Executing (default): INSERT INTO `Clients_backup` SELECT `id`, `name`, `company`, `email`, `phone`, `address`, `notes`, `status`, `tags`, `createdAt`, `updatedAt` FROM `Clients`;
Executing (default): DROP TABLE `Clients`;
Executing (default): CREATE TABLE IF NOT EXISTS `Clients` (`id` UUID UNIQUE PRIMARY KEY, `name` VARCHAR(255) NOT NULL, `company` VARCHAR(255), `email` VARCHAR(255), `phone` VARCHAR(255), `address` TEXT, `notes` TEXT, `status` TEXT DEFAULT 'active', `tags` JSON DEFAULT '[]', `createdAt` DATETIME NOT NULL, `updatedAt` DATETIME NOT NULL);
Executing (default): INSERT INTO `Clients` SELECT `id`, `name`, `company`, `email`, `phone`, `address`, `notes`, `status`, `tags`, `createdAt`, `updatedAt` FROM `Clients_backup`;
Executing (default): DROP TABLE `Clients_backup`;
Executing (default): PRAGMA TABLE_INFO(`Clients`);
Executing (default): PRAGMA INDEX_LIST(`Clients`)
Executing (default): PRAGMA INDEX_INFO(`sqlite_autoindex_Clients_1`)
Executing (default): PRAGMA foreign_key_list(`Clients`)
Executing (default): CREATE TABLE IF NOT EXISTS `Clients_backup` (`id` UUID UNIQUE PRIMARY KEY, `name` VARCHAR(255) NOT NULL, `company` VARCHAR(255), `email` VARCHAR(255), `phone` VARCHAR(255), `address` TEXT, `notes` TEXT, `status` TEXT DEFAULT 'active', `tags` JSON DEFAULT '[]', `createdAt` DATETIME NOT NULL, `updatedAt` DATETIME NOT NULL);
Executing (default): INSERT INTO `Clients_backup` SELECT `id`, `name`, `company`, `email`, `phone`, `address`, `notes`, `status`, `tags`, `createdAt`, `updatedAt` FROM `Clients`;
Executing (default): DROP TABLE `Clients`;
Executing (default): CREATE TABLE IF NOT EXISTS `Clients` (`id` UUID UNIQUE PRIMARY KEY, `name` VARCHAR(255) NOT NULL, `company` VARCHAR(255), `email` VARCHAR(255), `phone` VARCHAR(255), `address` TEXT, `notes` TEXT, `status` TEXT DEFAULT 'active', `tags` JSON DEFAULT '[]', `createdAt` DATETIME NOT NULL, `updatedAt` DATETIME NOT NULL);
Executing (default): INSERT INTO `Clients` SELECT `id`, `name`, `company`, `email`, `phone`, `address`, `notes`, `status`, `tags`, `createdAt`, `updatedAt` FROM `Clients_backup`;
Executing (default): DROP TABLE `Clients_backup`;
Executing (default): PRAGMA TABLE_INFO(`Clients`);
Executing (default): PRAGMA INDEX_LIST(`Clients`)
Executing (default): PRAGMA INDEX_INFO(`sqlite_autoindex_Clients_1`)
Executing (default): PRAGMA foreign_key_list(`Clients`)
Executing (default): CREATE TABLE IF NOT EXISTS `Clients_backup` (`id` UUID UNIQUE PRIMARY KEY, `name` VARCHAR(255) NOT NULL, `company` VARCHAR(255), `email` VARCHAR(255), `phone` VARCHAR(255), `address` TEXT, `notes` TEXT, `status` TEXT DEFAULT 'active', `tags` JSON DEFAULT '[]', `createdAt` DATETIME NOT NULL, `updatedAt` DATETIME NOT NULL);
Executing (default): INSERT INTO `Clients_backup` SELECT `id`, `name`, `company`, `email`, `phone`, `address`, `notes`, `status`, `tags`, `createdAt`, `updatedAt` FROM `Clients`;
Executing (default): DROP TABLE `Clients`;
Executing (default): CREATE TABLE IF NOT EXISTS `Clients` (`id` UUID UNIQUE PRIMARY KEY, `name` VARCHAR(255) NOT NULL, `company` VARCHAR(255), `email` VARCHAR(255), `phone` VARCHAR(255), `address` TEXT, `notes` TEXT, `status` TEXT DEFAULT 'active', `tags` JSON DEFAULT '[]', `createdAt` DATETIME NOT NULL, `updatedAt` DATETIME NOT NULL);
Executing (default): INSERT INTO `Clients` SELECT `id`, `name`, `company`, `email`, `phone`, `address`, `notes`, `status`, `tags`, `createdAt`, `updatedAt` FROM `Clients_backup`;
Executing (default): DROP TABLE `Clients_backup`;
Executing (default): PRAGMA TABLE_INFO(`Clients`);
Executing (default): PRAGMA INDEX_LIST(`Clients`)
Executing (default): PRAGMA INDEX_INFO(`sqlite_autoindex_Clients_1`)
Executing (default): PRAGMA foreign_key_list(`Clients`)
Executing (default): CREATE TABLE IF NOT EXISTS `Clients_backup` (`id` UUID UNIQUE PRIMARY KEY, `name` VARCHAR(255) NOT NULL, `company` VARCHAR(255), `email` VARCHAR(255), `phone` VARCHAR(255), `address` TEXT, `notes` TEXT, `status` TEXT DEFAULT 'active', `tags` JSON DEFAULT '[]', `createdAt` DATETIME NOT NULL, `updatedAt` DATETIME NOT NULL);
Executing (default): INSERT INTO `Clients_backup` SELECT `id`, `name`, `company`, `email`, `phone`, `address`, `notes`, `status`, `tags`, `createdAt`, `updatedAt` FROM `Clients`;
Executing (default): DROP TABLE `Clients`;
Executing (default): CREATE TABLE IF NOT EXISTS `Clients` (`id` UUID UNIQUE PRIMARY KEY, `name` VARCHAR(255) NOT NULL, `company` VARCHAR(255), `email` VARCHAR(255), `phone` VARCHAR(255), `address` TEXT, `notes` TEXT, `status` TEXT DEFAULT 'active', `tags` JSON DEFAULT '[]', `createdAt` DATETIME NOT NULL, `updatedAt` DATETIME NOT NULL);
Executing (default): INSERT INTO `Clients` SELECT `id`, `name`, `company`, `email`, `phone`, `address`, `notes`, `status`, `tags`, `createdAt`, `updatedAt` FROM `Clients_backup`;
Executing (default): DROP TABLE `Clients_backup`;
Executing (default): PRAGMA TABLE_INFO(`Clients`);
Executing (default): PRAGMA INDEX_LIST(`Clients`)
Executing (default): PRAGMA INDEX_INFO(`sqlite_autoindex_Clients_1`)
Executing (default): PRAGMA foreign_key_list(`Clients`)
Executing (default): CREATE TABLE IF NOT EXISTS `Clients_backup` (`id` UUID UNIQUE PRIMARY KEY, `name` VARCHAR(255) NOT NULL, `company` VARCHAR(255), `email` VARCHAR(255), `phone` VARCHAR(255), `address` TEXT, `notes` TEXT, `status` TEXT DEFAULT 'active', `tags` JSON DEFAULT '[]', `createdAt` DATETIME NOT NULL, `updatedAt` DATETIME NOT NULL);
Executing (default): INSERT INTO `Clients_backup` SELECT `id`, `name`, `company`, `email`, `phone`, `address`, `notes`, `status`, `tags`, `createdAt`, `updatedAt` FROM `Clients`;
Executing (default): DROP TABLE `Clients`;
Executing (default): CREATE TABLE IF NOT EXISTS `Clients` (`id` UUID UNIQUE PRIMARY KEY, `name` VARCHAR(255) NOT NULL, `company` VARCHAR(255), `email` VARCHAR(255), `phone` VARCHAR(255), `address` TEXT, `notes` TEXT, `status` TEXT DEFAULT 'active', `tags` JSON DEFAULT '[]', `createdAt` DATETIME NOT NULL, `updatedAt` DATETIME NOT NULL);
Executing (default): INSERT INTO `Clients` SELECT `id`, `name`, `company`, `email`, `phone`, `address`, `notes`, `status`, `tags`, `createdAt`, `updatedAt` FROM `Clients_backup`;
Executing (default): DROP TABLE `Clients_backup`;
Executing (default): PRAGMA TABLE_INFO(`Clients`);
Executing (default): PRAGMA INDEX_LIST(`Clients`)
Executing (default): PRAGMA INDEX_INFO(`sqlite_autoindex_Clients_1`)
Executing (default): PRAGMA foreign_key_list(`Clients`)
Executing (default): CREATE TABLE IF NOT EXISTS `Clients_backup` (`id` UUID UNIQUE PRIMARY KEY, `name` VARCHAR(255) NOT NULL, `company` VARCHAR(255), `email` VARCHAR(255), `phone` VARCHAR(255), `address` TEXT, `notes` TEXT, `status` TEXT DEFAULT 'active', `tags` JSON DEFAULT '[]', `createdAt` DATETIME NOT NULL, `updatedAt` DATETIME NOT NULL);
Executing (default): INSERT INTO `Clients_backup` SELECT `id`, `name`, `company`, `email`, `phone`, `address`, `notes`, `status`, `tags`, `createdAt`, `updatedAt` FROM `Clients`;
Executing (default): DROP TABLE `Clients`;
Executing (default): CREATE TABLE IF NOT EXISTS `Clients` (`id` UUID UNIQUE PRIMARY KEY, `name` VARCHAR(255) NOT NULL, `company` VARCHAR(255), `email` VARCHAR(255), `phone` VARCHAR(255), `address` TEXT, `notes` TEXT, `status` TEXT DEFAULT 'active', `tags` JSON DEFAULT '[]', `createdAt` DATETIME NOT NULL, `updatedAt` DATETIME NOT NULL);
Executing (default): INSERT INTO `Clients` SELECT `id`, `name`, `company`, `email`, `phone`, `address`, `notes`, `status`, `tags`, `createdAt`, `updatedAt` FROM `Clients_backup`;
Executing (default): DROP TABLE `Clients_backup`;
Executing (default): PRAGMA TABLE_INFO(`Clients`);
Executing (default): PRAGMA INDEX_LIST(`Clients`)
Executing (default): PRAGMA INDEX_INFO(`sqlite_autoindex_Clients_1`)
Executing (default): PRAGMA foreign_key_list(`Clients`)
Executing (default): CREATE TABLE IF NOT EXISTS `Clients_backup` (`id` UUID UNIQUE PRIMARY KEY, `name` VARCHAR(255) NOT NULL, `company` VARCHAR(255), `email` VARCHAR(255), `phone` VARCHAR(255), `address` TEXT, `notes` TEXT, `status` TEXT DEFAULT 'active', `tags` JSON DEFAULT '[]', `createdAt` DATETIME NOT NULL, `updatedAt` DATETIME NOT NULL);
Executing (default): INSERT INTO `Clients_backup` SELECT `id`, `name`, `company`, `email`, `phone`, `address`, `notes`, `status`, `tags`, `createdAt`, `updatedAt` FROM `Clients`;
Executing (default): DROP TABLE `Clients`;
Executing (default): CREATE TABLE IF NOT EXISTS `Clients` (`id` UUID UNIQUE PRIMARY KEY, `name` VARCHAR(255) NOT NULL, `company` VARCHAR(255), `email` VARCHAR(255), `phone` VARCHAR(255), `address` TEXT, `notes` TEXT, `status` TEXT DEFAULT 'active', `tags` JSON DEFAULT '[]', `createdAt` DATETIME NOT NULL, `updatedAt` DATETIME NOT NULL);
Executing (default): INSERT INTO `Clients` SELECT `id`, `name`, `company`, `email`, `phone`, `address`, `notes`, `status`, `tags`, `createdAt`, `updatedAt` FROM `Clients_backup`;
Executing (default): DROP TABLE `Clients_backup`;
Executing (default): PRAGMA INDEX_LIST(`Clients`)
Executing (default): PRAGMA INDEX_INFO(`sqlite_autoindex_Clients_1`)
Executing (default): CREATE INDEX `clients_email` ON `Clients` (`email`)
Executing (default): CREATE INDEX `clients_company` ON `Clients` (`company`)
Executing (default): SELECT name FROM sqlite_master WHERE type='table' AND name='Diaries';
Executing (default): PRAGMA TABLE_INFO(`Diaries`);
Executing (default): PRAGMA foreign_key_list(`Diaries`)
Executing (default): PRAGMA INDEX_LIST(`Diaries`)
Executing (default): PRAGMA INDEX_INFO(`sqlite_autoindex_Diaries_1`)
Executing (default): PRAGMA foreign_key_list(`Diaries`)
Executing (default): PRAGMA TABLE_INFO(`Diaries`);
Executing (default): PRAGMA INDEX_LIST(`Diaries`)
Executing (default): PRAGMA INDEX_INFO(`sqlite_autoindex_Diaries_1`)
Executing (default): PRAGMA foreign_key_list(`Diaries`)
Executing (default): CREATE TABLE IF NOT EXISTS `Diaries_backup` (`id` UUID UNIQUE PRIMARY KEY, `date` DATE NOT NULL, `projectId` UUID REFERENCES `Projects` (`id`), `workerId` UUID REFERENCES `Staff` (`id`), `start` TIME, `finish` TIME, `breakMins` INTEGER, `totalHours` DECIMAL(5,2), `ordinaryHours` DECIMAL(5,2), `ot1Hours` DECIMAL(5,2), `ot2Hours` DECIMAL(5,2), `costs` DECIMAL(10,2), `revenues` DECIMAL(10,2), `marginPct` DECIMAL(5,2), `canvasData` JSON DEFAULT '[]', `additionalCosts` JSON DEFAULT '[]', `attachments` JSON DEFAULT '[]', `gpsData` JSON, `weatherData` JSON, `totalCost` DECIMAL(10,2) DEFAULT '0', `totalRevenue` DECIMAL(10,2) DEFAULT '0', `productivityScore` INTEGER DEFAULT '0', `diaryType` VARCHAR(255) NOT NULL DEFAULT 'legacy', `createdAt` DATETIME NOT NULL, `updatedAt` DATETIME NOT NULL, `clientId` UUID REFERENCES `Clients` (`id`), `jobId` UUID REFERENCES `Jobs` (`id`), `invoiceId` UUID REFERENCES `Invoices` (`id`), `notes` TEXT DEFAULT '', `version` INTEGER NOT NULL DEFAULT '0');
Executing (default): INSERT INTO `Diaries_backup` SELECT `id`, `date`, `projectId`, `workerId`, `start`, `finish`, `breakMins`, `totalHours`, `ordinaryHours`, `ot1Hours`, `ot2Hours`, `costs`, `revenues`, `marginPct`, `canvasData`, `additionalCosts`, `attachments`, `gpsData`, `weatherData`, `totalCost`, `totalRevenue`, `productivityScore`, `diaryType`, `createdAt`, `updatedAt`, `clientId`, `jobId`, `invoiceId`, `notes`, `version` FROM `Diaries`;
Executing (default): DROP TABLE `Diaries`;
Executing (default): CREATE TABLE IF NOT EXISTS `Diaries` (`id` UUID UNIQUE PRIMARY KEY, `date` DATE NOT NULL, `projectId` UUID REFERENCES `Projects` (`id`), `workerId` UUID REFERENCES `Staff` (`id`), `start` TIME, `finish` TIME, `breakMins` INTEGER, `totalHours` DECIMAL(5,2), `ordinaryHours` DECIMAL(5,2), `ot1Hours` DECIMAL(5,2), `ot2Hours` DECIMAL(5,2), `costs` DECIMAL(10,2), `revenues` DECIMAL(10,2), `marginPct` DECIMAL(5,2), `canvasData` JSON DEFAULT '[]', `additionalCosts` JSON DEFAULT '[]', `attachments` JSON DEFAULT '[]', `gpsData` JSON, `weatherData` JSON, `totalCost` DECIMAL(10,2) DEFAULT '0', `totalRevenue` DECIMAL(10,2) DEFAULT '0', `productivityScore` INTEGER DEFAULT '0', `diaryType` VARCHAR(255) NOT NULL DEFAULT 'legacy', `createdAt` DATETIME NOT NULL, `updatedAt` DATETIME NOT NULL, `clientId` UUID REFERENCES `Clients` (`id`), `jobId` UUID REFERENCES `Jobs` (`id`), `invoiceId` UUID REFERENCES `Invoices` (`id`), `notes` TEXT DEFAULT '', `version` INTEGER NOT NULL DEFAULT '0');
Executing (default): INSERT INTO `Diaries` SELECT `id`, `date`, `projectId`, `workerId`, `start`, `finish`, `breakMins`, `totalHours`, `ordinaryHours`, `ot1Hours`, `ot2Hours`, `costs`, `revenues`, `marginPct`, `canvasData`, `additionalCosts`, `attachments`, `gpsData`, `weatherData`, `totalCost`, `totalRevenue`, `productivityScore`, `diaryType`, `createdAt`, `updatedAt`, `clientId`, `jobId`, `invoiceId`, `notes`, `version` FROM `Diaries_backup`;
Executing (default): DROP TABLE `Diaries_backup`;
Executing (default): PRAGMA TABLE_INFO(`Diaries`);
Executing (default): PRAGMA INDEX_LIST(`Diaries`)
Executing (default): PRAGMA INDEX_INFO(`sqlite_autoindex_Diaries_1`)
Executing (default): PRAGMA foreign_key_list(`Diaries`)
Executing (default): CREATE TABLE IF NOT EXISTS `Diaries_backup` (`id` UUID UNIQUE PRIMARY KEY, `date` DATE NOT NULL, `projectId` UUID REFERENCES `Projects` (`id`) ON DELETE SET NULL ON UPDATE CASCADE, `workerId` UUID REFERENCES `Staff` (`id`), `start` TIME, `finish` TIME, `breakMins` INTEGER, `totalHours` DECIMAL(5,2), `ordinaryHours` DECIMAL(5,2), `ot1Hours` DECIMAL(5,2), `ot2Hours` DECIMAL(5,2), `costs` DECIMAL(10,2), `revenues` DECIMAL(10,2), `marginPct` DECIMAL(5,2), `canvasData` JSON DEFAULT '[]', `additionalCosts` JSON DEFAULT '[]', `attachments` JSON DEFAULT '[]', `gpsData` JSON, `weatherData` JSON, `totalCost` DECIMAL(10,2) DEFAULT '0', `totalRevenue` DECIMAL(10,2) DEFAULT '0', `productivityScore` INTEGER DEFAULT '0', `diaryType` VARCHAR(255) NOT NULL DEFAULT 'legacy', `createdAt` DATETIME NOT NULL, `updatedAt` DATETIME NOT NULL, `clientId` UUID REFERENCES `Clients` (`id`), `jobId` UUID REFERENCES `Jobs` (`id`), `invoiceId` UUID REFERENCES `Invoices` (`id`), `notes` TEXT DEFAULT '', `version` INTEGER NOT NULL DEFAULT '0');
Executing (default): INSERT INTO `Diaries_backup` SELECT `id`, `date`, `projectId`, `workerId`, `start`, `finish`, `breakMins`, `totalHours`, `ordinaryHours`, `ot1Hours`, `ot2Hours`, `costs`, `revenues`, `marginPct`, `canvasData`, `additionalCosts`, `attachments`, `gpsData`, `weatherData`, `totalCost`, `totalRevenue`, `productivityScore`, `diaryType`, `createdAt`, `updatedAt`, `clientId`, `jobId`, `invoiceId`, `notes`, `version` FROM `Diaries`;
Executing (default): DROP TABLE `Diaries`;
Executing (default): CREATE TABLE IF NOT EXISTS `Diaries` (`id` UUID UNIQUE PRIMARY KEY, `date` DATE NOT NULL, `projectId` UUID REFERENCES `Projects` (`id`) ON DELETE SET NULL ON UPDATE CASCADE, `workerId` UUID REFERENCES `Staff` (`id`), `start` TIME, `finish` TIME, `breakMins` INTEGER, `totalHours` DECIMAL(5,2), `ordinaryHours` DECIMAL(5,2), `ot1Hours` DECIMAL(5,2), `ot2Hours` DECIMAL(5,2), `costs` DECIMAL(10,2), `revenues` DECIMAL(10,2), `marginPct` DECIMAL(5,2), `canvasData` JSON DEFAULT '[]', `additionalCosts` JSON DEFAULT '[]', `attachments` JSON DEFAULT '[]', `gpsData` JSON, `weatherData` JSON, `totalCost` DECIMAL(10,2) DEFAULT '0', `totalRevenue` DECIMAL(10,2) DEFAULT '0', `productivityScore` INTEGER DEFAULT '0', `diaryType` VARCHAR(255) NOT NULL DEFAULT 'legacy', `createdAt` DATETIME NOT NULL, `updatedAt` DATETIME NOT NULL, `clientId` UUID REFERENCES `Clients` (`id`), `jobId` UUID REFERENCES `Jobs` (`id`), `invoiceId` UUID REFERENCES `Invoices` (`id`), `notes` TEXT DEFAULT '', `version` INTEGER NOT NULL DEFAULT '0');
Executing (default): INSERT INTO `Diaries` SELECT `id`, `date`, `projectId`, `workerId`, `start`, `finish`, `breakMins`, `totalHours`, `ordinaryHours`, `ot1Hours`, `ot2Hours`, `costs`, `revenues`, `marginPct`, `canvasData`, `additionalCosts`, `attachments`, `gpsData`, `weatherData`, `totalCost`, `totalRevenue`, `productivityScore`, `diaryType`, `createdAt`, `updatedAt`, `clientId`, `jobId`, `invoiceId`, `notes`, `version` FROM `Diaries_backup`;
Executing (default): DROP TABLE `Diaries_backup`;
Executing (default): PRAGMA TABLE_INFO(`Diaries`);
Executing (default): PRAGMA INDEX_LIST(`Diaries`)
Executing (default): PRAGMA INDEX_INFO(`sqlite_autoindex_Diaries_1`)
Executing (default): PRAGMA foreign_key_list(`Diaries`)
Executing (default): CREATE TABLE IF NOT EXISTS `Diaries_backup` (`id` UUID UNIQUE PRIMARY KEY, `date` DATE NOT NULL, `projectId` UUID REFERENCES `Projects` (`id`), `workerId` UUID REFERENCES `Staff` (`id`) ON DELETE SET NULL ON UPDATE CASCADE, `start` TIME, `finish` TIME, `breakMins` INTEGER, `totalHours` DECIMAL(5,2), `ordinaryHours` DECIMAL(5,2), `ot1Hours` DECIMAL(5,2), `ot2Hours` DECIMAL(5,2), `costs` DECIMAL(10,2), `revenues` DECIMAL(10,2), `marginPct` DECIMAL(5,2), `canvasData` JSON DEFAULT '[]', `additionalCosts` JSON DEFAULT '[]', `attachments` JSON DEFAULT '[]', `gpsData` JSON, `weatherData` JSON, `totalCost` DECIMAL(10,2) DEFAULT '0', `totalRevenue` DECIMAL(10,2) DEFAULT '0', `productivityScore` INTEGER DEFAULT '0', `diaryType` VARCHAR(255) NOT NULL DEFAULT 'legacy', `createdAt` DATETIME NOT NULL, `updatedAt` DATETIME NOT NULL, `clientId` UUID REFERENCES `Clients` (`id`), `jobId` UUID REFERENCES `Jobs` (`id`), `invoiceId` UUID REFERENCES `Invoices` (`id`), `notes` TEXT DEFAULT '', `version` INTEGER NOT NULL DEFAULT '0');
Executing (default): INSERT INTO `Diaries_backup` SELECT `id`, `date`, `projectId`, `workerId`, `start`, `finish`, `breakMins`, `totalHours`, `ordinaryHours`, `ot1Hours`, `ot2Hours`, `costs`, `revenues`, `marginPct`, `canvasData`, `additionalCosts`, `attachments`, `gpsData`, `weatherData`, `totalCost`, `totalRevenue`, `productivityScore`, `diaryType`, `createdAt`, `updatedAt`, `clientId`, `jobId`, `invoiceId`, `notes`, `version` FROM `Diaries`;
Executing (default): DROP TABLE `Diaries`;
Executing (default): CREATE TABLE IF NOT EXISTS `Diaries` (`id` UUID UNIQUE PRIMARY KEY, `date` DATE NOT NULL, `projectId` UUID REFERENCES `Projects` (`id`), `workerId` UUID REFERENCES `Staff` (`id`) ON DELETE SET NULL ON UPDATE CASCADE, `start` TIME, `finish` TIME, `breakMins` INTEGER, `totalHours` DECIMAL(5,2), `ordinaryHours` DECIMAL(5,2), `ot1Hours` DECIMAL(5,2), `ot2Hours` DECIMAL(5,2), `costs` DECIMAL(10,2), `revenues` DECIMAL(10,2), `marginPct` DECIMAL(5,2), `canvasData` JSON DEFAULT '[]', `additionalCosts` JSON DEFAULT '[]', `attachments` JSON DEFAULT '[]', `gpsData` JSON, `weatherData` JSON, `totalCost` DECIMAL(10,2) DEFAULT '0', `totalRevenue` DECIMAL(10,2) DEFAULT '0', `productivityScore` INTEGER DEFAULT '0', `diaryType` VARCHAR(255) NOT NULL DEFAULT 'legacy', `createdAt` DATETIME NOT NULL, `updatedAt` DATETIME NOT NULL, `clientId` UUID REFERENCES `Clients` (`id`), `jobId` UUID REFERENCES `Jobs` (`id`), `invoiceId` UUID REFERENCES `Invoices` (`id`), `notes` TEXT DEFAULT '', `version` INTEGER NOT NULL DEFAULT '0');
Executing (default): INSERT INTO `Diaries` SELECT `id`, `date`, `projectId`, `workerId`, `start`, `finish`, `breakMins`, `totalHours`, `ordinaryHours`, `ot1Hours`, `ot2Hours`, `costs`, `revenues`, `marginPct`, `canvasData`, `additionalCosts`, `attachments`, `gpsData`, `weatherData`, `totalCost`, `totalRevenue`, `productivityScore`, `diaryType`, `createdAt`, `updatedAt`, `clientId`, `jobId`, `invoiceId`, `notes`, `version` FROM `Diaries_backup`;
Executing (default): DROP TABLE `Diaries_backup`;
Executing (default): PRAGMA TABLE_INFO(`Diaries`);
Executing (default): PRAGMA INDEX_LIST(`Diaries`)
Executing (default): PRAGMA INDEX_INFO(`sqlite_autoindex_Diaries_1`)
Executing (default): PRAGMA foreign_key_list(`Diaries`)
Executing (default): CREATE TABLE IF NOT EXISTS `Diaries_backup` (`id` UUID UNIQUE PRIMARY KEY, `date` DATE NOT NULL, `projectId` UUID REFERENCES `Projects` (`id`), `workerId` UUID REFERENCES `Staff` (`id`), `start` TIME, `finish` TIME, `breakMins` INTEGER, `totalHours` DECIMAL(5,2), `ordinaryHours` DECIMAL(5,2), `ot1Hours` DECIMAL(5,2), `ot2Hours` DECIMAL(5,2), `costs` DECIMAL(10,2), `revenues` DECIMAL(10,2), `marginPct` DECIMAL(5,2), `canvasData` JSON DEFAULT '[]', `additionalCosts` JSON DEFAULT '[]', `attachments` JSON DEFAULT '[]', `gpsData` JSON, `weatherData` JSON, `totalCost` DECIMAL(10,2) DEFAULT '0', `totalRevenue` DECIMAL(10,2) DEFAULT '0', `productivityScore` INTEGER DEFAULT '0', `diaryType` VARCHAR(255) NOT NULL DEFAULT 'legacy', `createdAt` DATETIME NOT NULL, `updatedAt` DATETIME NOT NULL, `clientId` UUID REFERENCES `Clients` (`id`), `jobId` UUID REFERENCES `Jobs` (`id`), `invoiceId` UUID REFERENCES `Invoices` (`id`), `notes` TEXT DEFAULT '', `version` INTEGER NOT NULL DEFAULT '0');
Executing (default): INSERT INTO `Diaries_backup` SELECT `id`, `date`, `projectId`, `workerId`, `start`, `finish`, `breakMins`, `totalHours`, `ordinaryHours`, `ot1Hours`, `ot2Hours`, `costs`, `revenues`, `marginPct`, `canvasData`, `additionalCosts`, `attachments`, `gpsData`, `weatherData`, `totalCost`, `totalRevenue`, `productivityScore`, `diaryType`, `createdAt`, `updatedAt`, `clientId`, `jobId`, `invoiceId`, `notes`, `version` FROM `Diaries`;
Executing (default): DROP TABLE `Diaries`;
Executing (default): CREATE TABLE IF NOT EXISTS `Diaries` (`id` UUID UNIQUE PRIMARY KEY, `date` DATE NOT NULL, `projectId` UUID REFERENCES `Projects` (`id`), `workerId` UUID REFERENCES `Staff` (`id`), `start` TIME, `finish` TIME, `breakMins` INTEGER, `totalHours` DECIMAL(5,2), `ordinaryHours` DECIMAL(5,2), `ot1Hours` DECIMAL(5,2), `ot2Hours` DECIMAL(5,2), `costs` DECIMAL(10,2), `revenues` DECIMAL(10,2), `marginPct` DECIMAL(5,2), `canvasData` JSON DEFAULT '[]', `additionalCosts` JSON DEFAULT '[]', `attachments` JSON DEFAULT '[]', `gpsData` JSON, `weatherData` JSON, `totalCost` DECIMAL(10,2) DEFAULT '0', `totalRevenue` DECIMAL(10,2) DEFAULT '0', `productivityScore` INTEGER DEFAULT '0', `diaryType` VARCHAR(255) NOT NULL DEFAULT 'legacy', `createdAt` DATETIME NOT NULL, `updatedAt` DATETIME NOT NULL, `clientId` UUID REFERENCES `Clients` (`id`), `jobId` UUID REFERENCES `Jobs` (`id`), `invoiceId` UUID REFERENCES `Invoices` (`id`), `notes` TEXT DEFAULT '', `version` INTEGER NOT NULL DEFAULT '0');
Executing (default): INSERT INTO `Diaries` SELECT `id`, `date`, `projectId`, `workerId`, `start`, `finish`, `breakMins`, `totalHours`, `ordinaryHours`, `ot1Hours`, `ot2Hours`, `costs`, `revenues`, `marginPct`, `canvasData`, `additionalCosts`, `attachments`, `gpsData`, `weatherData`, `totalCost`, `totalRevenue`, `productivityScore`, `diaryType`, `createdAt`, `updatedAt`, `clientId`, `jobId`, `invoiceId`, `notes`, `version` FROM `Diaries_backup`;
Executing (default): DROP TABLE `Diaries_backup`;
Executing (default): PRAGMA TABLE_INFO(`Diaries`);
Executing (default): PRAGMA INDEX_LIST(`Diaries`)
Executing (default): PRAGMA INDEX_INFO(`sqlite_autoindex_Diaries_1`)
Executing (default): PRAGMA foreign_key_list(`Diaries`)
Executing (default): CREATE TABLE IF NOT EXISTS `Diaries_backup` (`id` UUID UNIQUE PRIMARY KEY, `date` DATE NOT NULL, `projectId` UUID REFERENCES `Projects` (`id`), `workerId` UUID REFERENCES `Staff` (`id`), `start` TIME, `finish` TIME, `breakMins` INTEGER, `totalHours` DECIMAL(5,2), `ordinaryHours` DECIMAL(5,2), `ot1Hours` DECIMAL(5,2), `ot2Hours` DECIMAL(5,2), `costs` DECIMAL(10,2), `revenues` DECIMAL(10,2), `marginPct` DECIMAL(5,2), `canvasData` JSON DEFAULT '[]', `additionalCosts` JSON DEFAULT '[]', `attachments` JSON DEFAULT '[]', `gpsData` JSON, `weatherData` JSON, `totalCost` DECIMAL(10,2) DEFAULT '0', `totalRevenue` DECIMAL(10,2) DEFAULT '0', `productivityScore` INTEGER DEFAULT '0', `diaryType` VARCHAR(255) NOT NULL DEFAULT 'legacy', `createdAt` DATETIME NOT NULL, `updatedAt` DATETIME NOT NULL, `clientId` UUID REFERENCES `Clients` (`id`), `jobId` UUID REFERENCES `Jobs` (`id`), `invoiceId` UUID REFERENCES `Invoices` (`id`), `notes` TEXT DEFAULT '', `version` INTEGER NOT NULL DEFAULT '0');
Executing (default): INSERT INTO `Diaries_backup` SELECT `id`, `date`, `projectId`, `workerId`, `start`, `finish`, `breakMins`, `totalHours`, `ordinaryHours`, `ot1Hours`, `ot2Hours`, `costs`, `revenues`, `marginPct`, `canvasData`, `additionalCosts`, `attachments`, `gpsData`, `weatherData`, `totalCost`, `totalRevenue`, `productivityScore`, `diaryType`, `createdAt`, `updatedAt`, `clientId`, `jobId`, `invoiceId`, `notes`, `version` FROM `Diaries`;
Executing (default): DROP TABLE `Diaries`;
Executing (default): CREATE TABLE IF NOT EXISTS `Diaries` (`id` UUID UNIQUE PRIMARY KEY, `date` DATE NOT NULL, `projectId` UUID REFERENCES `Projects` (`id`), `workerId` UUID REFERENCES `Staff` (`id`), `start` TIME, `finish` TIME, `breakMins` INTEGER, `totalHours` DECIMAL(5,2), `ordinaryHours` DECIMAL(5,2), `ot1Hours` DECIMAL(5,2), `ot2Hours` DECIMAL(5,2), `costs` DECIMAL(10,2), `revenues` DECIMAL(10,2), `marginPct` DECIMAL(5,2), `canvasData` JSON DEFAULT '[]', `additionalCosts` JSON DEFAULT '[]', `attachments` JSON DEFAULT '[]', `gpsData` JSON, `weatherData` JSON, `totalCost` DECIMAL(10,2) DEFAULT '0', `totalRevenue` DECIMAL(10,2) DEFAULT '0', `productivityScore` INTEGER DEFAULT '0', `diaryType` VARCHAR(255) NOT NULL DEFAULT 'legacy', `createdAt` DATETIME NOT NULL, `updatedAt` DATETIME NOT NULL, `clientId` UUID REFERENCES `Clients` (`id`), `jobId` UUID REFERENCES `Jobs` (`id`), `invoiceId` UUID REFERENCES `Invoices` (`id`), `notes` TEXT DEFAULT '', `version` INTEGER NOT NULL DEFAULT '0');
Executing (default): INSERT INTO `Diaries` SELECT `id`, `date`, `projectId`, `workerId`, `start`, `finish`, `breakMins`, `totalHours`, `ordinaryHours`, `ot1Hours`, `ot2Hours`, `costs`, `revenues`, `marginPct`, `canvasData`, `additionalCosts`, `attachments`, `gpsData`, `weatherData`, `totalCost`, `totalRevenue`, `productivityScore`, `diaryType`, `createdAt`, `updatedAt`, `clientId`, `jobId`, `invoiceId`, `notes`, `version` FROM `Diaries_backup`;
Executing (default): DROP TABLE `Diaries_backup`;
Executing (default): PRAGMA TABLE_INFO(`Diaries`);
Executing (default): PRAGMA INDEX_LIST(`Diaries`)
Executing (default): PRAGMA INDEX_INFO(`sqlite_autoindex_Diaries_1`)
Executing (default): PRAGMA foreign_key_list(`Diaries`)
Executing (default): CREATE TABLE IF NOT EXISTS `Diaries_backup` (`id` UUID UNIQUE PRIMARY KEY, `date` DATE NOT NULL, `projectId` UUID REFERENCES `Projects` (`id`), `workerId` UUID REFERENCES `Staff` (`id`), `start` TIME, `finish` TIME, `breakMins` INTEGER, `totalHours` DECIMAL(5,2), `ordinaryHours` DECIMAL(5,2), `ot1Hours` DECIMAL(5,2), `ot2Hours` DECIMAL(5,2), `costs` DECIMAL(10,2), `revenues` DECIMAL(10,2), `marginPct` DECIMAL(5,2), `canvasData` JSON DEFAULT '[]', `additionalCosts` JSON DEFAULT '[]', `attachments` JSON DEFAULT '[]', `gpsData` JSON, `weatherData` JSON, `totalCost` DECIMAL(10,2) DEFAULT '0', `totalRevenue` DECIMAL(10,2) DEFAULT '0', `productivityScore` INTEGER DEFAULT '0', `diaryType` VARCHAR(255) NOT NULL DEFAULT 'legacy', `createdAt` DATETIME NOT NULL, `updatedAt` DATETIME NOT NULL, `clientId` UUID REFERENCES `Clients` (`id`), `jobId` UUID REFERENCES `Jobs` (`id`), `invoiceId` UUID REFERENCES `Invoices` (`id`), `notes` TEXT DEFAULT '', `version` INTEGER NOT NULL DEFAULT '0');
Executing (default): INSERT INTO `Diaries_backup` SELECT `id`, `date`, `projectId`, `workerId`, `start`, `finish`, `breakMins`, `totalHours`, `ordinaryHours`, `ot1Hours`, `ot2Hours`, `costs`, `revenues`, `marginPct`, `canvasData`, `additionalCosts`, `attachments`, `gpsData`, `weatherData`, `totalCost`, `totalRevenue`, `productivityScore`, `diaryType`, `createdAt`, `updatedAt`, `clientId`, `jobId`, `invoiceId`, `notes`, `version` FROM `Diaries`;
Executing (default): DROP TABLE `Diaries`;
Executing (default): CREATE TABLE IF NOT EXISTS `Diaries` (`id` UUID UNIQUE PRIMARY KEY, `date` DATE NOT NULL, `projectId` UUID REFERENCES `Projects` (`id`), `workerId` UUID REFERENCES `Staff` (`id`), `start` TIME, `finish` TIME, `breakMins` INTEGER, `totalHours` DECIMAL(5,2), `ordinaryHours` DECIMAL(5,2), `ot1Hours` DECIMAL(5,2), `ot2Hours` DECIMAL(5,2), `costs` DECIMAL(10,2), `revenues` DECIMAL(10,2), `marginPct` DECIMAL(5,2), `canvasData` JSON DEFAULT '[]', `additionalCosts` JSON DEFAULT '[]', `attachments` JSON DEFAULT '[]', `gpsData` JSON, `weatherData` JSON, `totalCost` DECIMAL(10,2) DEFAULT '0', `totalRevenue` DECIMAL(10,2) DEFAULT '0', `productivityScore` INTEGER DEFAULT '0', `diaryType` VARCHAR(255) NOT NULL DEFAULT 'legacy', `createdAt` DATETIME NOT NULL, `updatedAt` DATETIME NOT NULL, `clientId` UUID REFERENCES `Clients` (`id`), `jobId` UUID REFERENCES `Jobs` (`id`), `invoiceId` UUID REFERENCES `Invoices` (`id`), `notes` TEXT DEFAULT '', `version` INTEGER NOT NULL DEFAULT '0');
Executing (default): INSERT INTO `Diaries` SELECT `id`, `date`, `projectId`, `workerId`, `start`, `finish`, `breakMins`, `totalHours`, `ordinaryHours`, `ot1Hours`, `ot2Hours`, `costs`, `revenues`, `marginPct`, `canvasData`, `additionalCosts`, `attachments`, `gpsData`, `weatherData`, `totalCost`, `totalRevenue`, `productivityScore`, `diaryType`, `createdAt`, `updatedAt`, `clientId`, `jobId`, `invoiceId`, `notes`, `version` FROM `Diaries_backup`;
Executing (default): DROP TABLE `Diaries_backup`;
Executing (default): PRAGMA TABLE_INFO(`Diaries`);
Executing (default): PRAGMA INDEX_LIST(`Diaries`)
Executing (default): PRAGMA INDEX_INFO(`sqlite_autoindex_Diaries_1`)
Executing (default): PRAGMA foreign_key_list(`Diaries`)
Executing (default): CREATE TABLE IF NOT EXISTS `Diaries_backup` (`id` UUID UNIQUE PRIMARY KEY, `date` DATE NOT NULL, `projectId` UUID REFERENCES `Projects` (`id`), `workerId` UUID REFERENCES `Staff` (`id`), `start` TIME, `finish` TIME, `breakMins` INTEGER, `totalHours` DECIMAL(5,2), `ordinaryHours` DECIMAL(5,2), `ot1Hours` DECIMAL(5,2), `ot2Hours` DECIMAL(5,2), `costs` DECIMAL(10,2), `revenues` DECIMAL(10,2), `marginPct` DECIMAL(5,2), `canvasData` JSON DEFAULT '[]', `additionalCosts` JSON DEFAULT '[]', `attachments` JSON DEFAULT '[]', `gpsData` JSON, `weatherData` JSON, `totalCost` DECIMAL(10,2) DEFAULT '0', `totalRevenue` DECIMAL(10,2) DEFAULT '0', `productivityScore` INTEGER DEFAULT '0', `diaryType` VARCHAR(255) NOT NULL DEFAULT 'legacy', `createdAt` DATETIME NOT NULL, `updatedAt` DATETIME NOT NULL, `clientId` UUID REFERENCES `Clients` (`id`), `jobId` UUID REFERENCES `Jobs` (`id`), `invoiceId` UUID REFERENCES `Invoices` (`id`), `notes` TEXT DEFAULT '', `version` INTEGER NOT NULL DEFAULT '0');
Executing (default): INSERT INTO `Diaries_backup` SELECT `id`, `date`, `projectId`, `workerId`, `start`, `finish`, `breakMins`, `totalHours`, `ordinaryHours`, `ot1Hours`, `ot2Hours`, `costs`, `revenues`, `marginPct`, `canvasData`, `additionalCosts`, `attachments`, `gpsData`, `weatherData`, `totalCost`, `totalRevenue`, `productivityScore`, `diaryType`, `createdAt`, `updatedAt`, `clientId`, `jobId`, `invoiceId`, `notes`, `version` FROM `Diaries`;
Executing (default): DROP TABLE `Diaries`;
Executing (default): CREATE TABLE IF NOT EXISTS `Diaries` (`id` UUID UNIQUE PRIMARY KEY, `date` DATE NOT NULL, `projectId` UUID REFERENCES `Projects` (`id`), `workerId` UUID REFERENCES `Staff` (`id`), `start` TIME, `finish` TIME, `breakMins` INTEGER, `totalHours` DECIMAL(5,2), `ordinaryHours` DECIMAL(5,2), `ot1Hours` DECIMAL(5,2), `ot2Hours` DECIMAL(5,2), `costs` DECIMAL(10,2), `revenues` DECIMAL(10,2), `marginPct` DECIMAL(5,2), `canvasData` JSON DEFAULT '[]', `additionalCosts` JSON DEFAULT '[]', `attachments` JSON DEFAULT '[]', `gpsData` JSON, `weatherData` JSON, `totalCost` DECIMAL(10,2) DEFAULT '0', `totalRevenue` DECIMAL(10,2) DEFAULT '0', `productivityScore` INTEGER DEFAULT '0', `diaryType` VARCHAR(255) NOT NULL DEFAULT 'legacy', `createdAt` DATETIME NOT NULL, `updatedAt` DATETIME NOT NULL, `clientId` UUID REFERENCES `Clients` (`id`), `jobId` UUID REFERENCES `Jobs` (`id`), `invoiceId` UUID REFERENCES `Invoices` (`id`), `notes` TEXT DEFAULT '', `version` INTEGER NOT NULL DEFAULT '0');
Executing (default): INSERT INTO `Diaries` SELECT `id`, `date`, `projectId`, `workerId`, `start`, `finish`, `breakMins`, `totalHours`, `ordinaryHours`, `ot1Hours`, `ot2Hours`, `costs`, `revenues`, `marginPct`, `canvasData`, `additionalCosts`, `attachments`, `gpsData`, `weatherData`, `totalCost`, `totalRevenue`, `productivityScore`, `diaryType`, `createdAt`, `updatedAt`, `clientId`, `jobId`, `invoiceId`, `notes`, `version` FROM `Diaries_backup`;
Executing (default): DROP TABLE `Diaries_backup`;
Executing (default): PRAGMA TABLE_INFO(`Diaries`);
Executing (default): PRAGMA INDEX_LIST(`Diaries`)
Executing (default): PRAGMA INDEX_INFO(`sqlite_autoindex_Diaries_1`)
Executing (default): PRAGMA foreign_key_list(`Diaries`)
Executing (default): CREATE TABLE IF NOT EXISTS `Diaries_backup` (`id` UUID UNIQUE PRIMARY KEY, `date` DATE NOT NULL, `projectId` UUID REFERENCES `Projects` (`id`), `workerId` UUID REFERENCES `Staff` (`id`), `start` TIME, `finish` TIME, `breakMins` INTEGER, `totalHours` DECIMAL(5,2), `ordinaryHours` DECIMAL(5,2), `ot1Hours` DECIMAL(5,2), `ot2Hours` DECIMAL(5,2), `costs` DECIMAL(10,2), `revenues` DECIMAL(10,2), `marginPct` DECIMAL(5,2), `canvasData` JSON DEFAULT '[]', `additionalCosts` JSON DEFAULT '[]', `attachments` JSON DEFAULT '[]', `gpsData` JSON, `weatherData` JSON, `totalCost` DECIMAL(10,2) DEFAULT '0', `totalRevenue` DECIMAL(10,2) DEFAULT '0', `productivityScore` INTEGER DEFAULT '0', `diaryType` VARCHAR(255) NOT NULL DEFAULT 'legacy', `createdAt` DATETIME NOT NULL, `updatedAt` DATETIME NOT NULL, `clientId` UUID REFERENCES `Clients` (`id`), `jobId` UUID REFERENCES `Jobs` (`id`), `invoiceId` UUID REFERENCES `Invoices` (`id`), `notes` TEXT DEFAULT '', `version` INTEGER NOT NULL DEFAULT '0');
Executing (default): INSERT INTO `Diaries_backup` SELECT `id`, `date`, `projectId`, `workerId`, `start`, `finish`, `breakMins`, `totalHours`, `ordinaryHours`, `ot1Hours`, `ot2Hours`, `costs`, `revenues`, `marginPct`, `canvasData`, `additionalCosts`, `attachments`, `gpsData`, `weatherData`, `totalCost`, `totalRevenue`, `productivityScore`, `diaryType`, `createdAt`, `updatedAt`, `clientId`, `jobId`, `invoiceId`, `notes`, `version` FROM `Diaries`;
Executing (default): DROP TABLE `Diaries`;
Executing (default): CREATE TABLE IF NOT EXISTS `Diaries` (`id` UUID UNIQUE PRIMARY KEY, `date` DATE NOT NULL, `projectId` UUID REFERENCES `Projects` (`id`), `workerId` UUID REFERENCES `Staff` (`id`), `start` TIME, `finish` TIME, `breakMins` INTEGER, `totalHours` DECIMAL(5,2), `ordinaryHours` DECIMAL(5,2), `ot1Hours` DECIMAL(5,2), `ot2Hours` DECIMAL(5,2), `costs` DECIMAL(10,2), `revenues` DECIMAL(10,2), `marginPct` DECIMAL(5,2), `canvasData` JSON DEFAULT '[]', `additionalCosts` JSON DEFAULT '[]', `attachments` JSON DEFAULT '[]', `gpsData` JSON, `weatherData` JSON, `totalCost` DECIMAL(10,2) DEFAULT '0', `totalRevenue` DECIMAL(10,2) DEFAULT '0', `productivityScore` INTEGER DEFAULT '0', `diaryType` VARCHAR(255) NOT NULL DEFAULT 'legacy', `createdAt` DATETIME NOT NULL, `updatedAt` DATETIME NOT NULL, `clientId` UUID REFERENCES `Clients` (`id`), `jobId` UUID REFERENCES `Jobs` (`id`), `invoiceId` UUID REFERENCES `Invoices` (`id`), `notes` TEXT DEFAULT '', `version` INTEGER NOT NULL DEFAULT '0');
Executing (default): INSERT INTO `Diaries` SELECT `id`, `date`, `projectId`, `workerId`, `start`, `finish`, `breakMins`, `totalHours`, `ordinaryHours`, `ot1Hours`, `ot2Hours`, `costs`, `revenues`, `marginPct`, `canvasData`, `additionalCosts`, `attachments`, `gpsData`, `weatherData`, `totalCost`, `totalRevenue`, `productivityScore`, `diaryType`, `createdAt`, `updatedAt`, `clientId`, `jobId`, `invoiceId`, `notes`, `version` FROM `Diaries_backup`;
Executing (default): DROP TABLE `Diaries_backup`;
Executing (default): PRAGMA TABLE_INFO(`Diaries`);
Executing (default): PRAGMA INDEX_LIST(`Diaries`)
Executing (default): PRAGMA INDEX_INFO(`sqlite_autoindex_Diaries_1`)
Executing (default): PRAGMA foreign_key_list(`Diaries`)
Executing (default): CREATE TABLE IF NOT EXISTS `Diaries_backup` (`id` UUID UNIQUE PRIMARY KEY, `date` DATE NOT NULL, `projectId` UUID REFERENCES `Projects` (`id`), `workerId` UUID REFERENCES `Staff` (`id`), `start` TIME, `finish` TIME, `breakMins` INTEGER, `totalHours` DECIMAL(5,2), `ordinaryHours` DECIMAL(5,2), `ot1Hours` DECIMAL(5,2), `ot2Hours` DECIMAL(5,2), `costs` DECIMAL(10,2), `revenues` DECIMAL(10,2), `marginPct` DECIMAL(5,2), `canvasData` JSON DEFAULT '[]', `additionalCosts` JSON DEFAULT '[]', `attachments` JSON DEFAULT '[]', `gpsData` JSON, `weatherData` JSON, `totalCost` DECIMAL(10,2) DEFAULT '0', `totalRevenue` DECIMAL(10,2) DEFAULT '0', `productivityScore` INTEGER DEFAULT '0', `diaryType` VARCHAR(255) NOT NULL DEFAULT 'legacy', `createdAt` DATETIME NOT NULL, `updatedAt` DATETIME NOT NULL, `clientId` UUID REFERENCES `Clients` (`id`), `jobId` UUID REFERENCES `Jobs` (`id`), `invoiceId` UUID REFERENCES `Invoices` (`id`), `notes` TEXT DEFAULT '', `version` INTEGER NOT NULL DEFAULT '0');
Executing (default): INSERT INTO `Diaries_backup` SELECT `id`, `date`, `projectId`, `workerId`, `start`, `finish`, `breakMins`, `totalHours`, `ordinaryHours`, `ot1Hours`, `ot2Hours`, `costs`, `revenues`, `marginPct`, `canvasData`, `additionalCosts`, `attachments`, `gpsData`, `weatherData`, `totalCost`, `totalRevenue`, `productivityScore`, `diaryType`, `createdAt`, `updatedAt`, `clientId`, `jobId`, `invoiceId`, `notes`, `version` FROM `Diaries`;
Executing (default): DROP TABLE `Diaries`;
Executing (default): CREATE TABLE IF NOT EXISTS `Diaries` (`id` UUID UNIQUE PRIMARY KEY, `date` DATE NOT NULL, `projectId` UUID REFERENCES `Projects` (`id`), `workerId` UUID REFERENCES `Staff` (`id`), `start` TIME, `finish` TIME, `breakMins` INTEGER, `totalHours` DECIMAL(5,2), `ordinaryHours` DECIMAL(5,2), `ot1Hours` DECIMAL(5,2), `ot2Hours` DECIMAL(5,2), `costs` DECIMAL(10,2), `revenues` DECIMAL(10,2), `marginPct` DECIMAL(5,2), `canvasData` JSON DEFAULT '[]', `additionalCosts` JSON DEFAULT '[]', `attachments` JSON DEFAULT '[]', `gpsData` JSON, `weatherData` JSON, `totalCost` DECIMAL(10,2) DEFAULT '0', `totalRevenue` DECIMAL(10,2) DEFAULT '0', `productivityScore` INTEGER DEFAULT '0', `diaryType` VARCHAR(255) NOT NULL DEFAULT 'legacy', `createdAt` DATETIME NOT NULL, `updatedAt` DATETIME NOT NULL, `clientId` UUID REFERENCES `Clients` (`id`), `jobId` UUID REFERENCES `Jobs` (`id`), `invoiceId` UUID REFERENCES `Invoices` (`id`), `notes` TEXT DEFAULT '', `version` INTEGER NOT NULL DEFAULT '0');
Executing (default): INSERT INTO `Diaries` SELECT `id`, `date`, `projectId`, `workerId`, `start`, `finish`, `breakMins`, `totalHours`, `ordinaryHours`, `ot1Hours`, `ot2Hours`, `costs`, `revenues`, `marginPct`, `canvasData`, `additionalCosts`, `attachments`, `gpsData`, `weatherData`, `totalCost`, `totalRevenue`, `productivityScore`, `diaryType`, `createdAt`, `updatedAt`, `clientId`, `jobId`, `invoiceId`, `notes`, `version` FROM `Diaries_backup`;
Executing (default): DROP TABLE `Diaries_backup`;
Executing (default): PRAGMA TABLE_INFO(`Diaries`);
Executing (default): PRAGMA INDEX_LIST(`Diaries`)
Executing (default): PRAGMA INDEX_INFO(`sqlite_autoindex_Diaries_1`)
Executing (default): PRAGMA foreign_key_list(`Diaries`)
Executing (default): CREATE TABLE IF NOT EXISTS `Diaries_backup` (`id` UUID UNIQUE PRIMARY KEY, `date` DATE NOT NULL, `projectId` UUID REFERENCES `Projects` (`id`), `workerId` UUID REFERENCES `Staff` (`id`), `start` TIME, `finish` TIME, `breakMins` INTEGER, `totalHours` DECIMAL(5,2), `ordinaryHours` DECIMAL(5,2), `ot1Hours` DECIMAL(5,2), `ot2Hours` DECIMAL(5,2), `costs` DECIMAL(10,2), `revenues` DECIMAL(10,2), `marginPct` DECIMAL(5,2), `canvasData` JSON DEFAULT '[]', `additionalCosts` JSON DEFAULT '[]', `attachments` JSON DEFAULT '[]', `gpsData` JSON, `weatherData` JSON, `totalCost` DECIMAL(10,2) DEFAULT '0', `totalRevenue` DECIMAL(10,2) DEFAULT '0', `productivityScore` INTEGER DEFAULT '0', `diaryType` VARCHAR(255) NOT NULL DEFAULT 'legacy', `createdAt` DATETIME NOT NULL, `updatedAt` DATETIME NOT NULL, `clientId` UUID REFERENCES `Clients` (`id`), `jobId` UUID REFERENCES `Jobs` (`id`), `invoiceId` UUID REFERENCES `Invoices` (`id`), `notes` TEXT DEFAULT '', `version` INTEGER NOT NULL DEFAULT '0');
Executing (default): INSERT INTO `Diaries_backup` SELECT `id`, `date`, `projectId`, `workerId`, `start`, `finish`, `breakMins`, `totalHours`, `ordinaryHours`, `ot1Hours`, `ot2Hours`, `costs`, `revenues`, `marginPct`, `canvasData`, `additionalCosts`, `attachments`, `gpsData`, `weatherData`, `totalCost`, `totalRevenue`, `productivityScore`, `diaryType`, `createdAt`, `updatedAt`, `clientId`, `jobId`, `invoiceId`, `notes`, `version` FROM `Diaries`;
Executing (default): DROP TABLE `Diaries`;
Executing (default): CREATE TABLE IF NOT EXISTS `Diaries` (`id` UUID UNIQUE PRIMARY KEY, `date` DATE NOT NULL, `projectId` UUID REFERENCES `Projects` (`id`), `workerId` UUID REFERENCES `Staff` (`id`), `start` TIME, `finish` TIME, `breakMins` INTEGER, `totalHours` DECIMAL(5,2), `ordinaryHours` DECIMAL(5,2), `ot1Hours` DECIMAL(5,2), `ot2Hours` DECIMAL(5,2), `costs` DECIMAL(10,2), `revenues` DECIMAL(10,2), `marginPct` DECIMAL(5,2), `canvasData` JSON DEFAULT '[]', `additionalCosts` JSON DEFAULT '[]', `attachments` JSON DEFAULT '[]', `gpsData` JSON, `weatherData` JSON, `totalCost` DECIMAL(10,2) DEFAULT '0', `totalRevenue` DECIMAL(10,2) DEFAULT '0', `productivityScore` INTEGER DEFAULT '0', `diaryType` VARCHAR(255) NOT NULL DEFAULT 'legacy', `createdAt` DATETIME NOT NULL, `updatedAt` DATETIME NOT NULL, `clientId` UUID REFERENCES `Clients` (`id`), `jobId` UUID REFERENCES `Jobs` (`id`), `invoiceId` UUID REFERENCES `Invoices` (`id`), `notes` TEXT DEFAULT '', `version` INTEGER NOT NULL DEFAULT '0');
Executing (default): INSERT INTO `Diaries` SELECT `id`, `date`, `projectId`, `workerId`, `start`, `finish`, `breakMins`, `totalHours`, `ordinaryHours`, `ot1Hours`, `ot2Hours`, `costs`, `revenues`, `marginPct`, `canvasData`, `additionalCosts`, `attachments`, `gpsData`, `weatherData`, `totalCost`, `totalRevenue`, `productivityScore`, `diaryType`, `createdAt`, `updatedAt`, `clientId`, `jobId`, `invoiceId`, `notes`, `version` FROM `Diaries_backup`;
Executing (default): DROP TABLE `Diaries_backup`;
Executing (default): PRAGMA TABLE_INFO(`Diaries`);
Executing (default): PRAGMA INDEX_LIST(`Diaries`)
Executing (default): PRAGMA INDEX_INFO(`sqlite_autoindex_Diaries_1`)
Executing (default): PRAGMA foreign_key_list(`Diaries`)
Executing (default): CREATE TABLE IF NOT EXISTS `Diaries_backup` (`id` UUID UNIQUE PRIMARY KEY, `date` DATE NOT NULL, `projectId` UUID REFERENCES `Projects` (`id`), `workerId` UUID REFERENCES `Staff` (`id`), `start` TIME, `finish` TIME, `breakMins` INTEGER, `totalHours` DECIMAL(5,2), `ordinaryHours` DECIMAL(5,2), `ot1Hours` DECIMAL(5,2), `ot2Hours` DECIMAL(5,2), `costs` DECIMAL(10,2), `revenues` DECIMAL(10,2), `marginPct` DECIMAL(5,2), `canvasData` JSON DEFAULT '[]', `additionalCosts` JSON DEFAULT '[]', `attachments` JSON DEFAULT '[]', `gpsData` JSON, `weatherData` JSON, `totalCost` DECIMAL(10,2) DEFAULT '0', `totalRevenue` DECIMAL(10,2) DEFAULT '0', `productivityScore` INTEGER DEFAULT '0', `diaryType` VARCHAR(255) NOT NULL DEFAULT 'legacy', `createdAt` DATETIME NOT NULL, `updatedAt` DATETIME NOT NULL, `clientId` UUID REFERENCES `Clients` (`id`), `jobId` UUID REFERENCES `Jobs` (`id`), `invoiceId` UUID REFERENCES `Invoices` (`id`), `notes` TEXT DEFAULT '', `version` INTEGER NOT NULL DEFAULT '0');
Executing (default): INSERT INTO `Diaries_backup` SELECT `id`, `date`, `projectId`, `workerId`, `start`, `finish`, `breakMins`, `totalHours`, `ordinaryHours`, `ot1Hours`, `ot2Hours`, `costs`, `revenues`, `marginPct`, `canvasData`, `additionalCosts`, `attachments`, `gpsData`, `weatherData`, `totalCost`, `totalRevenue`, `productivityScore`, `diaryType`, `createdAt`, `updatedAt`, `clientId`, `jobId`, `invoiceId`, `notes`, `version` FROM `Diaries`;
Executing (default): DROP TABLE `Diaries`;
Executing (default): CREATE TABLE IF NOT EXISTS `Diaries` (`id` UUID UNIQUE PRIMARY KEY, `date` DATE NOT NULL, `projectId` UUID REFERENCES `Projects` (`id`), `workerId` UUID REFERENCES `Staff` (`id`), `start` TIME, `finish` TIME, `breakMins` INTEGER, `totalHours` DECIMAL(5,2), `ordinaryHours` DECIMAL(5,2), `ot1Hours` DECIMAL(5,2), `ot2Hours` DECIMAL(5,2), `costs` DECIMAL(10,2), `revenues` DECIMAL(10,2), `marginPct` DECIMAL(5,2), `canvasData` JSON DEFAULT '[]', `additionalCosts` JSON DEFAULT '[]', `attachments` JSON DEFAULT '[]', `gpsData` JSON, `weatherData` JSON, `totalCost` DECIMAL(10,2) DEFAULT '0', `totalRevenue` DECIMAL(10,2) DEFAULT '0', `productivityScore` INTEGER DEFAULT '0', `diaryType` VARCHAR(255) NOT NULL DEFAULT 'legacy', `createdAt` DATETIME NOT NULL, `updatedAt` DATETIME NOT NULL, `clientId` UUID REFERENCES `Clients` (`id`), `jobId` UUID REFERENCES `Jobs` (`id`), `invoiceId` UUID REFERENCES `Invoices` (`id`), `notes` TEXT DEFAULT '', `version` INTEGER NOT NULL DEFAULT '0');
Executing (default): INSERT INTO `Diaries` SELECT `id`, `date`, `projectId`, `workerId`, `start`, `finish`, `breakMins`, `totalHours`, `ordinaryHours`, `ot1Hours`, `ot2Hours`, `costs`, `revenues`, `marginPct`, `canvasData`, `additionalCosts`, `attachments`, `gpsData`, `weatherData`, `totalCost`, `totalRevenue`, `productivityScore`, `diaryType`, `createdAt`, `updatedAt`, `clientId`, `jobId`, `invoiceId`, `notes`, `version` FROM `Diaries_backup`;
Executing (default): DROP TABLE `Diaries_backup`;
Executing (default): PRAGMA TABLE_INFO(`Diaries`);
Executing (default): PRAGMA INDEX_LIST(`Diaries`)
Executing (default): PRAGMA INDEX_INFO(`sqlite_autoindex_Diaries_1`)
Executing (default): PRAGMA foreign_key_list(`Diaries`)
Executing (default): CREATE TABLE IF NOT EXISTS `Diaries_backup` (`id` UUID UNIQUE PRIMARY KEY, `date` DATE NOT NULL, `projectId` UUID REFERENCES `Projects` (`id`), `workerId` UUID REFERENCES `Staff` (`id`), `start` TIME, `finish` TIME, `breakMins` INTEGER, `totalHours` DECIMAL(5,2), `ordinaryHours` DECIMAL(5,2), `ot1Hours` DECIMAL(5,2), `ot2Hours` DECIMAL(5,2), `costs` DECIMAL(10,2), `revenues` DECIMAL(10,2), `marginPct` DECIMAL(5,2), `canvasData` JSON DEFAULT '[]', `additionalCosts` JSON DEFAULT '[]', `attachments` JSON DEFAULT '[]', `gpsData` JSON, `weatherData` JSON, `totalCost` DECIMAL(10,2) DEFAULT '0', `totalRevenue` DECIMAL(10,2) DEFAULT '0', `productivityScore` INTEGER DEFAULT '0', `diaryType` VARCHAR(255) NOT NULL DEFAULT 'legacy', `createdAt` DATETIME NOT NULL, `updatedAt` DATETIME NOT NULL, `clientId` UUID REFERENCES `Clients` (`id`), `jobId` UUID REFERENCES `Jobs` (`id`), `invoiceId` UUID REFERENCES `Invoices` (`id`), `notes` TEXT DEFAULT '', `version` INTEGER NOT NULL DEFAULT '0');
Executing (default): INSERT INTO `Diaries_backup` SELECT `id`, `date`, `projectId`, `workerId`, `start`, `finish`, `breakMins`, `totalHours`, `ordinaryHours`, `ot1Hours`, `ot2Hours`, `costs`, `revenues`, `marginPct`, `canvasData`, `additionalCosts`, `attachments`, `gpsData`, `weatherData`, `totalCost`, `totalRevenue`, `productivityScore`, `diaryType`, `createdAt`, `updatedAt`, `clientId`, `jobId`, `invoiceId`, `notes`, `version` FROM `Diaries`;
Executing (default): DROP TABLE `Diaries`;
Executing (default): CREATE TABLE IF NOT EXISTS `Diaries` (`id` UUID UNIQUE PRIMARY KEY, `date` DATE NOT NULL, `projectId` UUID REFERENCES `Projects` (`id`), `workerId` UUID REFERENCES `Staff` (`id`), `start` TIME, `finish` TIME, `breakMins` INTEGER, `totalHours` DECIMAL(5,2), `ordinaryHours` DECIMAL(5,2), `ot1Hours` DECIMAL(5,2), `ot2Hours` DECIMAL(5,2), `costs` DECIMAL(10,2), `revenues` DECIMAL(10,2), `marginPct` DECIMAL(5,2), `canvasData` JSON DEFAULT '[]', `additionalCosts` JSON DEFAULT '[]', `attachments` JSON DEFAULT '[]', `gpsData` JSON, `weatherData` JSON, `totalCost` DECIMAL(10,2) DEFAULT '0', `totalRevenue` DECIMAL(10,2) DEFAULT '0', `productivityScore` INTEGER DEFAULT '0', `diaryType` VARCHAR(255) NOT NULL DEFAULT 'legacy', `createdAt` DATETIME NOT NULL, `updatedAt` DATETIME NOT NULL, `clientId` UUID REFERENCES `Clients` (`id`), `jobId` UUID REFERENCES `Jobs` (`id`), `invoiceId` UUID REFERENCES `Invoices` (`id`), `notes` TEXT DEFAULT '', `version` INTEGER NOT NULL DEFAULT '0');
Executing (default): INSERT INTO `Diaries` SELECT `id`, `date`, `projectId`, `workerId`, `start`, `finish`, `breakMins`, `totalHours`, `ordinaryHours`, `ot1Hours`, `ot2Hours`, `costs`, `revenues`, `marginPct`, `canvasData`, `additionalCosts`, `attachments`, `gpsData`, `weatherData`, `totalCost`, `totalRevenue`, `productivityScore`, `diaryType`, `createdAt`, `updatedAt`, `clientId`, `jobId`, `invoiceId`, `notes`, `version` FROM `Diaries_backup`;
Executing (default): DROP TABLE `Diaries_backup`;
Executing (default): PRAGMA TABLE_INFO(`Diaries`);
Executing (default): PRAGMA INDEX_LIST(`Diaries`)
Executing (default): PRAGMA INDEX_INFO(`sqlite_autoindex_Diaries_1`)
Executing (default): PRAGMA foreign_key_list(`Diaries`)
Executing (default): CREATE TABLE IF NOT EXISTS `Diaries_backup` (`id` UUID UNIQUE PRIMARY KEY, `date` DATE NOT NULL, `projectId` UUID REFERENCES `Projects` (`id`), `workerId` UUID REFERENCES `Staff` (`id`), `start` TIME, `finish` TIME, `breakMins` INTEGER, `totalHours` DECIMAL(5,2), `ordinaryHours` DECIMAL(5,2), `ot1Hours` DECIMAL(5,2), `ot2Hours` DECIMAL(5,2), `costs` DECIMAL(10,2), `revenues` DECIMAL(10,2), `marginPct` DECIMAL(5,2), `canvasData` JSON DEFAULT '[]', `additionalCosts` JSON DEFAULT '[]', `attachments` JSON DEFAULT '[]', `gpsData` JSON, `weatherData` JSON, `totalCost` DECIMAL(10,2) DEFAULT '0', `totalRevenue` DECIMAL(10,2) DEFAULT '0', `productivityScore` INTEGER DEFAULT '0', `diaryType` VARCHAR(255) NOT NULL DEFAULT 'legacy', `createdAt` DATETIME NOT NULL, `updatedAt` DATETIME NOT NULL, `clientId` UUID REFERENCES `Clients` (`id`), `jobId` UUID REFERENCES `Jobs` (`id`), `invoiceId` UUID REFERENCES `Invoices` (`id`), `notes` TEXT DEFAULT '', `version` INTEGER NOT NULL DEFAULT '0');
Executing (default): INSERT INTO `Diaries_backup` SELECT `id`, `date`, `projectId`, `workerId`, `start`, `finish`, `breakMins`, `totalHours`, `ordinaryHours`, `ot1Hours`, `ot2Hours`, `costs`, `revenues`, `marginPct`, `canvasData`, `additionalCosts`, `attachments`, `gpsData`, `weatherData`, `totalCost`, `totalRevenue`, `productivityScore`, `diaryType`, `createdAt`, `updatedAt`, `clientId`, `jobId`, `invoiceId`, `notes`, `version` FROM `Diaries`;
Executing (default): DROP TABLE `Diaries`;
Executing (default): CREATE TABLE IF NOT EXISTS `Diaries` (`id` UUID UNIQUE PRIMARY KEY, `date` DATE NOT NULL, `projectId` UUID REFERENCES `Projects` (`id`), `workerId` UUID REFERENCES `Staff` (`id`), `start` TIME, `finish` TIME, `breakMins` INTEGER, `totalHours` DECIMAL(5,2), `ordinaryHours` DECIMAL(5,2), `ot1Hours` DECIMAL(5,2), `ot2Hours` DECIMAL(5,2), `costs` DECIMAL(10,2), `revenues` DECIMAL(10,2), `marginPct` DECIMAL(5,2), `canvasData` JSON DEFAULT '[]', `additionalCosts` JSON DEFAULT '[]', `attachments` JSON DEFAULT '[]', `gpsData` JSON, `weatherData` JSON, `totalCost` DECIMAL(10,2) DEFAULT '0', `totalRevenue` DECIMAL(10,2) DEFAULT '0', `productivityScore` INTEGER DEFAULT '0', `diaryType` VARCHAR(255) NOT NULL DEFAULT 'legacy', `createdAt` DATETIME NOT NULL, `updatedAt` DATETIME NOT NULL, `clientId` UUID REFERENCES `Clients` (`id`), `jobId` UUID REFERENCES `Jobs` (`id`), `invoiceId` UUID REFERENCES `Invoices` (`id`), `notes` TEXT DEFAULT '', `version` INTEGER NOT NULL DEFAULT '0');
Executing (default): INSERT INTO `Diaries` SELECT `id`, `date`, `projectId`, `workerId`, `start`, `finish`, `breakMins`, `totalHours`, `ordinaryHours`, `ot1Hours`, `ot2Hours`, `costs`, `revenues`, `marginPct`, `canvasData`, `additionalCosts`, `attachments`, `gpsData`, `weatherData`, `totalCost`, `totalRevenue`, `productivityScore`, `diaryType`, `createdAt`, `updatedAt`, `clientId`, `jobId`, `invoiceId`, `notes`, `version` FROM `Diaries_backup`;
Executing (default): DROP TABLE `Diaries_backup`;
Executing (default): PRAGMA TABLE_INFO(`Diaries`);
Executing (default): PRAGMA INDEX_LIST(`Diaries`)
Executing (default): PRAGMA INDEX_INFO(`sqlite_autoindex_Diaries_1`)
Executing (default): PRAGMA foreign_key_list(`Diaries`)
Executing (default): CREATE TABLE IF NOT EXISTS `Diaries_backup` (`id` UUID UNIQUE PRIMARY KEY, `date` DATE NOT NULL, `projectId` UUID REFERENCES `Projects` (`id`), `workerId` UUID REFERENCES `Staff` (`id`), `start` TIME, `finish` TIME, `breakMins` INTEGER, `totalHours` DECIMAL(5,2), `ordinaryHours` DECIMAL(5,2), `ot1Hours` DECIMAL(5,2), `ot2Hours` DECIMAL(5,2), `costs` DECIMAL(10,2), `revenues` DECIMAL(10,2), `marginPct` DECIMAL(5,2), `canvasData` JSON DEFAULT '[]', `additionalCosts` JSON DEFAULT '[]', `attachments` JSON DEFAULT '[]', `gpsData` JSON, `weatherData` JSON, `totalCost` DECIMAL(10,2) DEFAULT '0', `totalRevenue` DECIMAL(10,2) DEFAULT '0', `productivityScore` INTEGER DEFAULT '0', `diaryType` VARCHAR(255) NOT NULL DEFAULT 'legacy', `createdAt` DATETIME NOT NULL, `updatedAt` DATETIME NOT NULL, `clientId` UUID REFERENCES `Clients` (`id`), `jobId` UUID REFERENCES `Jobs` (`id`), `invoiceId` UUID REFERENCES `Invoices` (`id`), `notes` TEXT DEFAULT '', `version` INTEGER NOT NULL DEFAULT '0');
Executing (default): INSERT INTO `Diaries_backup` SELECT `id`, `date`, `projectId`, `workerId`, `start`, `finish`, `breakMins`, `totalHours`, `ordinaryHours`, `ot1Hours`, `ot2Hours`, `costs`, `revenues`, `marginPct`, `canvasData`, `additionalCosts`, `attachments`, `gpsData`, `weatherData`, `totalCost`, `totalRevenue`, `productivityScore`, `diaryType`, `createdAt`, `updatedAt`, `clientId`, `jobId`, `invoiceId`, `notes`, `version` FROM `Diaries`;
Executing (default): DROP TABLE `Diaries`;
Executing (default): CREATE TABLE IF NOT EXISTS `Diaries` (`id` UUID UNIQUE PRIMARY KEY, `date` DATE NOT NULL, `projectId` UUID REFERENCES `Projects` (`id`), `workerId` UUID REFERENCES `Staff` (`id`), `start` TIME, `finish` TIME, `breakMins` INTEGER, `totalHours` DECIMAL(5,2), `ordinaryHours` DECIMAL(5,2), `ot1Hours` DECIMAL(5,2), `ot2Hours` DECIMAL(5,2), `costs` DECIMAL(10,2), `revenues` DECIMAL(10,2), `marginPct` DECIMAL(5,2), `canvasData` JSON DEFAULT '[]', `additionalCosts` JSON DEFAULT '[]', `attachments` JSON DEFAULT '[]', `gpsData` JSON, `weatherData` JSON, `totalCost` DECIMAL(10,2) DEFAULT '0', `totalRevenue` DECIMAL(10,2) DEFAULT '0', `productivityScore` INTEGER DEFAULT '0', `diaryType` VARCHAR(255) NOT NULL DEFAULT 'legacy', `createdAt` DATETIME NOT NULL, `updatedAt` DATETIME NOT NULL, `clientId` UUID REFERENCES `Clients` (`id`), `jobId` UUID REFERENCES `Jobs` (`id`), `invoiceId` UUID REFERENCES `Invoices` (`id`), `notes` TEXT DEFAULT '', `version` INTEGER NOT NULL DEFAULT '0');
Executing (default): INSERT INTO `Diaries` SELECT `id`, `date`, `projectId`, `workerId`, `start`, `finish`, `breakMins`, `totalHours`, `ordinaryHours`, `ot1Hours`, `ot2Hours`, `costs`, `revenues`, `marginPct`, `canvasData`, `additionalCosts`, `attachments`, `gpsData`, `weatherData`, `totalCost`, `totalRevenue`, `productivityScore`, `diaryType`, `createdAt`, `updatedAt`, `clientId`, `jobId`, `invoiceId`, `notes`, `version` FROM `Diaries_backup`;
Executing (default): DROP TABLE `Diaries_backup`;
Executing (default): PRAGMA TABLE_INFO(`Diaries`);
Executing (default): PRAGMA INDEX_LIST(`Diaries`)
Executing (default): PRAGMA INDEX_INFO(`sqlite_autoindex_Diaries_1`)
Executing (default): PRAGMA foreign_key_list(`Diaries`)
Executing (default): CREATE TABLE IF NOT EXISTS `Diaries_backup` (`id` UUID UNIQUE PRIMARY KEY, `date` DATE NOT NULL, `projectId` UUID REFERENCES `Projects` (`id`), `workerId` UUID REFERENCES `Staff` (`id`), `start` TIME, `finish` TIME, `breakMins` INTEGER, `totalHours` DECIMAL(5,2), `ordinaryHours` DECIMAL(5,2), `ot1Hours` DECIMAL(5,2), `ot2Hours` DECIMAL(5,2), `costs` DECIMAL(10,2), `revenues` DECIMAL(10,2), `marginPct` DECIMAL(5,2), `canvasData` JSON DEFAULT '[]', `additionalCosts` JSON DEFAULT '[]', `attachments` JSON DEFAULT '[]', `gpsData` JSON, `weatherData` JSON, `totalCost` DECIMAL(10,2) DEFAULT '0', `totalRevenue` DECIMAL(10,2) DEFAULT '0', `productivityScore` INTEGER DEFAULT '0', `diaryType` VARCHAR(255) NOT NULL DEFAULT 'legacy', `createdAt` DATETIME NOT NULL, `updatedAt` DATETIME NOT NULL, `clientId` UUID REFERENCES `Clients` (`id`), `jobId` UUID REFERENCES `Jobs` (`id`), `invoiceId` UUID REFERENCES `Invoices` (`id`), `notes` TEXT DEFAULT '', `version` INTEGER NOT NULL DEFAULT '0');
Executing (default): INSERT INTO `Diaries_backup` SELECT `id`, `date`, `projectId`, `workerId`, `start`, `finish`, `breakMins`, `totalHours`, `ordinaryHours`, `ot1Hours`, `ot2Hours`, `costs`, `revenues`, `marginPct`, `canvasData`, `additionalCosts`, `attachments`, `gpsData`, `weatherData`, `totalCost`, `totalRevenue`, `productivityScore`, `diaryType`, `createdAt`, `updatedAt`, `clientId`, `jobId`, `invoiceId`, `notes`, `version` FROM `Diaries`;
Executing (default): DROP TABLE `Diaries`;
Executing (default): CREATE TABLE IF NOT EXISTS `Diaries` (`id` UUID UNIQUE PRIMARY KEY, `date` DATE NOT NULL, `projectId` UUID REFERENCES `Projects` (`id`), `workerId` UUID REFERENCES `Staff` (`id`), `start` TIME, `finish` TIME, `breakMins` INTEGER, `totalHours` DECIMAL(5,2), `ordinaryHours` DECIMAL(5,2), `ot1Hours` DECIMAL(5,2), `ot2Hours` DECIMAL(5,2), `costs` DECIMAL(10,2), `revenues` DECIMAL(10,2), `marginPct` DECIMAL(5,2), `canvasData` JSON DEFAULT '[]', `additionalCosts` JSON DEFAULT '[]', `attachments` JSON DEFAULT '[]', `gpsData` JSON, `weatherData` JSON, `totalCost` DECIMAL(10,2) DEFAULT '0', `totalRevenue` DECIMAL(10,2) DEFAULT '0', `productivityScore` INTEGER DEFAULT '0', `diaryType` VARCHAR(255) NOT NULL DEFAULT 'legacy', `createdAt` DATETIME NOT NULL, `updatedAt` DATETIME NOT NULL, `clientId` UUID REFERENCES `Clients` (`id`), `jobId` UUID REFERENCES `Jobs` (`id`), `invoiceId` UUID REFERENCES `Invoices` (`id`), `notes` TEXT DEFAULT '', `version` INTEGER NOT NULL DEFAULT '0');
Executing (default): INSERT INTO `Diaries` SELECT `id`, `date`, `projectId`, `workerId`, `start`, `finish`, `breakMins`, `totalHours`, `ordinaryHours`, `ot1Hours`, `ot2Hours`, `costs`, `revenues`, `marginPct`, `canvasData`, `additionalCosts`, `attachments`, `gpsData`, `weatherData`, `totalCost`, `totalRevenue`, `productivityScore`, `diaryType`, `createdAt`, `updatedAt`, `clientId`, `jobId`, `invoiceId`, `notes`, `version` FROM `Diaries_backup`;
Executing (default): DROP TABLE `Diaries_backup`;
Executing (default): PRAGMA TABLE_INFO(`Diaries`);
Executing (default): PRAGMA INDEX_LIST(`Diaries`)
Executing (default): PRAGMA INDEX_INFO(`sqlite_autoindex_Diaries_1`)
Executing (default): PRAGMA foreign_key_list(`Diaries`)
Executing (default): CREATE TABLE IF NOT EXISTS `Diaries_backup` (`id` UUID UNIQUE PRIMARY KEY, `date` DATE NOT NULL, `projectId` UUID REFERENCES `Projects` (`id`), `workerId` UUID REFERENCES `Staff` (`id`), `start` TIME, `finish` TIME, `breakMins` INTEGER, `totalHours` DECIMAL(5,2), `ordinaryHours` DECIMAL(5,2), `ot1Hours` DECIMAL(5,2), `ot2Hours` DECIMAL(5,2), `costs` DECIMAL(10,2), `revenues` DECIMAL(10,2), `marginPct` DECIMAL(5,2), `canvasData` JSON DEFAULT '[]', `additionalCosts` JSON DEFAULT '[]', `attachments` JSON DEFAULT '[]', `gpsData` JSON, `weatherData` JSON, `totalCost` DECIMAL(10,2) DEFAULT '0', `totalRevenue` DECIMAL(10,2) DEFAULT '0', `productivityScore` INTEGER DEFAULT '0', `diaryType` VARCHAR(255) NOT NULL DEFAULT 'legacy', `createdAt` DATETIME NOT NULL, `updatedAt` DATETIME NOT NULL, `clientId` UUID REFERENCES `Clients` (`id`), `jobId` UUID REFERENCES `Jobs` (`id`), `invoiceId` UUID REFERENCES `Invoices` (`id`), `notes` TEXT DEFAULT '', `version` INTEGER NOT NULL DEFAULT '0');
Executing (default): INSERT INTO `Diaries_backup` SELECT `id`, `date`, `projectId`, `workerId`, `start`, `finish`, `breakMins`, `totalHours`, `ordinaryHours`, `ot1Hours`, `ot2Hours`, `costs`, `revenues`, `marginPct`, `canvasData`, `additionalCosts`, `attachments`, `gpsData`, `weatherData`, `totalCost`, `totalRevenue`, `productivityScore`, `diaryType`, `createdAt`, `updatedAt`, `clientId`, `jobId`, `invoiceId`, `notes`, `version` FROM `Diaries`;
Executing (default): DROP TABLE `Diaries`;
Executing (default): CREATE TABLE IF NOT EXISTS `Diaries` (`id` UUID UNIQUE PRIMARY KEY, `date` DATE NOT NULL, `projectId` UUID REFERENCES `Projects` (`id`), `workerId` UUID REFERENCES `Staff` (`id`), `start` TIME, `finish` TIME, `breakMins` INTEGER, `totalHours` DECIMAL(5,2), `ordinaryHours` DECIMAL(5,2), `ot1Hours` DECIMAL(5,2), `ot2Hours` DECIMAL(5,2), `costs` DECIMAL(10,2), `revenues` DECIMAL(10,2), `marginPct` DECIMAL(5,2), `canvasData` JSON DEFAULT '[]', `additionalCosts` JSON DEFAULT '[]', `attachments` JSON DEFAULT '[]', `gpsData` JSON, `weatherData` JSON, `totalCost` DECIMAL(10,2) DEFAULT '0', `totalRevenue` DECIMAL(10,2) DEFAULT '0', `productivityScore` INTEGER DEFAULT '0', `diaryType` VARCHAR(255) NOT NULL DEFAULT 'legacy', `createdAt` DATETIME NOT NULL, `updatedAt` DATETIME NOT NULL, `clientId` UUID REFERENCES `Clients` (`id`), `jobId` UUID REFERENCES `Jobs` (`id`), `invoiceId` UUID REFERENCES `Invoices` (`id`), `notes` TEXT DEFAULT '', `version` INTEGER NOT NULL DEFAULT '0');
Executing (default): INSERT INTO `Diaries` SELECT `id`, `date`, `projectId`, `workerId`, `start`, `finish`, `breakMins`, `totalHours`, `ordinaryHours`, `ot1Hours`, `ot2Hours`, `costs`, `revenues`, `marginPct`, `canvasData`, `additionalCosts`, `attachments`, `gpsData`, `weatherData`, `totalCost`, `totalRevenue`, `productivityScore`, `diaryType`, `createdAt`, `updatedAt`, `clientId`, `jobId`, `invoiceId`, `notes`, `version` FROM `Diaries_backup`;
Executing (default): DROP TABLE `Diaries_backup`;
Executing (default): PRAGMA TABLE_INFO(`Diaries`);
Executing (default): PRAGMA INDEX_LIST(`Diaries`)
Executing (default): PRAGMA INDEX_INFO(`sqlite_autoindex_Diaries_1`)
Executing (default): PRAGMA foreign_key_list(`Diaries`)
Executing (default): CREATE TABLE IF NOT EXISTS `Diaries_backup` (`id` UUID UNIQUE PRIMARY KEY, `date` DATE NOT NULL, `projectId` UUID REFERENCES `Projects` (`id`), `workerId` UUID REFERENCES `Staff` (`id`), `start` TIME, `finish` TIME, `breakMins` INTEGER, `totalHours` DECIMAL(5,2), `ordinaryHours` DECIMAL(5,2), `ot1Hours` DECIMAL(5,2), `ot2Hours` DECIMAL(5,2), `costs` DECIMAL(10,2), `revenues` DECIMAL(10,2), `marginPct` DECIMAL(5,2), `canvasData` JSON DEFAULT '[]', `additionalCosts` JSON DEFAULT '[]', `attachments` JSON DEFAULT '[]', `gpsData` JSON, `weatherData` JSON, `totalCost` DECIMAL(10,2) DEFAULT '0', `totalRevenue` DECIMAL(10,2) DEFAULT '0', `productivityScore` INTEGER DEFAULT '0', `diaryType` VARCHAR(255) NOT NULL DEFAULT 'legacy', `createdAt` DATETIME NOT NULL, `updatedAt` DATETIME NOT NULL, `clientId` UUID REFERENCES `Clients` (`id`), `jobId` UUID REFERENCES `Jobs` (`id`), `invoiceId` UUID REFERENCES `Invoices` (`id`), `notes` TEXT DEFAULT '', `version` INTEGER NOT NULL DEFAULT '0');
Executing (default): INSERT INTO `Diaries_backup` SELECT `id`, `date`, `projectId`, `workerId`, `start`, `finish`, `breakMins`, `totalHours`, `ordinaryHours`, `ot1Hours`, `ot2Hours`, `costs`, `revenues`, `marginPct`, `canvasData`, `additionalCosts`, `attachments`, `gpsData`, `weatherData`, `totalCost`, `totalRevenue`, `productivityScore`, `diaryType`, `createdAt`, `updatedAt`, `clientId`, `jobId`, `invoiceId`, `notes`, `version` FROM `Diaries`;
Executing (default): DROP TABLE `Diaries`;
Executing (default): CREATE TABLE IF NOT EXISTS `Diaries` (`id` UUID UNIQUE PRIMARY KEY, `date` DATE NOT NULL, `projectId` UUID REFERENCES `Projects` (`id`), `workerId` UUID REFERENCES `Staff` (`id`), `start` TIME, `finish` TIME, `breakMins` INTEGER, `totalHours` DECIMAL(5,2), `ordinaryHours` DECIMAL(5,2), `ot1Hours` DECIMAL(5,2), `ot2Hours` DECIMAL(5,2), `costs` DECIMAL(10,2), `revenues` DECIMAL(10,2), `marginPct` DECIMAL(5,2), `canvasData` JSON DEFAULT '[]', `additionalCosts` JSON DEFAULT '[]', `attachments` JSON DEFAULT '[]', `gpsData` JSON, `weatherData` JSON, `totalCost` DECIMAL(10,2) DEFAULT '0', `totalRevenue` DECIMAL(10,2) DEFAULT '0', `productivityScore` INTEGER DEFAULT '0', `diaryType` VARCHAR(255) NOT NULL DEFAULT 'legacy', `createdAt` DATETIME NOT NULL, `updatedAt` DATETIME NOT NULL, `clientId` UUID REFERENCES `Clients` (`id`), `jobId` UUID REFERENCES `Jobs` (`id`), `invoiceId` UUID REFERENCES `Invoices` (`id`), `notes` TEXT DEFAULT '', `version` INTEGER NOT NULL DEFAULT '0');
Executing (default): INSERT INTO `Diaries` SELECT `id`, `date`, `projectId`, `workerId`, `start`, `finish`, `breakMins`, `totalHours`, `ordinaryHours`, `ot1Hours`, `ot2Hours`, `costs`, `revenues`, `marginPct`, `canvasData`, `additionalCosts`, `attachments`, `gpsData`, `weatherData`, `totalCost`, `totalRevenue`, `productivityScore`, `diaryType`, `createdAt`, `updatedAt`, `clientId`, `jobId`, `invoiceId`, `notes`, `version` FROM `Diaries_backup`;
Executing (default): DROP TABLE `Diaries_backup`;
Executing (default): PRAGMA TABLE_INFO(`Diaries`);
Executing (default): PRAGMA INDEX_LIST(`Diaries`)
Executing (default): PRAGMA INDEX_INFO(`sqlite_autoindex_Diaries_1`)
Executing (default): PRAGMA foreign_key_list(`Diaries`)
Executing (default): CREATE TABLE IF NOT EXISTS `Diaries_backup` (`id` UUID UNIQUE PRIMARY KEY, `date` DATE NOT NULL, `projectId` UUID REFERENCES `Projects` (`id`), `workerId` UUID REFERENCES `Staff` (`id`), `start` TIME, `finish` TIME, `breakMins` INTEGER, `totalHours` DECIMAL(5,2), `ordinaryHours` DECIMAL(5,2), `ot1Hours` DECIMAL(5,2), `ot2Hours` DECIMAL(5,2), `costs` DECIMAL(10,2), `revenues` DECIMAL(10,2), `marginPct` DECIMAL(5,2), `canvasData` JSON DEFAULT '[]', `additionalCosts` JSON DEFAULT '[]', `attachments` JSON DEFAULT '[]', `gpsData` JSON, `weatherData` JSON, `totalCost` DECIMAL(10,2) DEFAULT '0', `totalRevenue` DECIMAL(10,2) DEFAULT '0', `productivityScore` INTEGER DEFAULT '0', `diaryType` VARCHAR(255) NOT NULL DEFAULT 'legacy', `createdAt` DATETIME NOT NULL, `updatedAt` DATETIME NOT NULL, `clientId` UUID REFERENCES `Clients` (`id`), `jobId` UUID REFERENCES `Jobs` (`id`), `invoiceId` UUID REFERENCES `Invoices` (`id`), `notes` TEXT DEFAULT '', `version` INTEGER NOT NULL DEFAULT '0');
Executing (default): INSERT INTO `Diaries_backup` SELECT `id`, `date`, `projectId`, `workerId`, `start`, `finish`, `breakMins`, `totalHours`, `ordinaryHours`, `ot1Hours`, `ot2Hours`, `costs`, `revenues`, `marginPct`, `canvasData`, `additionalCosts`, `attachments`, `gpsData`, `weatherData`, `totalCost`, `totalRevenue`, `productivityScore`, `diaryType`, `createdAt`, `updatedAt`, `clientId`, `jobId`, `invoiceId`, `notes`, `version` FROM `Diaries`;
Executing (default): DROP TABLE `Diaries`;
Executing (default): CREATE TABLE IF NOT EXISTS `Diaries` (`id` UUID UNIQUE PRIMARY KEY, `date` DATE NOT NULL, `projectId` UUID REFERENCES `Projects` (`id`), `workerId` UUID REFERENCES `Staff` (`id`), `start` TIME, `finish` TIME, `breakMins` INTEGER, `totalHours` DECIMAL(5,2), `ordinaryHours` DECIMAL(5,2), `ot1Hours` DECIMAL(5,2), `ot2Hours` DECIMAL(5,2), `costs` DECIMAL(10,2), `revenues` DECIMAL(10,2), `marginPct` DECIMAL(5,2), `canvasData` JSON DEFAULT '[]', `additionalCosts` JSON DEFAULT '[]', `attachments` JSON DEFAULT '[]', `gpsData` JSON, `weatherData` JSON, `totalCost` DECIMAL(10,2) DEFAULT '0', `totalRevenue` DECIMAL(10,2) DEFAULT '0', `productivityScore` INTEGER DEFAULT '0', `diaryType` VARCHAR(255) NOT NULL DEFAULT 'legacy', `createdAt` DATETIME NOT NULL, `updatedAt` DATETIME NOT NULL, `clientId` UUID REFERENCES `Clients` (`id`), `jobId` UUID REFERENCES `Jobs` (`id`), `invoiceId` UUID REFERENCES `Invoices` (`id`), `notes` TEXT DEFAULT '', `version` INTEGER NOT NULL DEFAULT '0');
Executing (default): INSERT INTO `Diaries` SELECT `id`, `date`, `projectId`, `workerId`, `start`, `finish`, `breakMins`, `totalHours`, `ordinaryHours`, `ot1Hours`, `ot2Hours`, `costs`, `revenues`, `marginPct`, `canvasData`, `additionalCosts`, `attachments`, `gpsData`, `weatherData`, `totalCost`, `totalRevenue`, `productivityScore`, `diaryType`, `createdAt`, `updatedAt`, `clientId`, `jobId`, `invoiceId`, `notes`, `version` FROM `Diaries_backup`;
Executing (default): DROP TABLE `Diaries_backup`;
Executing (default): PRAGMA TABLE_INFO(`Diaries`);
Executing (default): PRAGMA INDEX_LIST(`Diaries`)
Executing (default): PRAGMA INDEX_INFO(`sqlite_autoindex_Diaries_1`)
Executing (default): PRAGMA foreign_key_list(`Diaries`)
Executing (default): CREATE TABLE IF NOT EXISTS `Diaries_backup` (`id` UUID UNIQUE PRIMARY KEY, `date` DATE NOT NULL, `projectId` UUID REFERENCES `Projects` (`id`), `workerId` UUID REFERENCES `Staff` (`id`), `start` TIME, `finish` TIME, `breakMins` INTEGER, `totalHours` DECIMAL(5,2), `ordinaryHours` DECIMAL(5,2), `ot1Hours` DECIMAL(5,2), `ot2Hours` DECIMAL(5,2), `costs` DECIMAL(10,2), `revenues` DECIMAL(10,2), `marginPct` DECIMAL(5,2), `canvasData` JSON DEFAULT '[]', `additionalCosts` JSON DEFAULT '[]', `attachments` JSON DEFAULT '[]', `gpsData` JSON, `weatherData` JSON, `totalCost` DECIMAL(10,2) DEFAULT 0, `totalRevenue` DECIMAL(10,2) DEFAULT '0', `productivityScore` INTEGER DEFAULT '0', `diaryType` VARCHAR(255) NOT NULL DEFAULT 'legacy', `createdAt` DATETIME NOT NULL, `updatedAt` DATETIME NOT NULL, `clientId` UUID REFERENCES `Clients` (`id`), `jobId` UUID REFERENCES `Jobs` (`id`), `invoiceId` UUID REFERENCES `Invoices` (`id`), `notes` TEXT DEFAULT '', `version` INTEGER NOT NULL DEFAULT '0');
Executing (default): INSERT INTO `Diaries_backup` SELECT `id`, `date`, `projectId`, `workerId`, `start`, `finish`, `breakMins`, `totalHours`, `ordinaryHours`, `ot1Hours`, `ot2Hours`, `costs`, `revenues`, `marginPct`, `canvasData`, `additionalCosts`, `attachments`, `gpsData`, `weatherData`, `totalCost`, `totalRevenue`, `productivityScore`, `diaryType`, `createdAt`, `updatedAt`, `clientId`, `jobId`, `invoiceId`, `notes`, `version` FROM `Diaries`;
Executing (default): DROP TABLE `Diaries`;
Executing (default): CREATE TABLE IF NOT EXISTS `Diaries` (`id` UUID UNIQUE PRIMARY KEY, `date` DATE NOT NULL, `projectId` UUID REFERENCES `Projects` (`id`), `workerId` UUID REFERENCES `Staff` (`id`), `start` TIME, `finish` TIME, `breakMins` INTEGER, `totalHours` DECIMAL(5,2), `ordinaryHours` DECIMAL(5,2), `ot1Hours` DECIMAL(5,2), `ot2Hours` DECIMAL(5,2), `costs` DECIMAL(10,2), `revenues` DECIMAL(10,2), `marginPct` DECIMAL(5,2), `canvasData` JSON DEFAULT '[]', `additionalCosts` JSON DEFAULT '[]', `attachments` JSON DEFAULT '[]', `gpsData` JSON, `weatherData` JSON, `totalCost` DECIMAL(10,2) DEFAULT 0, `totalRevenue` DECIMAL(10,2) DEFAULT '0', `productivityScore` INTEGER DEFAULT '0', `diaryType` VARCHAR(255) NOT NULL DEFAULT 'legacy', `createdAt` DATETIME NOT NULL, `updatedAt` DATETIME NOT NULL, `clientId` UUID REFERENCES `Clients` (`id`), `jobId` UUID REFERENCES `Jobs` (`id`), `invoiceId` UUID REFERENCES `Invoices` (`id`), `notes` TEXT DEFAULT '', `version` INTEGER NOT NULL DEFAULT '0');
Executing (default): INSERT INTO `Diaries` SELECT `id`, `date`, `projectId`, `workerId`, `start`, `finish`, `breakMins`, `totalHours`, `ordinaryHours`, `ot1Hours`, `ot2Hours`, `costs`, `revenues`, `marginPct`, `canvasData`, `additionalCosts`, `attachments`, `gpsData`, `weatherData`, `totalCost`, `totalRevenue`, `productivityScore`, `diaryType`, `createdAt`, `updatedAt`, `clientId`, `jobId`, `invoiceId`, `notes`, `version` FROM `Diaries_backup`;
Executing (default): DROP TABLE `Diaries_backup`;
Executing (default): PRAGMA TABLE_INFO(`Diaries`);
Executing (default): PRAGMA INDEX_LIST(`Diaries`)
Executing (default): PRAGMA INDEX_INFO(`sqlite_autoindex_Diaries_1`)
Executing (default): PRAGMA foreign_key_list(`Diaries`)
Executing (default): CREATE TABLE IF NOT EXISTS `Diaries_backup` (`id` UUID UNIQUE PRIMARY KEY, `date` DATE NOT NULL, `projectId` UUID REFERENCES `Projects` (`id`), `workerId` UUID REFERENCES `Staff` (`id`), `start` TIME, `finish` TIME, `breakMins` INTEGER, `totalHours` DECIMAL(5,2), `ordinaryHours` DECIMAL(5,2), `ot1Hours` DECIMAL(5,2), `ot2Hours` DECIMAL(5,2), `costs` DECIMAL(10,2), `revenues` DECIMAL(10,2), `marginPct` DECIMAL(5,2), `canvasData` JSON DEFAULT '[]', `additionalCosts` JSON DEFAULT '[]', `attachments` JSON DEFAULT '[]', `gpsData` JSON, `weatherData` JSON, `totalCost` DECIMAL(10,2) DEFAULT '0', `totalRevenue` DECIMAL(10,2) DEFAULT 0, `productivityScore` INTEGER DEFAULT '0', `diaryType` VARCHAR(255) NOT NULL DEFAULT 'legacy', `createdAt` DATETIME NOT NULL, `updatedAt` DATETIME NOT NULL, `clientId` UUID REFERENCES `Clients` (`id`), `jobId` UUID REFERENCES `Jobs` (`id`), `invoiceId` UUID REFERENCES `Invoices` (`id`), `notes` TEXT DEFAULT '', `version` INTEGER NOT NULL DEFAULT '0');
Executing (default): INSERT INTO `Diaries_backup` SELECT `id`, `date`, `projectId`, `workerId`, `start`, `finish`, `breakMins`, `totalHours`, `ordinaryHours`, `ot1Hours`, `ot2Hours`, `costs`, `revenues`, `marginPct`, `canvasData`, `additionalCosts`, `attachments`, `gpsData`, `weatherData`, `totalCost`, `totalRevenue`, `productivityScore`, `diaryType`, `createdAt`, `updatedAt`, `clientId`, `jobId`, `invoiceId`, `notes`, `version` FROM `Diaries`;
Executing (default): DROP TABLE `Diaries`;
Executing (default): CREATE TABLE IF NOT EXISTS `Diaries` (`id` UUID UNIQUE PRIMARY KEY, `date` DATE NOT NULL, `projectId` UUID REFERENCES `Projects` (`id`), `workerId` UUID REFERENCES `Staff` (`id`), `start` TIME, `finish` TIME, `breakMins` INTEGER, `totalHours` DECIMAL(5,2), `ordinaryHours` DECIMAL(5,2), `ot1Hours` DECIMAL(5,2), `ot2Hours` DECIMAL(5,2), `costs` DECIMAL(10,2), `revenues` DECIMAL(10,2), `marginPct` DECIMAL(5,2), `canvasData` JSON DEFAULT '[]', `additionalCosts` JSON DEFAULT '[]', `attachments` JSON DEFAULT '[]', `gpsData` JSON, `weatherData` JSON, `totalCost` DECIMAL(10,2) DEFAULT '0', `totalRevenue` DECIMAL(10,2) DEFAULT 0, `productivityScore` INTEGER DEFAULT '0', `diaryType` VARCHAR(255) NOT NULL DEFAULT 'legacy', `createdAt` DATETIME NOT NULL, `updatedAt` DATETIME NOT NULL, `clientId` UUID REFERENCES `Clients` (`id`), `jobId` UUID REFERENCES `Jobs` (`id`), `invoiceId` UUID REFERENCES `Invoices` (`id`), `notes` TEXT DEFAULT '', `version` INTEGER NOT NULL DEFAULT '0');
Executing (default): INSERT INTO `Diaries` SELECT `id`, `date`, `projectId`, `workerId`, `start`, `finish`, `breakMins`, `totalHours`, `ordinaryHours`, `ot1Hours`, `ot2Hours`, `costs`, `revenues`, `marginPct`, `canvasData`, `additionalCosts`, `attachments`, `gpsData`, `weatherData`, `totalCost`, `totalRevenue`, `productivityScore`, `diaryType`, `createdAt`, `updatedAt`, `clientId`, `jobId`, `invoiceId`, `notes`, `version` FROM `Diaries_backup`;
Executing (default): DROP TABLE `Diaries_backup`;
Executing (default): PRAGMA TABLE_INFO(`Diaries`);
Executing (default): PRAGMA INDEX_LIST(`Diaries`)
Executing (default): PRAGMA INDEX_INFO(`sqlite_autoindex_Diaries_1`)
Executing (default): PRAGMA foreign_key_list(`Diaries`)
Executing (default): CREATE TABLE IF NOT EXISTS `Diaries_backup` (`id` UUID UNIQUE PRIMARY KEY, `date` DATE NOT NULL, `projectId` UUID REFERENCES `Projects` (`id`), `workerId` UUID REFERENCES `Staff` (`id`), `start` TIME, `finish` TIME, `breakMins` INTEGER, `totalHours` DECIMAL(5,2), `ordinaryHours` DECIMAL(5,2), `ot1Hours` DECIMAL(5,2), `ot2Hours` DECIMAL(5,2), `costs` DECIMAL(10,2), `revenues` DECIMAL(10,2), `marginPct` DECIMAL(5,2), `canvasData` JSON DEFAULT '[]', `additionalCosts` JSON DEFAULT '[]', `attachments` JSON DEFAULT '[]', `gpsData` JSON, `weatherData` JSON, `totalCost` DECIMAL(10,2) DEFAULT '0', `totalRevenue` DECIMAL(10,2) DEFAULT '0', `productivityScore` INTEGER DEFAULT 0, `diaryType` VARCHAR(255) NOT NULL DEFAULT 'legacy', `createdAt` DATETIME NOT NULL, `updatedAt` DATETIME NOT NULL, `clientId` UUID REFERENCES `Clients` (`id`), `jobId` UUID REFERENCES `Jobs` (`id`), `invoiceId` UUID REFERENCES `Invoices` (`id`), `notes` TEXT DEFAULT '', `version` INTEGER NOT NULL DEFAULT '0');
Executing (default): INSERT INTO `Diaries_backup` SELECT `id`, `date`, `projectId`, `workerId`, `start`, `finish`, `breakMins`, `totalHours`, `ordinaryHours`, `ot1Hours`, `ot2Hours`, `costs`, `revenues`, `marginPct`, `canvasData`, `additionalCosts`, `attachments`, `gpsData`, `weatherData`, `totalCost`, `totalRevenue`, `productivityScore`, `diaryType`, `createdAt`, `updatedAt`, `clientId`, `jobId`, `invoiceId`, `notes`, `version` FROM `Diaries`;
Executing (default): DROP TABLE `Diaries`;
Executing (default): CREATE TABLE IF NOT EXISTS `Diaries` (`id` UUID UNIQUE PRIMARY KEY, `date` DATE NOT NULL, `projectId` UUID REFERENCES `Projects` (`id`), `workerId` UUID REFERENCES `Staff` (`id`), `start` TIME, `finish` TIME, `breakMins` INTEGER, `totalHours` DECIMAL(5,2), `ordinaryHours` DECIMAL(5,2), `ot1Hours` DECIMAL(5,2), `ot2Hours` DECIMAL(5,2), `costs` DECIMAL(10,2), `revenues` DECIMAL(10,2), `marginPct` DECIMAL(5,2), `canvasData` JSON DEFAULT '[]', `additionalCosts` JSON DEFAULT '[]', `attachments` JSON DEFAULT '[]', `gpsData` JSON, `weatherData` JSON, `totalCost` DECIMAL(10,2) DEFAULT '0', `totalRevenue` DECIMAL(10,2) DEFAULT '0', `productivityScore` INTEGER DEFAULT 0, `diaryType` VARCHAR(255) NOT NULL DEFAULT 'legacy', `createdAt` DATETIME NOT NULL, `updatedAt` DATETIME NOT NULL, `clientId` UUID REFERENCES `Clients` (`id`), `jobId` UUID REFERENCES `Jobs` (`id`), `invoiceId` UUID REFERENCES `Invoices` (`id`), `notes` TEXT DEFAULT '', `version` INTEGER NOT NULL DEFAULT '0');
Executing (default): INSERT INTO `Diaries` SELECT `id`, `date`, `projectId`, `workerId`, `start`, `finish`, `breakMins`, `totalHours`, `ordinaryHours`, `ot1Hours`, `ot2Hours`, `costs`, `revenues`, `marginPct`, `canvasData`, `additionalCosts`, `attachments`, `gpsData`, `weatherData`, `totalCost`, `totalRevenue`, `productivityScore`, `diaryType`, `createdAt`, `updatedAt`, `clientId`, `jobId`, `invoiceId`, `notes`, `version` FROM `Diaries_backup`;
Executing (default): DROP TABLE `Diaries_backup`;
Executing (default): PRAGMA TABLE_INFO(`Diaries`);
Executing (default): PRAGMA INDEX_LIST(`Diaries`)
Executing (default): PRAGMA INDEX_INFO(`sqlite_autoindex_Diaries_1`)
Executing (default): PRAGMA foreign_key_list(`Diaries`)
Executing (default): CREATE TABLE IF NOT EXISTS `Diaries_backup` (`id` UUID UNIQUE PRIMARY KEY, `date` DATE NOT NULL, `projectId` UUID REFERENCES `Projects` (`id`), `workerId` UUID REFERENCES `Staff` (`id`), `start` TIME, `finish` TIME, `breakMins` INTEGER, `totalHours` DECIMAL(5,2), `ordinaryHours` DECIMAL(5,2), `ot1Hours` DECIMAL(5,2), `ot2Hours` DECIMAL(5,2), `costs` DECIMAL(10,2), `revenues` DECIMAL(10,2), `marginPct` DECIMAL(5,2), `canvasData` JSON DEFAULT '[]', `additionalCosts` JSON DEFAULT '[]', `attachments` JSON DEFAULT '[]', `gpsData` JSON, `weatherData` JSON, `totalCost` DECIMAL(10,2) DEFAULT '0', `totalRevenue` DECIMAL(10,2) DEFAULT '0', `productivityScore` INTEGER DEFAULT '0', `diaryType` VARCHAR(255) NOT NULL DEFAULT 'legacy', `createdAt` DATETIME NOT NULL, `updatedAt` DATETIME NOT NULL, `clientId` UUID REFERENCES `Clients` (`id`), `jobId` UUID REFERENCES `Jobs` (`id`), `invoiceId` UUID REFERENCES `Invoices` (`id`), `notes` TEXT DEFAULT '', `version` INTEGER NOT NULL DEFAULT '0');
Executing (default): INSERT INTO `Diaries_backup` SELECT `id`, `date`, `projectId`, `workerId`, `start`, `finish`, `breakMins`, `totalHours`, `ordinaryHours`, `ot1Hours`, `ot2Hours`, `costs`, `revenues`, `marginPct`, `canvasData`, `additionalCosts`, `attachments`, `gpsData`, `weatherData`, `totalCost`, `totalRevenue`, `productivityScore`, `diaryType`, `createdAt`, `updatedAt`, `clientId`, `jobId`, `invoiceId`, `notes`, `version` FROM `Diaries`;
Executing (default): DROP TABLE `Diaries`;
Executing (default): CREATE TABLE IF NOT EXISTS `Diaries` (`id` UUID UNIQUE PRIMARY KEY, `date` DATE NOT NULL, `projectId` UUID REFERENCES `Projects` (`id`), `workerId` UUID REFERENCES `Staff` (`id`), `start` TIME, `finish` TIME, `breakMins` INTEGER, `totalHours` DECIMAL(5,2), `ordinaryHours` DECIMAL(5,2), `ot1Hours` DECIMAL(5,2), `ot2Hours` DECIMAL(5,2), `costs` DECIMAL(10,2), `revenues` DECIMAL(10,2), `marginPct` DECIMAL(5,2), `canvasData` JSON DEFAULT '[]', `additionalCosts` JSON DEFAULT '[]', `attachments` JSON DEFAULT '[]', `gpsData` JSON, `weatherData` JSON, `totalCost` DECIMAL(10,2) DEFAULT '0', `totalRevenue` DECIMAL(10,2) DEFAULT '0', `productivityScore` INTEGER DEFAULT '0', `diaryType` VARCHAR(255) NOT NULL DEFAULT 'legacy', `createdAt` DATETIME NOT NULL, `updatedAt` DATETIME NOT NULL, `clientId` UUID REFERENCES `Clients` (`id`), `jobId` UUID REFERENCES `Jobs` (`id`), `invoiceId` UUID REFERENCES `Invoices` (`id`), `notes` TEXT DEFAULT '', `version` INTEGER NOT NULL DEFAULT '0');
Executing (default): INSERT INTO `Diaries` SELECT `id`, `date`, `projectId`, `workerId`, `start`, `finish`, `breakMins`, `totalHours`, `ordinaryHours`, `ot1Hours`, `ot2Hours`, `costs`, `revenues`, `marginPct`, `canvasData`, `additionalCosts`, `attachments`, `gpsData`, `weatherData`, `totalCost`, `totalRevenue`, `productivityScore`, `diaryType`, `createdAt`, `updatedAt`, `clientId`, `jobId`, `invoiceId`, `notes`, `version` FROM `Diaries_backup`;
Executing (default): DROP TABLE `Diaries_backup`;
Executing (default): PRAGMA TABLE_INFO(`Diaries`);
Executing (default): PRAGMA INDEX_LIST(`Diaries`)
Executing (default): PRAGMA INDEX_INFO(`sqlite_autoindex_Diaries_1`)
Executing (default): PRAGMA foreign_key_list(`Diaries`)
Executing (default): CREATE TABLE IF NOT EXISTS `Diaries_backup` (`id` UUID UNIQUE PRIMARY KEY, `date` DATE NOT NULL, `projectId` UUID REFERENCES `Projects` (`id`), `workerId` UUID REFERENCES `Staff` (`id`), `start` TIME, `finish` TIME, `breakMins` INTEGER, `totalHours` DECIMAL(5,2), `ordinaryHours` DECIMAL(5,2), `ot1Hours` DECIMAL(5,2), `ot2Hours` DECIMAL(5,2), `costs` DECIMAL(10,2), `revenues` DECIMAL(10,2), `marginPct` DECIMAL(5,2), `canvasData` JSON DEFAULT '[]', `additionalCosts` JSON DEFAULT '[]', `attachments` JSON DEFAULT '[]', `gpsData` JSON, `weatherData` JSON, `totalCost` DECIMAL(10,2) DEFAULT '0', `totalRevenue` DECIMAL(10,2) DEFAULT '0', `productivityScore` INTEGER DEFAULT '0', `diaryType` VARCHAR(255) NOT NULL DEFAULT 'legacy', `createdAt` DATETIME NOT NULL, `updatedAt` DATETIME NOT NULL, `clientId` UUID REFERENCES `Clients` (`id`), `jobId` UUID REFERENCES `Jobs` (`id`), `invoiceId` UUID REFERENCES `Invoices` (`id`), `notes` TEXT DEFAULT '', `version` INTEGER NOT NULL DEFAULT '0');
Executing (default): INSERT INTO `Diaries_backup` SELECT `id`, `date`, `projectId`, `workerId`, `start`, `finish`, `breakMins`, `totalHours`, `ordinaryHours`, `ot1Hours`, `ot2Hours`, `costs`, `revenues`, `marginPct`, `canvasData`, `additionalCosts`, `attachments`, `gpsData`, `weatherData`, `totalCost`, `totalRevenue`, `productivityScore`, `diaryType`, `createdAt`, `updatedAt`, `clientId`, `jobId`, `invoiceId`, `notes`, `version` FROM `Diaries`;
Executing (default): DROP TABLE `Diaries`;
Executing (default): CREATE TABLE IF NOT EXISTS `Diaries` (`id` UUID UNIQUE PRIMARY KEY, `date` DATE NOT NULL, `projectId` UUID REFERENCES `Projects` (`id`), `workerId` UUID REFERENCES `Staff` (`id`), `start` TIME, `finish` TIME, `breakMins` INTEGER, `totalHours` DECIMAL(5,2), `ordinaryHours` DECIMAL(5,2), `ot1Hours` DECIMAL(5,2), `ot2Hours` DECIMAL(5,2), `costs` DECIMAL(10,2), `revenues` DECIMAL(10,2), `marginPct` DECIMAL(5,2), `canvasData` JSON DEFAULT '[]', `additionalCosts` JSON DEFAULT '[]', `attachments` JSON DEFAULT '[]', `gpsData` JSON, `weatherData` JSON, `totalCost` DECIMAL(10,2) DEFAULT '0', `totalRevenue` DECIMAL(10,2) DEFAULT '0', `productivityScore` INTEGER DEFAULT '0', `diaryType` VARCHAR(255) NOT NULL DEFAULT 'legacy', `createdAt` DATETIME NOT NULL, `updatedAt` DATETIME NOT NULL, `clientId` UUID REFERENCES `Clients` (`id`), `jobId` UUID REFERENCES `Jobs` (`id`), `invoiceId` UUID REFERENCES `Invoices` (`id`), `notes` TEXT DEFAULT '', `version` INTEGER NOT NULL DEFAULT '0');
Executing (default): INSERT INTO `Diaries` SELECT `id`, `date`, `projectId`, `workerId`, `start`, `finish`, `breakMins`, `totalHours`, `ordinaryHours`, `ot1Hours`, `ot2Hours`, `costs`, `revenues`, `marginPct`, `canvasData`, `additionalCosts`, `attachments`, `gpsData`, `weatherData`, `totalCost`, `totalRevenue`, `productivityScore`, `diaryType`, `createdAt`, `updatedAt`, `clientId`, `jobId`, `invoiceId`, `notes`, `version` FROM `Diaries_backup`;
Executing (default): DROP TABLE `Diaries_backup`;
Executing (default): PRAGMA TABLE_INFO(`Diaries`);
Executing (default): PRAGMA INDEX_LIST(`Diaries`)
Executing (default): PRAGMA INDEX_INFO(`sqlite_autoindex_Diaries_1`)
Executing (default): PRAGMA foreign_key_list(`Diaries`)
Executing (default): CREATE TABLE IF NOT EXISTS `Diaries_backup` (`id` UUID UNIQUE PRIMARY KEY, `date` DATE NOT NULL, `projectId` UUID REFERENCES `Projects` (`id`), `workerId` UUID REFERENCES `Staff` (`id`), `start` TIME, `finish` TIME, `breakMins` INTEGER, `totalHours` DECIMAL(5,2), `ordinaryHours` DECIMAL(5,2), `ot1Hours` DECIMAL(5,2), `ot2Hours` DECIMAL(5,2), `costs` DECIMAL(10,2), `revenues` DECIMAL(10,2), `marginPct` DECIMAL(5,2), `canvasData` JSON DEFAULT '[]', `additionalCosts` JSON DEFAULT '[]', `attachments` JSON DEFAULT '[]', `gpsData` JSON, `weatherData` JSON, `totalCost` DECIMAL(10,2) DEFAULT '0', `totalRevenue` DECIMAL(10,2) DEFAULT '0', `productivityScore` INTEGER DEFAULT '0', `diaryType` VARCHAR(255) NOT NULL DEFAULT 'legacy', `createdAt` DATETIME NOT NULL, `updatedAt` DATETIME NOT NULL, `clientId` UUID REFERENCES `Clients` (`id`), `jobId` UUID REFERENCES `Jobs` (`id`), `invoiceId` UUID REFERENCES `Invoices` (`id`), `notes` TEXT DEFAULT '', `version` INTEGER NOT NULL DEFAULT '0');
Executing (default): INSERT INTO `Diaries_backup` SELECT `id`, `date`, `projectId`, `workerId`, `start`, `finish`, `breakMins`, `totalHours`, `ordinaryHours`, `ot1Hours`, `ot2Hours`, `costs`, `revenues`, `marginPct`, `canvasData`, `additionalCosts`, `attachments`, `gpsData`, `weatherData`, `totalCost`, `totalRevenue`, `productivityScore`, `diaryType`, `createdAt`, `updatedAt`, `clientId`, `jobId`, `invoiceId`, `notes`, `version` FROM `Diaries`;
Executing (default): DROP TABLE `Diaries`;
Executing (default): CREATE TABLE IF NOT EXISTS `Diaries` (`id` UUID UNIQUE PRIMARY KEY, `date` DATE NOT NULL, `projectId` UUID REFERENCES `Projects` (`id`), `workerId` UUID REFERENCES `Staff` (`id`), `start` TIME, `finish` TIME, `breakMins` INTEGER, `totalHours` DECIMAL(5,2), `ordinaryHours` DECIMAL(5,2), `ot1Hours` DECIMAL(5,2), `ot2Hours` DECIMAL(5,2), `costs` DECIMAL(10,2), `revenues` DECIMAL(10,2), `marginPct` DECIMAL(5,2), `canvasData` JSON DEFAULT '[]', `additionalCosts` JSON DEFAULT '[]', `attachments` JSON DEFAULT '[]', `gpsData` JSON, `weatherData` JSON, `totalCost` DECIMAL(10,2) DEFAULT '0', `totalRevenue` DECIMAL(10,2) DEFAULT '0', `productivityScore` INTEGER DEFAULT '0', `diaryType` VARCHAR(255) NOT NULL DEFAULT 'legacy', `createdAt` DATETIME NOT NULL, `updatedAt` DATETIME NOT NULL, `clientId` UUID REFERENCES `Clients` (`id`), `jobId` UUID REFERENCES `Jobs` (`id`), `invoiceId` UUID REFERENCES `Invoices` (`id`), `notes` TEXT DEFAULT '', `version` INTEGER NOT NULL DEFAULT '0');
Executing (default): INSERT INTO `Diaries` SELECT `id`, `date`, `projectId`, `workerId`, `start`, `finish`, `breakMins`, `totalHours`, `ordinaryHours`, `ot1Hours`, `ot2Hours`, `costs`, `revenues`, `marginPct`, `canvasData`, `additionalCosts`, `attachments`, `gpsData`, `weatherData`, `totalCost`, `totalRevenue`, `productivityScore`, `diaryType`, `createdAt`, `updatedAt`, `clientId`, `jobId`, `invoiceId`, `notes`, `version` FROM `Diaries_backup`;
Executing (default): DROP TABLE `Diaries_backup`;
Executing (default): PRAGMA TABLE_INFO(`Diaries`);
Executing (default): PRAGMA INDEX_LIST(`Diaries`)
Executing (default): PRAGMA INDEX_INFO(`sqlite_autoindex_Diaries_1`)
Executing (default): PRAGMA foreign_key_list(`Diaries`)
Executing (default): CREATE TABLE IF NOT EXISTS `Diaries_backup` (`id` UUID UNIQUE PRIMARY KEY, `date` DATE NOT NULL, `projectId` UUID REFERENCES `Projects` (`id`), `workerId` UUID REFERENCES `Staff` (`id`), `start` TIME, `finish` TIME, `breakMins` INTEGER, `totalHours` DECIMAL(5,2), `ordinaryHours` DECIMAL(5,2), `ot1Hours` DECIMAL(5,2), `ot2Hours` DECIMAL(5,2), `costs` DECIMAL(10,2), `revenues` DECIMAL(10,2), `marginPct` DECIMAL(5,2), `canvasData` JSON DEFAULT '[]', `additionalCosts` JSON DEFAULT '[]', `attachments` JSON DEFAULT '[]', `gpsData` JSON, `weatherData` JSON, `totalCost` DECIMAL(10,2) DEFAULT '0', `totalRevenue` DECIMAL(10,2) DEFAULT '0', `productivityScore` INTEGER DEFAULT '0', `diaryType` VARCHAR(255) NOT NULL DEFAULT 'legacy', `createdAt` DATETIME NOT NULL, `updatedAt` DATETIME NOT NULL, `clientId` UUID REFERENCES `Clients` (`id`) ON DELETE SET NULL ON UPDATE CASCADE, `jobId` UUID REFERENCES `Jobs` (`id`), `invoiceId` UUID REFERENCES `Invoices` (`id`), `notes` TEXT DEFAULT '', `version` INTEGER NOT NULL DEFAULT '0');
Executing (default): INSERT INTO `Diaries_backup` SELECT `id`, `date`, `projectId`, `workerId`, `start`, `finish`, `breakMins`, `totalHours`, `ordinaryHours`, `ot1Hours`, `ot2Hours`, `costs`, `revenues`, `marginPct`, `canvasData`, `additionalCosts`, `attachments`, `gpsData`, `weatherData`, `totalCost`, `totalRevenue`, `productivityScore`, `diaryType`, `createdAt`, `updatedAt`, `clientId`, `jobId`, `invoiceId`, `notes`, `version` FROM `Diaries`;
Executing (default): DROP TABLE `Diaries`;
Executing (default): CREATE TABLE IF NOT EXISTS `Diaries` (`id` UUID UNIQUE PRIMARY KEY, `date` DATE NOT NULL, `projectId` UUID REFERENCES `Projects` (`id`), `workerId` UUID REFERENCES `Staff` (`id`), `start` TIME, `finish` TIME, `breakMins` INTEGER, `totalHours` DECIMAL(5,2), `ordinaryHours` DECIMAL(5,2), `ot1Hours` DECIMAL(5,2), `ot2Hours` DECIMAL(5,2), `costs` DECIMAL(10,2), `revenues` DECIMAL(10,2), `marginPct` DECIMAL(5,2), `canvasData` JSON DEFAULT '[]', `additionalCosts` JSON DEFAULT '[]', `attachments` JSON DEFAULT '[]', `gpsData` JSON, `weatherData` JSON, `totalCost` DECIMAL(10,2) DEFAULT '0', `totalRevenue` DECIMAL(10,2) DEFAULT '0', `productivityScore` INTEGER DEFAULT '0', `diaryType` VARCHAR(255) NOT NULL DEFAULT 'legacy', `createdAt` DATETIME NOT NULL, `updatedAt` DATETIME NOT NULL, `clientId` UUID REFERENCES `Clients` (`id`) ON DELETE SET NULL ON UPDATE CASCADE, `jobId` UUID REFERENCES `Jobs` (`id`), `invoiceId` UUID REFERENCES `Invoices` (`id`), `notes` TEXT DEFAULT '', `version` INTEGER NOT NULL DEFAULT '0');
Executing (default): INSERT INTO `Diaries` SELECT `id`, `date`, `projectId`, `workerId`, `start`, `finish`, `breakMins`, `totalHours`, `ordinaryHours`, `ot1Hours`, `ot2Hours`, `costs`, `revenues`, `marginPct`, `canvasData`, `additionalCosts`, `attachments`, `gpsData`, `weatherData`, `totalCost`, `totalRevenue`, `productivityScore`, `diaryType`, `createdAt`, `updatedAt`, `clientId`, `jobId`, `invoiceId`, `notes`, `version` FROM `Diaries_backup`;
Executing (default): DROP TABLE `Diaries_backup`;
Executing (default): PRAGMA TABLE_INFO(`Diaries`);
Executing (default): PRAGMA INDEX_LIST(`Diaries`)
Executing (default): PRAGMA INDEX_INFO(`sqlite_autoindex_Diaries_1`)
Executing (default): PRAGMA foreign_key_list(`Diaries`)
Executing (default): CREATE TABLE IF NOT EXISTS `Diaries_backup` (`id` UUID UNIQUE PRIMARY KEY, `date` DATE NOT NULL, `projectId` UUID REFERENCES `Projects` (`id`), `workerId` UUID REFERENCES `Staff` (`id`), `start` TIME, `finish` TIME, `breakMins` INTEGER, `totalHours` DECIMAL(5,2), `ordinaryHours` DECIMAL(5,2), `ot1Hours` DECIMAL(5,2), `ot2Hours` DECIMAL(5,2), `costs` DECIMAL(10,2), `revenues` DECIMAL(10,2), `marginPct` DECIMAL(5,2), `canvasData` JSON DEFAULT '[]', `additionalCosts` JSON DEFAULT '[]', `attachments` JSON DEFAULT '[]', `gpsData` JSON, `weatherData` JSON, `totalCost` DECIMAL(10,2) DEFAULT '0', `totalRevenue` DECIMAL(10,2) DEFAULT '0', `productivityScore` INTEGER DEFAULT '0', `diaryType` VARCHAR(255) NOT NULL DEFAULT 'legacy', `createdAt` DATETIME NOT NULL, `updatedAt` DATETIME NOT NULL, `clientId` UUID REFERENCES `Clients` (`id`), `jobId` UUID REFERENCES `Jobs` (`id`) ON DELETE SET NULL ON UPDATE CASCADE, `invoiceId` UUID REFERENCES `Invoices` (`id`), `notes` TEXT DEFAULT '', `version` INTEGER NOT NULL DEFAULT '0');
Executing (default): INSERT INTO `Diaries_backup` SELECT `id`, `date`, `projectId`, `workerId`, `start`, `finish`, `breakMins`, `totalHours`, `ordinaryHours`, `ot1Hours`, `ot2Hours`, `costs`, `revenues`, `marginPct`, `canvasData`, `additionalCosts`, `attachments`, `gpsData`, `weatherData`, `totalCost`, `totalRevenue`, `productivityScore`, `diaryType`, `createdAt`, `updatedAt`, `clientId`, `jobId`, `invoiceId`, `notes`, `version` FROM `Diaries`;
Executing (default): DROP TABLE `Diaries`;
Executing (default): CREATE TABLE IF NOT EXISTS `Diaries` (`id` UUID UNIQUE PRIMARY KEY, `date` DATE NOT NULL, `projectId` UUID REFERENCES `Projects` (`id`), `workerId` UUID REFERENCES `Staff` (`id`), `start` TIME, `finish` TIME, `breakMins` INTEGER, `totalHours` DECIMAL(5,2), `ordinaryHours` DECIMAL(5,2), `ot1Hours` DECIMAL(5,2), `ot2Hours` DECIMAL(5,2), `costs` DECIMAL(10,2), `revenues` DECIMAL(10,2), `marginPct` DECIMAL(5,2), `canvasData` JSON DEFAULT '[]', `additionalCosts` JSON DEFAULT '[]', `attachments` JSON DEFAULT '[]', `gpsData` JSON, `weatherData` JSON, `totalCost` DECIMAL(10,2) DEFAULT '0', `totalRevenue` DECIMAL(10,2) DEFAULT '0', `productivityScore` INTEGER DEFAULT '0', `diaryType` VARCHAR(255) NOT NULL DEFAULT 'legacy', `createdAt` DATETIME NOT NULL, `updatedAt` DATETIME NOT NULL, `clientId` UUID REFERENCES `Clients` (`id`), `jobId` UUID REFERENCES `Jobs` (`id`) ON DELETE SET NULL ON UPDATE CASCADE, `invoiceId` UUID REFERENCES `Invoices` (`id`), `notes` TEXT DEFAULT '', `version` INTEGER NOT NULL DEFAULT '0');
Executing (default): INSERT INTO `Diaries` SELECT `id`, `date`, `projectId`, `workerId`, `start`, `finish`, `breakMins`, `totalHours`, `ordinaryHours`, `ot1Hours`, `ot2Hours`, `costs`, `revenues`, `marginPct`, `canvasData`, `additionalCosts`, `attachments`, `gpsData`, `weatherData`, `totalCost`, `totalRevenue`, `productivityScore`, `diaryType`, `createdAt`, `updatedAt`, `clientId`, `jobId`, `invoiceId`, `notes`, `version` FROM `Diaries_backup`;
Executing (default): DROP TABLE `Diaries_backup`;
Executing (default): PRAGMA TABLE_INFO(`Diaries`);
Executing (default): PRAGMA INDEX_LIST(`Diaries`)
Executing (default): PRAGMA INDEX_INFO(`sqlite_autoindex_Diaries_1`)
Executing (default): PRAGMA foreign_key_list(`Diaries`)
Executing (default): CREATE TABLE IF NOT EXISTS `Diaries_backup` (`id` UUID UNIQUE PRIMARY KEY, `date` DATE NOT NULL, `projectId` UUID REFERENCES `Projects` (`id`), `workerId` UUID REFERENCES `Staff` (`id`), `start` TIME, `finish` TIME, `breakMins` INTEGER, `totalHours` DECIMAL(5,2), `ordinaryHours` DECIMAL(5,2), `ot1Hours` DECIMAL(5,2), `ot2Hours` DECIMAL(5,2), `costs` DECIMAL(10,2), `revenues` DECIMAL(10,2), `marginPct` DECIMAL(5,2), `canvasData` JSON DEFAULT '[]', `additionalCosts` JSON DEFAULT '[]', `attachments` JSON DEFAULT '[]', `gpsData` JSON, `weatherData` JSON, `totalCost` DECIMAL(10,2) DEFAULT '0', `totalRevenue` DECIMAL(10,2) DEFAULT '0', `productivityScore` INTEGER DEFAULT '0', `diaryType` VARCHAR(255) NOT NULL DEFAULT 'legacy', `createdAt` DATETIME NOT NULL, `updatedAt` DATETIME NOT NULL, `clientId` UUID REFERENCES `Clients` (`id`), `jobId` UUID REFERENCES `Jobs` (`id`), `invoiceId` UUID REFERENCES `Invoices` (`id`) ON DELETE SET NULL ON UPDATE CASCADE, `notes` TEXT DEFAULT '', `version` INTEGER NOT NULL DEFAULT '0');
Executing (default): INSERT INTO `Diaries_backup` SELECT `id`, `date`, `projectId`, `workerId`, `start`, `finish`, `breakMins`, `totalHours`, `ordinaryHours`, `ot1Hours`, `ot2Hours`, `costs`, `revenues`, `marginPct`, `canvasData`, `additionalCosts`, `attachments`, `gpsData`, `weatherData`, `totalCost`, `totalRevenue`, `productivityScore`, `diaryType`, `createdAt`, `updatedAt`, `clientId`, `jobId`, `invoiceId`, `notes`, `version` FROM `Diaries`;
Executing (default): DROP TABLE `Diaries`;
Executing (default): CREATE TABLE IF NOT EXISTS `Diaries` (`id` UUID UNIQUE PRIMARY KEY, `date` DATE NOT NULL, `projectId` UUID REFERENCES `Projects` (`id`), `workerId` UUID REFERENCES `Staff` (`id`), `start` TIME, `finish` TIME, `breakMins` INTEGER, `totalHours` DECIMAL(5,2), `ordinaryHours` DECIMAL(5,2), `ot1Hours` DECIMAL(5,2), `ot2Hours` DECIMAL(5,2), `costs` DECIMAL(10,2), `revenues` DECIMAL(10,2), `marginPct` DECIMAL(5,2), `canvasData` JSON DEFAULT '[]', `additionalCosts` JSON DEFAULT '[]', `attachments` JSON DEFAULT '[]', `gpsData` JSON, `weatherData` JSON, `totalCost` DECIMAL(10,2) DEFAULT '0', `totalRevenue` DECIMAL(10,2) DEFAULT '0', `productivityScore` INTEGER DEFAULT '0', `diaryType` VARCHAR(255) NOT NULL DEFAULT 'legacy', `createdAt` DATETIME NOT NULL, `updatedAt` DATETIME NOT NULL, `clientId` UUID REFERENCES `Clients` (`id`), `jobId` UUID REFERENCES `Jobs` (`id`), `invoiceId` UUID REFERENCES `Invoices` (`id`) ON DELETE SET NULL ON UPDATE CASCADE, `notes` TEXT DEFAULT '', `version` INTEGER NOT NULL DEFAULT '0');
Executing (default): INSERT INTO `Diaries` SELECT `id`, `date`, `projectId`, `workerId`, `start`, `finish`, `breakMins`, `totalHours`, `ordinaryHours`, `ot1Hours`, `ot2Hours`, `costs`, `revenues`, `marginPct`, `canvasData`, `additionalCosts`, `attachments`, `gpsData`, `weatherData`, `totalCost`, `totalRevenue`, `productivityScore`, `diaryType`, `createdAt`, `updatedAt`, `clientId`, `jobId`, `invoiceId`, `notes`, `version` FROM `Diaries_backup`;
Executing (default): DROP TABLE `Diaries_backup`;
Executing (default): PRAGMA TABLE_INFO(`Diaries`);
Executing (default): PRAGMA INDEX_LIST(`Diaries`)
Executing (default): PRAGMA INDEX_INFO(`sqlite_autoindex_Diaries_1`)
Executing (default): PRAGMA foreign_key_list(`Diaries`)
Executing (default): CREATE TABLE IF NOT EXISTS `Diaries_backup` (`id` UUID UNIQUE PRIMARY KEY, `date` DATE NOT NULL, `projectId` UUID REFERENCES `Projects` (`id`), `workerId` UUID REFERENCES `Staff` (`id`), `start` TIME, `finish` TIME, `breakMins` INTEGER, `totalHours` DECIMAL(5,2), `ordinaryHours` DECIMAL(5,2), `ot1Hours` DECIMAL(5,2), `ot2Hours` DECIMAL(5,2), `costs` DECIMAL(10,2), `revenues` DECIMAL(10,2), `marginPct` DECIMAL(5,2), `canvasData` JSON DEFAULT '[]', `additionalCosts` JSON DEFAULT '[]', `attachments` JSON DEFAULT '[]', `gpsData` JSON, `weatherData` JSON, `totalCost` DECIMAL(10,2) DEFAULT '0', `totalRevenue` DECIMAL(10,2) DEFAULT '0', `productivityScore` INTEGER DEFAULT '0', `diaryType` VARCHAR(255) NOT NULL DEFAULT 'legacy', `createdAt` DATETIME NOT NULL, `updatedAt` DATETIME NOT NULL, `clientId` UUID REFERENCES `Clients` (`id`), `jobId` UUID REFERENCES `Jobs` (`id`), `invoiceId` UUID REFERENCES `Invoices` (`id`), `notes` TEXT DEFAULT '', `version` INTEGER NOT NULL DEFAULT '0');
Executing (default): INSERT INTO `Diaries_backup` SELECT `id`, `date`, `projectId`, `workerId`, `start`, `finish`, `breakMins`, `totalHours`, `ordinaryHours`, `ot1Hours`, `ot2Hours`, `costs`, `revenues`, `marginPct`, `canvasData`, `additionalCosts`, `attachments`, `gpsData`, `weatherData`, `totalCost`, `totalRevenue`, `productivityScore`, `diaryType`, `createdAt`, `updatedAt`, `clientId`, `jobId`, `invoiceId`, `notes`, `version` FROM `Diaries`;
Executing (default): DROP TABLE `Diaries`;
Executing (default): CREATE TABLE IF NOT EXISTS `Diaries` (`id` UUID UNIQUE PRIMARY KEY, `date` DATE NOT NULL, `projectId` UUID REFERENCES `Projects` (`id`), `workerId` UUID REFERENCES `Staff` (`id`), `start` TIME, `finish` TIME, `breakMins` INTEGER, `totalHours` DECIMAL(5,2), `ordinaryHours` DECIMAL(5,2), `ot1Hours` DECIMAL(5,2), `ot2Hours` DECIMAL(5,2), `costs` DECIMAL(10,2), `revenues` DECIMAL(10,2), `marginPct` DECIMAL(5,2), `canvasData` JSON DEFAULT '[]', `additionalCosts` JSON DEFAULT '[]', `attachments` JSON DEFAULT '[]', `gpsData` JSON, `weatherData` JSON, `totalCost` DECIMAL(10,2) DEFAULT '0', `totalRevenue` DECIMAL(10,2) DEFAULT '0', `productivityScore` INTEGER DEFAULT '0', `diaryType` VARCHAR(255) NOT NULL DEFAULT 'legacy', `createdAt` DATETIME NOT NULL, `updatedAt` DATETIME NOT NULL, `clientId` UUID REFERENCES `Clients` (`id`), `jobId` UUID REFERENCES `Jobs` (`id`), `invoiceId` UUID REFERENCES `Invoices` (`id`), `notes` TEXT DEFAULT '', `version` INTEGER NOT NULL DEFAULT '0');
Executing (default): INSERT INTO `Diaries` SELECT `id`, `date`, `projectId`, `workerId`, `start`, `finish`, `breakMins`, `totalHours`, `ordinaryHours`, `ot1Hours`, `ot2Hours`, `costs`, `revenues`, `marginPct`, `canvasData`, `additionalCosts`, `attachments`, `gpsData`, `weatherData`, `totalCost`, `totalRevenue`, `productivityScore`, `diaryType`, `createdAt`, `updatedAt`, `clientId`, `jobId`, `invoiceId`, `notes`, `version` FROM `Diaries_backup`;
Executing (default): DROP TABLE `Diaries_backup`;
Executing (default): PRAGMA TABLE_INFO(`Diaries`);
Executing (default): PRAGMA INDEX_LIST(`Diaries`)
Executing (default): PRAGMA INDEX_INFO(`sqlite_autoindex_Diaries_1`)
Executing (default): PRAGMA foreign_key_list(`Diaries`)
Executing (default): CREATE TABLE IF NOT EXISTS `Diaries_backup` (`id` UUID UNIQUE PRIMARY KEY, `date` DATE NOT NULL, `projectId` UUID REFERENCES `Projects` (`id`), `workerId` UUID REFERENCES `Staff` (`id`), `start` TIME, `finish` TIME, `breakMins` INTEGER, `totalHours` DECIMAL(5,2), `ordinaryHours` DECIMAL(5,2), `ot1Hours` DECIMAL(5,2), `ot2Hours` DECIMAL(5,2), `costs` DECIMAL(10,2), `revenues` DECIMAL(10,2), `marginPct` DECIMAL(5,2), `canvasData` JSON DEFAULT '[]', `additionalCosts` JSON DEFAULT '[]', `attachments` JSON DEFAULT '[]', `gpsData` JSON, `weatherData` JSON, `totalCost` DECIMAL(10,2) DEFAULT '0', `totalRevenue` DECIMAL(10,2) DEFAULT '0', `productivityScore` INTEGER DEFAULT '0', `diaryType` VARCHAR(255) NOT NULL DEFAULT 'legacy', `createdAt` DATETIME NOT NULL, `updatedAt` DATETIME NOT NULL, `clientId` UUID REFERENCES `Clients` (`id`), `jobId` UUID REFERENCES `Jobs` (`id`), `invoiceId` UUID REFERENCES `Invoices` (`id`), `notes` TEXT DEFAULT '', `version` INTEGER NOT NULL DEFAULT 0);
Executing (default): INSERT INTO `Diaries_backup` SELECT `id`, `date`, `projectId`, `workerId`, `start`, `finish`, `breakMins`, `totalHours`, `ordinaryHours`, `ot1Hours`, `ot2Hours`, `costs`, `revenues`, `marginPct`, `canvasData`, `additionalCosts`, `attachments`, `gpsData`, `weatherData`, `totalCost`, `totalRevenue`, `productivityScore`, `diaryType`, `createdAt`, `updatedAt`, `clientId`, `jobId`, `invoiceId`, `notes`, `version` FROM `Diaries`;
Executing (default): DROP TABLE `Diaries`;
Executing (default): CREATE TABLE IF NOT EXISTS `Diaries` (`id` UUID UNIQUE PRIMARY KEY, `date` DATE NOT NULL, `projectId` UUID REFERENCES `Projects` (`id`), `workerId` UUID REFERENCES `Staff` (`id`), `start` TIME, `finish` TIME, `breakMins` INTEGER, `totalHours` DECIMAL(5,2), `ordinaryHours` DECIMAL(5,2), `ot1Hours` DECIMAL(5,2), `ot2Hours` DECIMAL(5,2), `costs` DECIMAL(10,2), `revenues` DECIMAL(10,2), `marginPct` DECIMAL(5,2), `canvasData` JSON DEFAULT '[]', `additionalCosts` JSON DEFAULT '[]', `attachments` JSON DEFAULT '[]', `gpsData` JSON, `weatherData` JSON, `totalCost` DECIMAL(10,2) DEFAULT '0', `totalRevenue` DECIMAL(10,2) DEFAULT '0', `productivityScore` INTEGER DEFAULT '0', `diaryType` VARCHAR(255) NOT NULL DEFAULT 'legacy', `createdAt` DATETIME NOT NULL, `updatedAt` DATETIME NOT NULL, `clientId` UUID REFERENCES `Clients` (`id`), `jobId` UUID REFERENCES `Jobs` (`id`), `invoiceId` UUID REFERENCES `Invoices` (`id`), `notes` TEXT DEFAULT '', `version` INTEGER NOT NULL DEFAULT 0);
Executing (default): INSERT INTO `Diaries` SELECT `id`, `date`, `projectId`, `workerId`, `start`, `finish`, `breakMins`, `totalHours`, `ordinaryHours`, `ot1Hours`, `ot2Hours`, `costs`, `revenues`, `marginPct`, `canvasData`, `additionalCosts`, `attachments`, `gpsData`, `weatherData`, `totalCost`, `totalRevenue`, `productivityScore`, `diaryType`, `createdAt`, `updatedAt`, `clientId`, `jobId`, `invoiceId`, `notes`, `version` FROM `Diaries_backup`;
Executing (default): DROP TABLE `Diaries_backup`;
Executing (default): PRAGMA INDEX_LIST(`Diaries`)
Executing (default): PRAGMA INDEX_INFO(`sqlite_autoindex_Diaries_1`)
Executing (default): SELECT name FROM sqlite_master WHERE type='table' AND name='DiaryTemplates';
Executing (default): PRAGMA TABLE_INFO(`DiaryTemplates`);
Executing (default): PRAGMA foreign_key_list(`DiaryTemplates`)
Executing (default): PRAGMA INDEX_LIST(`DiaryTemplates`)
Executing (default): PRAGMA INDEX_INFO(`sqlite_autoindex_DiaryTemplates_1`)
Executing (default): PRAGMA foreign_key_list(`DiaryTemplates`)
Executing (default): PRAGMA TABLE_INFO(`DiaryTemplates`);
Executing (default): PRAGMA INDEX_LIST(`DiaryTemplates`)
Executing (default): PRAGMA INDEX_INFO(`sqlite_autoindex_DiaryTemplates_1`)
Executing (default): PRAGMA foreign_key_list(`DiaryTemplates`)
Executing (default): CREATE TABLE IF NOT EXISTS `DiaryTemplates_backup` (`id` UUID UNIQUE PRIMARY KEY, `name` VARCHAR(255) NOT NULL, `type` TEXT DEFAULT 'node-group', `description` TEXT, `data` JSON NOT NULL, `userId` UUID NOT NULL REFERENCES `Users` (`id`), `projectId` UUID REFERENCES `Projects` (`id`), `isPublic` TINYINT(1) DEFAULT 0, `createdAt` DATETIME NOT NULL, `updatedAt` DATETIME NOT NULL, `category` VARCHAR(255) DEFAULT 'General', `tags` JSON DEFAULT '[]', `version` INTEGER DEFAULT '1', `usageCount` INTEGER DEFAULT '0', `preview` JSON);
Executing (default): INSERT INTO `DiaryTemplates_backup` SELECT `id`, `name`, `type`, `description`, `data`, `userId`, `projectId`, `isPublic`, `createdAt`, `updatedAt`, `category`, `tags`, `version`, `usageCount`, `preview` FROM `DiaryTemplates`;
Executing (default): DROP TABLE `DiaryTemplates`;
Executing (default): CREATE TABLE IF NOT EXISTS `DiaryTemplates` (`id` UUID UNIQUE PRIMARY KEY, `name` VARCHAR(255) NOT NULL, `type` TEXT DEFAULT 'node-group', `description` TEXT, `data` JSON NOT NULL, `userId` UUID NOT NULL REFERENCES `Users` (`id`), `projectId` UUID REFERENCES `Projects` (`id`), `isPublic` TINYINT(1) DEFAULT 0, `createdAt` DATETIME NOT NULL, `updatedAt` DATETIME NOT NULL, `category` VARCHAR(255) DEFAULT 'General', `tags` JSON DEFAULT '[]', `version` INTEGER DEFAULT '1', `usageCount` INTEGER DEFAULT '0', `preview` JSON);
Executing (default): INSERT INTO `DiaryTemplates` SELECT `id`, `name`, `type`, `description`, `data`, `userId`, `projectId`, `isPublic`, `createdAt`, `updatedAt`, `category`, `tags`, `version`, `usageCount`, `preview` FROM `DiaryTemplates_backup`;
Executing (default): DROP TABLE `DiaryTemplates_backup`;
Executing (default): PRAGMA TABLE_INFO(`DiaryTemplates`);
Executing (default): PRAGMA INDEX_LIST(`DiaryTemplates`)
Executing (default): PRAGMA INDEX_INFO(`sqlite_autoindex_DiaryTemplates_1`)
Executing (default): PRAGMA foreign_key_list(`DiaryTemplates`)
Executing (default): CREATE TABLE IF NOT EXISTS `DiaryTemplates_backup` (`id` UUID UNIQUE PRIMARY KEY, `name` VARCHAR(255) NOT NULL, `type` TEXT DEFAULT 'node-group', `description` TEXT, `data` JSON NOT NULL, `userId` UUID NOT NULL REFERENCES `Users` (`id`), `projectId` UUID REFERENCES `Projects` (`id`), `isPublic` TINYINT(1) DEFAULT 0, `createdAt` DATETIME NOT NULL, `updatedAt` DATETIME NOT NULL, `category` VARCHAR(255) DEFAULT 'General', `tags` JSON DEFAULT '[]', `version` INTEGER DEFAULT '1', `usageCount` INTEGER DEFAULT '0', `preview` JSON);
Executing (default): INSERT INTO `DiaryTemplates_backup` SELECT `id`, `name`, `type`, `description`, `data`, `userId`, `projectId`, `isPublic`, `createdAt`, `updatedAt`, `category`, `tags`, `version`, `usageCount`, `preview` FROM `DiaryTemplates`;
Executing (default): DROP TABLE `DiaryTemplates`;
Executing (default): CREATE TABLE IF NOT EXISTS `DiaryTemplates` (`id` UUID UNIQUE PRIMARY KEY, `name` VARCHAR(255) NOT NULL, `type` TEXT DEFAULT 'node-group', `description` TEXT, `data` JSON NOT NULL, `userId` UUID NOT NULL REFERENCES `Users` (`id`), `projectId` UUID REFERENCES `Projects` (`id`), `isPublic` TINYINT(1) DEFAULT 0, `createdAt` DATETIME NOT NULL, `updatedAt` DATETIME NOT NULL, `category` VARCHAR(255) DEFAULT 'General', `tags` JSON DEFAULT '[]', `version` INTEGER DEFAULT '1', `usageCount` INTEGER DEFAULT '0', `preview` JSON);
Executing (default): INSERT INTO `DiaryTemplates` SELECT `id`, `name`, `type`, `description`, `data`, `userId`, `projectId`, `isPublic`, `createdAt`, `updatedAt`, `category`, `tags`, `version`, `usageCount`, `preview` FROM `DiaryTemplates_backup`;
Executing (default): DROP TABLE `DiaryTemplates_backup`;
Executing (default): PRAGMA TABLE_INFO(`DiaryTemplates`);
Executing (default): PRAGMA INDEX_LIST(`DiaryTemplates`)
Executing (default): PRAGMA INDEX_INFO(`sqlite_autoindex_DiaryTemplates_1`)
Executing (default): PRAGMA foreign_key_list(`DiaryTemplates`)
Executing (default): CREATE TABLE IF NOT EXISTS `DiaryTemplates_backup` (`id` UUID UNIQUE PRIMARY KEY, `name` VARCHAR(255) NOT NULL, `type` TEXT DEFAULT 'node-group', `description` TEXT, `data` JSON NOT NULL, `userId` UUID NOT NULL REFERENCES `Users` (`id`), `projectId` UUID REFERENCES `Projects` (`id`), `isPublic` TINYINT(1) DEFAULT 0, `createdAt` DATETIME NOT NULL, `updatedAt` DATETIME NOT NULL, `category` VARCHAR(255) DEFAULT 'General', `tags` JSON DEFAULT '[]', `version` INTEGER DEFAULT '1', `usageCount` INTEGER DEFAULT '0', `preview` JSON);
Executing (default): INSERT INTO `DiaryTemplates_backup` SELECT `id`, `name`, `type`, `description`, `data`, `userId`, `projectId`, `isPublic`, `createdAt`, `updatedAt`, `category`, `tags`, `version`, `usageCount`, `preview` FROM `DiaryTemplates`;
Executing (default): DROP TABLE `DiaryTemplates`;
Executing (default): CREATE TABLE IF NOT EXISTS `DiaryTemplates` (`id` UUID UNIQUE PRIMARY KEY, `name` VARCHAR(255) NOT NULL, `type` TEXT DEFAULT 'node-group', `description` TEXT, `data` JSON NOT NULL, `userId` UUID NOT NULL REFERENCES `Users` (`id`), `projectId` UUID REFERENCES `Projects` (`id`), `isPublic` TINYINT(1) DEFAULT 0, `createdAt` DATETIME NOT NULL, `updatedAt` DATETIME NOT NULL, `category` VARCHAR(255) DEFAULT 'General', `tags` JSON DEFAULT '[]', `version` INTEGER DEFAULT '1', `usageCount` INTEGER DEFAULT '0', `preview` JSON);
Executing (default): INSERT INTO `DiaryTemplates` SELECT `id`, `name`, `type`, `description`, `data`, `userId`, `projectId`, `isPublic`, `createdAt`, `updatedAt`, `category`, `tags`, `version`, `usageCount`, `preview` FROM `DiaryTemplates_backup`;
Executing (default): DROP TABLE `DiaryTemplates_backup`;
Executing (default): PRAGMA TABLE_INFO(`DiaryTemplates`);
Executing (default): PRAGMA INDEX_LIST(`DiaryTemplates`)
Executing (default): PRAGMA INDEX_INFO(`sqlite_autoindex_DiaryTemplates_1`)
Executing (default): PRAGMA foreign_key_list(`DiaryTemplates`)
Executing (default): CREATE TABLE IF NOT EXISTS `DiaryTemplates_backup` (`id` UUID UNIQUE PRIMARY KEY, `name` VARCHAR(255) NOT NULL, `type` TEXT DEFAULT 'node-group', `description` TEXT, `data` JSON NOT NULL, `userId` UUID NOT NULL REFERENCES `Users` (`id`), `projectId` UUID REFERENCES `Projects` (`id`), `isPublic` TINYINT(1) DEFAULT 0, `createdAt` DATETIME NOT NULL, `updatedAt` DATETIME NOT NULL, `category` VARCHAR(255) DEFAULT 'General', `tags` JSON DEFAULT '[]', `version` INTEGER DEFAULT '1', `usageCount` INTEGER DEFAULT '0', `preview` JSON);
Executing (default): INSERT INTO `DiaryTemplates_backup` SELECT `id`, `name`, `type`, `description`, `data`, `userId`, `projectId`, `isPublic`, `createdAt`, `updatedAt`, `category`, `tags`, `version`, `usageCount`, `preview` FROM `DiaryTemplates`;
Executing (default): DROP TABLE `DiaryTemplates`;
Executing (default): CREATE TABLE IF NOT EXISTS `DiaryTemplates` (`id` UUID UNIQUE PRIMARY KEY, `name` VARCHAR(255) NOT NULL, `type` TEXT DEFAULT 'node-group', `description` TEXT, `data` JSON NOT NULL, `userId` UUID NOT NULL REFERENCES `Users` (`id`), `projectId` UUID REFERENCES `Projects` (`id`), `isPublic` TINYINT(1) DEFAULT 0, `createdAt` DATETIME NOT NULL, `updatedAt` DATETIME NOT NULL, `category` VARCHAR(255) DEFAULT 'General', `tags` JSON DEFAULT '[]', `version` INTEGER DEFAULT '1', `usageCount` INTEGER DEFAULT '0', `preview` JSON);
Executing (default): INSERT INTO `DiaryTemplates` SELECT `id`, `name`, `type`, `description`, `data`, `userId`, `projectId`, `isPublic`, `createdAt`, `updatedAt`, `category`, `tags`, `version`, `usageCount`, `preview` FROM `DiaryTemplates_backup`;
Executing (default): DROP TABLE `DiaryTemplates_backup`;
Executing (default): PRAGMA TABLE_INFO(`DiaryTemplates`);
Executing (default): PRAGMA INDEX_LIST(`DiaryTemplates`)
Executing (default): PRAGMA INDEX_INFO(`sqlite_autoindex_DiaryTemplates_1`)
Executing (default): PRAGMA foreign_key_list(`DiaryTemplates`)
Executing (default): CREATE TABLE IF NOT EXISTS `DiaryTemplates_backup` (`id` UUID UNIQUE PRIMARY KEY, `name` VARCHAR(255) NOT NULL, `type` TEXT DEFAULT 'node-group', `description` TEXT, `data` JSON NOT NULL, `userId` UUID NOT NULL REFERENCES `Users` (`id`) ON DELETE NO ACTION ON UPDATE CASCADE, `projectId` UUID REFERENCES `Projects` (`id`), `isPublic` TINYINT(1) DEFAULT 0, `createdAt` DATETIME NOT NULL, `updatedAt` DATETIME NOT NULL, `category` VARCHAR(255) DEFAULT 'General', `tags` JSON DEFAULT '[]', `version` INTEGER DEFAULT '1', `usageCount` INTEGER DEFAULT '0', `preview` JSON);
Executing (default): INSERT INTO `DiaryTemplates_backup` SELECT `id`, `name`, `type`, `description`, `data`, `userId`, `projectId`, `isPublic`, `createdAt`, `updatedAt`, `category`, `tags`, `version`, `usageCount`, `preview` FROM `DiaryTemplates`;
Executing (default): DROP TABLE `DiaryTemplates`;
Executing (default): CREATE TABLE IF NOT EXISTS `DiaryTemplates` (`id` UUID UNIQUE PRIMARY KEY, `name` VARCHAR(255) NOT NULL, `type` TEXT DEFAULT 'node-group', `description` TEXT, `data` JSON NOT NULL, `userId` UUID NOT NULL REFERENCES `Users` (`id`) ON DELETE NO ACTION ON UPDATE CASCADE, `projectId` UUID REFERENCES `Projects` (`id`), `isPublic` TINYINT(1) DEFAULT 0, `createdAt` DATETIME NOT NULL, `updatedAt` DATETIME NOT NULL, `category` VARCHAR(255) DEFAULT 'General', `tags` JSON DEFAULT '[]', `version` INTEGER DEFAULT '1', `usageCount` INTEGER DEFAULT '0', `preview` JSON);
Executing (default): INSERT INTO `DiaryTemplates` SELECT `id`, `name`, `type`, `description`, `data`, `userId`, `projectId`, `isPublic`, `createdAt`, `updatedAt`, `category`, `tags`, `version`, `usageCount`, `preview` FROM `DiaryTemplates_backup`;
Executing (default): DROP TABLE `DiaryTemplates_backup`;
Executing (default): PRAGMA TABLE_INFO(`DiaryTemplates`);
Executing (default): PRAGMA INDEX_LIST(`DiaryTemplates`)
Executing (default): PRAGMA INDEX_INFO(`sqlite_autoindex_DiaryTemplates_1`)
Executing (default): PRAGMA foreign_key_list(`DiaryTemplates`)
Executing (default): CREATE TABLE IF NOT EXISTS `DiaryTemplates_backup` (`id` UUID UNIQUE PRIMARY KEY, `name` VARCHAR(255) NOT NULL, `type` TEXT DEFAULT 'node-group', `description` TEXT, `data` JSON NOT NULL, `userId` UUID NOT NULL REFERENCES `Users` (`id`), `projectId` UUID REFERENCES `Projects` (`id`) ON DELETE SET NULL ON UPDATE CASCADE, `isPublic` TINYINT(1) DEFAULT 0, `createdAt` DATETIME NOT NULL, `updatedAt` DATETIME NOT NULL, `category` VARCHAR(255) DEFAULT 'General', `tags` JSON DEFAULT '[]', `version` INTEGER DEFAULT '1', `usageCount` INTEGER DEFAULT '0', `preview` JSON);
Executing (default): INSERT INTO `DiaryTemplates_backup` SELECT `id`, `name`, `type`, `description`, `data`, `userId`, `projectId`, `isPublic`, `createdAt`, `updatedAt`, `category`, `tags`, `version`, `usageCount`, `preview` FROM `DiaryTemplates`;
Executing (default): DROP TABLE `DiaryTemplates`;
Executing (default): CREATE TABLE IF NOT EXISTS `DiaryTemplates` (`id` UUID UNIQUE PRIMARY KEY, `name` VARCHAR(255) NOT NULL, `type` TEXT DEFAULT 'node-group', `description` TEXT, `data` JSON NOT NULL, `userId` UUID NOT NULL REFERENCES `Users` (`id`), `projectId` UUID REFERENCES `Projects` (`id`) ON DELETE SET NULL ON UPDATE CASCADE, `isPublic` TINYINT(1) DEFAULT 0, `createdAt` DATETIME NOT NULL, `updatedAt` DATETIME NOT NULL, `category` VARCHAR(255) DEFAULT 'General', `tags` JSON DEFAULT '[]', `version` INTEGER DEFAULT '1', `usageCount` INTEGER DEFAULT '0', `preview` JSON);
Executing (default): INSERT INTO `DiaryTemplates` SELECT `id`, `name`, `type`, `description`, `data`, `userId`, `projectId`, `isPublic`, `createdAt`, `updatedAt`, `category`, `tags`, `version`, `usageCount`, `preview` FROM `DiaryTemplates_backup`;
Executing (default): DROP TABLE `DiaryTemplates_backup`;
Executing (default): PRAGMA TABLE_INFO(`DiaryTemplates`);
Executing (default): PRAGMA INDEX_LIST(`DiaryTemplates`)
Executing (default): PRAGMA INDEX_INFO(`sqlite_autoindex_DiaryTemplates_1`)
Executing (default): PRAGMA foreign_key_list(`DiaryTemplates`)
Executing (default): CREATE TABLE IF NOT EXISTS `DiaryTemplates_backup` (`id` UUID UNIQUE PRIMARY KEY, `name` VARCHAR(255) NOT NULL, `type` TEXT DEFAULT 'node-group', `description` TEXT, `data` JSON NOT NULL, `userId` UUID NOT NULL REFERENCES `Users` (`id`), `projectId` UUID REFERENCES `Projects` (`id`), `isPublic` TINYINT(1) DEFAULT 0, `createdAt` DATETIME NOT NULL, `updatedAt` DATETIME NOT NULL, `category` VARCHAR(255) DEFAULT 'General', `tags` JSON DEFAULT '[]', `version` INTEGER DEFAULT '1', `usageCount` INTEGER DEFAULT '0', `preview` JSON);
Executing (default): INSERT INTO `DiaryTemplates_backup` SELECT `id`, `name`, `type`, `description`, `data`, `userId`, `projectId`, `isPublic`, `createdAt`, `updatedAt`, `category`, `tags`, `version`, `usageCount`, `preview` FROM `DiaryTemplates`;
Executing (default): DROP TABLE `DiaryTemplates`;
Executing (default): CREATE TABLE IF NOT EXISTS `DiaryTemplates` (`id` UUID UNIQUE PRIMARY KEY, `name` VARCHAR(255) NOT NULL, `type` TEXT DEFAULT 'node-group', `description` TEXT, `data` JSON NOT NULL, `userId` UUID NOT NULL REFERENCES `Users` (`id`), `projectId` UUID REFERENCES `Projects` (`id`), `isPublic` TINYINT(1) DEFAULT 0, `createdAt` DATETIME NOT NULL, `updatedAt` DATETIME NOT NULL, `category` VARCHAR(255) DEFAULT 'General', `tags` JSON DEFAULT '[]', `version` INTEGER DEFAULT '1', `usageCount` INTEGER DEFAULT '0', `preview` JSON);
Executing (default): INSERT INTO `DiaryTemplates` SELECT `id`, `name`, `type`, `description`, `data`, `userId`, `projectId`, `isPublic`, `createdAt`, `updatedAt`, `category`, `tags`, `version`, `usageCount`, `preview` FROM `DiaryTemplates_backup`;
Executing (default): DROP TABLE `DiaryTemplates_backup`;
Executing (default): PRAGMA TABLE_INFO(`DiaryTemplates`);
Executing (default): PRAGMA INDEX_LIST(`DiaryTemplates`)
Executing (default): PRAGMA INDEX_INFO(`sqlite_autoindex_DiaryTemplates_1`)
Executing (default): PRAGMA foreign_key_list(`DiaryTemplates`)
Executing (default): CREATE TABLE IF NOT EXISTS `DiaryTemplates_backup` (`id` UUID UNIQUE PRIMARY KEY, `name` VARCHAR(255) NOT NULL, `type` TEXT DEFAULT 'node-group', `description` TEXT, `data` JSON NOT NULL, `userId` UUID NOT NULL REFERENCES `Users` (`id`), `projectId` UUID REFERENCES `Projects` (`id`), `isPublic` TINYINT(1) DEFAULT 0, `createdAt` DATETIME NOT NULL, `updatedAt` DATETIME NOT NULL, `category` VARCHAR(255) DEFAULT 'General', `tags` JSON DEFAULT '[]', `version` INTEGER DEFAULT '1', `usageCount` INTEGER DEFAULT '0', `preview` JSON);
Executing (default): INSERT INTO `DiaryTemplates_backup` SELECT `id`, `name`, `type`, `description`, `data`, `userId`, `projectId`, `isPublic`, `createdAt`, `updatedAt`, `category`, `tags`, `version`, `usageCount`, `preview` FROM `DiaryTemplates`;
Executing (default): DROP TABLE `DiaryTemplates`;
Executing (default): CREATE TABLE IF NOT EXISTS `DiaryTemplates` (`id` UUID UNIQUE PRIMARY KEY, `name` VARCHAR(255) NOT NULL, `type` TEXT DEFAULT 'node-group', `description` TEXT, `data` JSON NOT NULL, `userId` UUID NOT NULL REFERENCES `Users` (`id`), `projectId` UUID REFERENCES `Projects` (`id`), `isPublic` TINYINT(1) DEFAULT 0, `createdAt` DATETIME NOT NULL, `updatedAt` DATETIME NOT NULL, `category` VARCHAR(255) DEFAULT 'General', `tags` JSON DEFAULT '[]', `version` INTEGER DEFAULT '1', `usageCount` INTEGER DEFAULT '0', `preview` JSON);
Executing (default): INSERT INTO `DiaryTemplates` SELECT `id`, `name`, `type`, `description`, `data`, `userId`, `projectId`, `isPublic`, `createdAt`, `updatedAt`, `category`, `tags`, `version`, `usageCount`, `preview` FROM `DiaryTemplates_backup`;
Executing (default): DROP TABLE `DiaryTemplates_backup`;
Executing (default): PRAGMA TABLE_INFO(`DiaryTemplates`);
Executing (default): PRAGMA INDEX_LIST(`DiaryTemplates`)
Executing (default): PRAGMA INDEX_INFO(`sqlite_autoindex_DiaryTemplates_1`)
Executing (default): PRAGMA foreign_key_list(`DiaryTemplates`)
Executing (default): CREATE TABLE IF NOT EXISTS `DiaryTemplates_backup` (`id` UUID UNIQUE PRIMARY KEY, `name` VARCHAR(255) NOT NULL, `type` TEXT DEFAULT 'node-group', `description` TEXT, `data` JSON NOT NULL, `userId` UUID NOT NULL REFERENCES `Users` (`id`), `projectId` UUID REFERENCES `Projects` (`id`), `isPublic` TINYINT(1) DEFAULT 0, `createdAt` DATETIME NOT NULL, `updatedAt` DATETIME NOT NULL, `category` VARCHAR(255) DEFAULT 'General', `tags` JSON DEFAULT '[]', `version` INTEGER DEFAULT '1', `usageCount` INTEGER DEFAULT '0', `preview` JSON);
Executing (default): INSERT INTO `DiaryTemplates_backup` SELECT `id`, `name`, `type`, `description`, `data`, `userId`, `projectId`, `isPublic`, `createdAt`, `updatedAt`, `category`, `tags`, `version`, `usageCount`, `preview` FROM `DiaryTemplates`;
Executing (default): DROP TABLE `DiaryTemplates`;
Executing (default): CREATE TABLE IF NOT EXISTS `DiaryTemplates` (`id` UUID UNIQUE PRIMARY KEY, `name` VARCHAR(255) NOT NULL, `type` TEXT DEFAULT 'node-group', `description` TEXT, `data` JSON NOT NULL, `userId` UUID NOT NULL REFERENCES `Users` (`id`), `projectId` UUID REFERENCES `Projects` (`id`), `isPublic` TINYINT(1) DEFAULT 0, `createdAt` DATETIME NOT NULL, `updatedAt` DATETIME NOT NULL, `category` VARCHAR(255) DEFAULT 'General', `tags` JSON DEFAULT '[]', `version` INTEGER DEFAULT '1', `usageCount` INTEGER DEFAULT '0', `preview` JSON);
Executing (default): INSERT INTO `DiaryTemplates` SELECT `id`, `name`, `type`, `description`, `data`, `userId`, `projectId`, `isPublic`, `createdAt`, `updatedAt`, `category`, `tags`, `version`, `usageCount`, `preview` FROM `DiaryTemplates_backup`;
Executing (default): DROP TABLE `DiaryTemplates_backup`;
Executing (default): PRAGMA TABLE_INFO(`DiaryTemplates`);
Executing (default): PRAGMA INDEX_LIST(`DiaryTemplates`)
Executing (default): PRAGMA INDEX_INFO(`sqlite_autoindex_DiaryTemplates_1`)
Executing (default): PRAGMA foreign_key_list(`DiaryTemplates`)
Executing (default): CREATE TABLE IF NOT EXISTS `DiaryTemplates_backup` (`id` UUID UNIQUE PRIMARY KEY, `name` VARCHAR(255) NOT NULL, `type` TEXT DEFAULT 'node-group', `description` TEXT, `data` JSON NOT NULL, `userId` UUID NOT NULL REFERENCES `Users` (`id`), `projectId` UUID REFERENCES `Projects` (`id`), `isPublic` TINYINT(1) DEFAULT 0, `createdAt` DATETIME NOT NULL, `updatedAt` DATETIME NOT NULL, `category` VARCHAR(255) DEFAULT 'General', `tags` JSON DEFAULT '[]', `version` INTEGER DEFAULT '1', `usageCount` INTEGER DEFAULT '0', `preview` JSON);
Executing (default): INSERT INTO `DiaryTemplates_backup` SELECT `id`, `name`, `type`, `description`, `data`, `userId`, `projectId`, `isPublic`, `createdAt`, `updatedAt`, `category`, `tags`, `version`, `usageCount`, `preview` FROM `DiaryTemplates`;
Executing (default): DROP TABLE `DiaryTemplates`;
Executing (default): CREATE TABLE IF NOT EXISTS `DiaryTemplates` (`id` UUID UNIQUE PRIMARY KEY, `name` VARCHAR(255) NOT NULL, `type` TEXT DEFAULT 'node-group', `description` TEXT, `data` JSON NOT NULL, `userId` UUID NOT NULL REFERENCES `Users` (`id`), `projectId` UUID REFERENCES `Projects` (`id`), `isPublic` TINYINT(1) DEFAULT 0, `createdAt` DATETIME NOT NULL, `updatedAt` DATETIME NOT NULL, `category` VARCHAR(255) DEFAULT 'General', `tags` JSON DEFAULT '[]', `version` INTEGER DEFAULT '1', `usageCount` INTEGER DEFAULT '0', `preview` JSON);
Executing (default): INSERT INTO `DiaryTemplates` SELECT `id`, `name`, `type`, `description`, `data`, `userId`, `projectId`, `isPublic`, `createdAt`, `updatedAt`, `category`, `tags`, `version`, `usageCount`, `preview` FROM `DiaryTemplates_backup`;
Executing (default): DROP TABLE `DiaryTemplates_backup`;
Executing (default): PRAGMA TABLE_INFO(`DiaryTemplates`);
Executing (default): PRAGMA INDEX_LIST(`DiaryTemplates`)
Executing (default): PRAGMA INDEX_INFO(`sqlite_autoindex_DiaryTemplates_1`)
Executing (default): PRAGMA foreign_key_list(`DiaryTemplates`)
Executing (default): CREATE TABLE IF NOT EXISTS `DiaryTemplates_backup` (`id` UUID UNIQUE PRIMARY KEY, `name` VARCHAR(255) NOT NULL, `type` TEXT DEFAULT 'node-group', `description` TEXT, `data` JSON NOT NULL, `userId` UUID NOT NULL REFERENCES `Users` (`id`), `projectId` UUID REFERENCES `Projects` (`id`), `isPublic` TINYINT(1) DEFAULT 0, `createdAt` DATETIME NOT NULL, `updatedAt` DATETIME NOT NULL, `category` VARCHAR(255) DEFAULT 'General', `tags` JSON DEFAULT '[]', `version` INTEGER DEFAULT '1', `usageCount` INTEGER DEFAULT '0', `preview` JSON);
Executing (default): INSERT INTO `DiaryTemplates_backup` SELECT `id`, `name`, `type`, `description`, `data`, `userId`, `projectId`, `isPublic`, `createdAt`, `updatedAt`, `category`, `tags`, `version`, `usageCount`, `preview` FROM `DiaryTemplates`;
Executing (default): DROP TABLE `DiaryTemplates`;
Executing (default): CREATE TABLE IF NOT EXISTS `DiaryTemplates` (`id` UUID UNIQUE PRIMARY KEY, `name` VARCHAR(255) NOT NULL, `type` TEXT DEFAULT 'node-group', `description` TEXT, `data` JSON NOT NULL, `userId` UUID NOT NULL REFERENCES `Users` (`id`), `projectId` UUID REFERENCES `Projects` (`id`), `isPublic` TINYINT(1) DEFAULT 0, `createdAt` DATETIME NOT NULL, `updatedAt` DATETIME NOT NULL, `category` VARCHAR(255) DEFAULT 'General', `tags` JSON DEFAULT '[]', `version` INTEGER DEFAULT '1', `usageCount` INTEGER DEFAULT '0', `preview` JSON);
Executing (default): INSERT INTO `DiaryTemplates` SELECT `id`, `name`, `type`, `description`, `data`, `userId`, `projectId`, `isPublic`, `createdAt`, `updatedAt`, `category`, `tags`, `version`, `usageCount`, `preview` FROM `DiaryTemplates_backup`;
Executing (default): DROP TABLE `DiaryTemplates_backup`;
Executing (default): PRAGMA TABLE_INFO(`DiaryTemplates`);
Executing (default): PRAGMA INDEX_LIST(`DiaryTemplates`)
Executing (default): PRAGMA INDEX_INFO(`sqlite_autoindex_DiaryTemplates_1`)
Executing (default): PRAGMA foreign_key_list(`DiaryTemplates`)
Executing (default): CREATE TABLE IF NOT EXISTS `DiaryTemplates_backup` (`id` UUID UNIQUE PRIMARY KEY, `name` VARCHAR(255) NOT NULL, `type` TEXT DEFAULT 'node-group', `description` TEXT, `data` JSON NOT NULL, `userId` UUID NOT NULL REFERENCES `Users` (`id`), `projectId` UUID REFERENCES `Projects` (`id`), `isPublic` TINYINT(1) DEFAULT 0, `createdAt` DATETIME NOT NULL, `updatedAt` DATETIME NOT NULL, `category` VARCHAR(255) DEFAULT 'General', `tags` JSON DEFAULT '[]', `version` INTEGER DEFAULT 1, `usageCount` INTEGER DEFAULT '0', `preview` JSON);
Executing (default): INSERT INTO `DiaryTemplates_backup` SELECT `id`, `name`, `type`, `description`, `data`, `userId`, `projectId`, `isPublic`, `createdAt`, `updatedAt`, `category`, `tags`, `version`, `usageCount`, `preview` FROM `DiaryTemplates`;
Executing (default): DROP TABLE `DiaryTemplates`;
Executing (default): CREATE TABLE IF NOT EXISTS `DiaryTemplates` (`id` UUID UNIQUE PRIMARY KEY, `name` VARCHAR(255) NOT NULL, `type` TEXT DEFAULT 'node-group', `description` TEXT, `data` JSON NOT NULL, `userId` UUID NOT NULL REFERENCES `Users` (`id`), `projectId` UUID REFERENCES `Projects` (`id`), `isPublic` TINYINT(1) DEFAULT 0, `createdAt` DATETIME NOT NULL, `updatedAt` DATETIME NOT NULL, `category` VARCHAR(255) DEFAULT 'General', `tags` JSON DEFAULT '[]', `version` INTEGER DEFAULT 1, `usageCount` INTEGER DEFAULT '0', `preview` JSON);
Executing (default): INSERT INTO `DiaryTemplates` SELECT `id`, `name`, `type`, `description`, `data`, `userId`, `projectId`, `isPublic`, `createdAt`, `updatedAt`, `category`, `tags`, `version`, `usageCount`, `preview` FROM `DiaryTemplates_backup`;
Executing (default): DROP TABLE `DiaryTemplates_backup`;
Executing (default): PRAGMA TABLE_INFO(`DiaryTemplates`);
Executing (default): PRAGMA INDEX_LIST(`DiaryTemplates`)
Executing (default): PRAGMA INDEX_INFO(`sqlite_autoindex_DiaryTemplates_1`)
Executing (default): PRAGMA foreign_key_list(`DiaryTemplates`)
Executing (default): CREATE TABLE IF NOT EXISTS `DiaryTemplates_backup` (`id` UUID UNIQUE PRIMARY KEY, `name` VARCHAR(255) NOT NULL, `type` TEXT DEFAULT 'node-group', `description` TEXT, `data` JSON NOT NULL, `userId` UUID NOT NULL REFERENCES `Users` (`id`), `projectId` UUID REFERENCES `Projects` (`id`), `isPublic` TINYINT(1) DEFAULT 0, `createdAt` DATETIME NOT NULL, `updatedAt` DATETIME NOT NULL, `category` VARCHAR(255) DEFAULT 'General', `tags` JSON DEFAULT '[]', `version` INTEGER DEFAULT '1', `usageCount` INTEGER DEFAULT 0, `preview` JSON);
Executing (default): INSERT INTO `DiaryTemplates_backup` SELECT `id`, `name`, `type`, `description`, `data`, `userId`, `projectId`, `isPublic`, `createdAt`, `updatedAt`, `category`, `tags`, `version`, `usageCount`, `preview` FROM `DiaryTemplates`;
Executing (default): DROP TABLE `DiaryTemplates`;
Executing (default): CREATE TABLE IF NOT EXISTS `DiaryTemplates` (`id` UUID UNIQUE PRIMARY KEY, `name` VARCHAR(255) NOT NULL, `type` TEXT DEFAULT 'node-group', `description` TEXT, `data` JSON NOT NULL, `userId` UUID NOT NULL REFERENCES `Users` (`id`), `projectId` UUID REFERENCES `Projects` (`id`), `isPublic` TINYINT(1) DEFAULT 0, `createdAt` DATETIME NOT NULL, `updatedAt` DATETIME NOT NULL, `category` VARCHAR(255) DEFAULT 'General', `tags` JSON DEFAULT '[]', `version` INTEGER DEFAULT '1', `usageCount` INTEGER DEFAULT 0, `preview` JSON);
Executing (default): INSERT INTO `DiaryTemplates` SELECT `id`, `name`, `type`, `description`, `data`, `userId`, `projectId`, `isPublic`, `createdAt`, `updatedAt`, `category`, `tags`, `version`, `usageCount`, `preview` FROM `DiaryTemplates_backup`;
Executing (default): DROP TABLE `DiaryTemplates_backup`;
Executing (default): PRAGMA TABLE_INFO(`DiaryTemplates`);
Executing (default): PRAGMA INDEX_LIST(`DiaryTemplates`)
Executing (default): PRAGMA INDEX_INFO(`sqlite_autoindex_DiaryTemplates_1`)
Executing (default): PRAGMA foreign_key_list(`DiaryTemplates`)
Executing (default): CREATE TABLE IF NOT EXISTS `DiaryTemplates_backup` (`id` UUID UNIQUE PRIMARY KEY, `name` VARCHAR(255) NOT NULL, `type` TEXT DEFAULT 'node-group', `description` TEXT, `data` JSON NOT NULL, `userId` UUID NOT NULL REFERENCES `Users` (`id`), `projectId` UUID REFERENCES `Projects` (`id`), `isPublic` TINYINT(1) DEFAULT 0, `createdAt` DATETIME NOT NULL, `updatedAt` DATETIME NOT NULL, `category` VARCHAR(255) DEFAULT 'General', `tags` JSON DEFAULT '[]', `version` INTEGER DEFAULT '1', `usageCount` INTEGER DEFAULT '0', `preview` JSON);
Executing (default): INSERT INTO `DiaryTemplates_backup` SELECT `id`, `name`, `type`, `description`, `data`, `userId`, `projectId`, `isPublic`, `createdAt`, `updatedAt`, `category`, `tags`, `version`, `usageCount`, `preview` FROM `DiaryTemplates`;
Executing (default): DROP TABLE `DiaryTemplates`;
Executing (default): CREATE TABLE IF NOT EXISTS `DiaryTemplates` (`id` UUID UNIQUE PRIMARY KEY, `name` VARCHAR(255) NOT NULL, `type` TEXT DEFAULT 'node-group', `description` TEXT, `data` JSON NOT NULL, `userId` UUID NOT NULL REFERENCES `Users` (`id`), `projectId` UUID REFERENCES `Projects` (`id`), `isPublic` TINYINT(1) DEFAULT 0, `createdAt` DATETIME NOT NULL, `updatedAt` DATETIME NOT NULL, `category` VARCHAR(255) DEFAULT 'General', `tags` JSON DEFAULT '[]', `version` INTEGER DEFAULT '1', `usageCount` INTEGER DEFAULT '0', `preview` JSON);
Executing (default): INSERT INTO `DiaryTemplates` SELECT `id`, `name`, `type`, `description`, `data`, `userId`, `projectId`, `isPublic`, `createdAt`, `updatedAt`, `category`, `tags`, `version`, `usageCount`, `preview` FROM `DiaryTemplates_backup`;
Executing (default): DROP TABLE `DiaryTemplates_backup`;
Executing (default): PRAGMA INDEX_LIST(`DiaryTemplates`)
Executing (default): PRAGMA INDEX_INFO(`sqlite_autoindex_DiaryTemplates_1`)
Executing (default): SELECT name FROM sqlite_master WHERE type='table' AND name='Documents';
Executing (default): PRAGMA TABLE_INFO(`Documents`);
Executing (default): PRAGMA foreign_key_list(`Documents`)
Executing (default): PRAGMA INDEX_LIST(`Documents`)
Executing (default): PRAGMA INDEX_INFO(`sqlite_autoindex_Documents_1`)
Executing (default): PRAGMA foreign_key_list(`Documents`)
Executing (default): PRAGMA TABLE_INFO(`Documents`);
Executing (default): PRAGMA INDEX_LIST(`Documents`)
Executing (default): PRAGMA INDEX_INFO(`sqlite_autoindex_Documents_1`)
Executing (default): PRAGMA foreign_key_list(`Documents`)
Executing (default): CREATE TABLE IF NOT EXISTS `Documents_backup` (`id` UUID UNIQUE PRIMARY KEY, `title` VARCHAR(255) NOT NULL, `type` TEXT DEFAULT 'REPORT', `content` TEXT, `tags` JSON DEFAULT '[]', `status` TEXT DEFAULT 'DRAFT', `relatedModel` VARCHAR(255), `relatedId` UUID, `metadata` JSON DEFAULT '{}', `userId` UUID REFERENCES `Users` (`id`), `searchVector` TSVECTOR, `createdAt` DATETIME NOT NULL, `updatedAt` DATETIME NOT NULL);
Executing (default): INSERT INTO `Documents_backup` SELECT `id`, `title`, `type`, `content`, `tags`, `status`, `relatedModel`, `relatedId`, `metadata`, `userId`, `searchVector`, `createdAt`, `updatedAt` FROM `Documents`;
Executing (default): DROP TABLE `Documents`;
Executing (default): CREATE TABLE IF NOT EXISTS `Documents` (`id` UUID UNIQUE PRIMARY KEY, `title` VARCHAR(255) NOT NULL, `type` TEXT DEFAULT 'REPORT', `content` TEXT, `tags` JSON DEFAULT '[]', `status` TEXT DEFAULT 'DRAFT', `relatedModel` VARCHAR(255), `relatedId` UUID, `metadata` JSON DEFAULT '{}', `userId` UUID REFERENCES `Users` (`id`), `searchVector` TSVECTOR, `createdAt` DATETIME NOT NULL, `updatedAt` DATETIME NOT NULL);
Executing (default): INSERT INTO `Documents` SELECT `id`, `title`, `type`, `content`, `tags`, `status`, `relatedModel`, `relatedId`, `metadata`, `userId`, `searchVector`, `createdAt`, `updatedAt` FROM `Documents_backup`;
Executing (default): DROP TABLE `Documents_backup`;
Executing (default): PRAGMA TABLE_INFO(`Documents`);
Executing (default): PRAGMA INDEX_LIST(`Documents`)
Executing (default): PRAGMA INDEX_INFO(`sqlite_autoindex_Documents_1`)
Executing (default): PRAGMA foreign_key_list(`Documents`)
Executing (default): CREATE TABLE IF NOT EXISTS `Documents_backup` (`id` UUID UNIQUE PRIMARY KEY, `title` VARCHAR(255) NOT NULL, `type` TEXT DEFAULT 'REPORT', `content` TEXT, `tags` JSON DEFAULT '[]', `status` TEXT DEFAULT 'DRAFT', `relatedModel` VARCHAR(255), `relatedId` UUID, `metadata` JSON DEFAULT '{}', `userId` UUID REFERENCES `Users` (`id`), `searchVector` TSVECTOR, `createdAt` DATETIME NOT NULL, `updatedAt` DATETIME NOT NULL);
Executing (default): INSERT INTO `Documents_backup` SELECT `id`, `title`, `type`, `content`, `tags`, `status`, `relatedModel`, `relatedId`, `metadata`, `userId`, `searchVector`, `createdAt`, `updatedAt` FROM `Documents`;
Executing (default): DROP TABLE `Documents`;
Executing (default): CREATE TABLE IF NOT EXISTS `Documents` (`id` UUID UNIQUE PRIMARY KEY, `title` VARCHAR(255) NOT NULL, `type` TEXT DEFAULT 'REPORT', `content` TEXT, `tags` JSON DEFAULT '[]', `status` TEXT DEFAULT 'DRAFT', `relatedModel` VARCHAR(255), `relatedId` UUID, `metadata` JSON DEFAULT '{}', `userId` UUID REFERENCES `Users` (`id`), `searchVector` TSVECTOR, `createdAt` DATETIME NOT NULL, `updatedAt` DATETIME NOT NULL);
Executing (default): INSERT INTO `Documents` SELECT `id`, `title`, `type`, `content`, `tags`, `status`, `relatedModel`, `relatedId`, `metadata`, `userId`, `searchVector`, `createdAt`, `updatedAt` FROM `Documents_backup`;
Executing (default): DROP TABLE `Documents_backup`;
Executing (default): PRAGMA TABLE_INFO(`Documents`);
Executing (default): PRAGMA INDEX_LIST(`Documents`)
Executing (default): PRAGMA INDEX_INFO(`sqlite_autoindex_Documents_1`)
Executing (default): PRAGMA foreign_key_list(`Documents`)
Executing (default): CREATE TABLE IF NOT EXISTS `Documents_backup` (`id` UUID UNIQUE PRIMARY KEY, `title` VARCHAR(255) NOT NULL, `type` TEXT DEFAULT 'REPORT', `content` TEXT, `tags` JSON DEFAULT '[]', `status` TEXT DEFAULT 'DRAFT', `relatedModel` VARCHAR(255), `relatedId` UUID, `metadata` JSON DEFAULT '{}', `userId` UUID REFERENCES `Users` (`id`), `searchVector` TSVECTOR, `createdAt` DATETIME NOT NULL, `updatedAt` DATETIME NOT NULL);
Executing (default): INSERT INTO `Documents_backup` SELECT `id`, `title`, `type`, `content`, `tags`, `status`, `relatedModel`, `relatedId`, `metadata`, `userId`, `searchVector`, `createdAt`, `updatedAt` FROM `Documents`;
Executing (default): DROP TABLE `Documents`;
Executing (default): CREATE TABLE IF NOT EXISTS `Documents` (`id` UUID UNIQUE PRIMARY KEY, `title` VARCHAR(255) NOT NULL, `type` TEXT DEFAULT 'REPORT', `content` TEXT, `tags` JSON DEFAULT '[]', `status` TEXT DEFAULT 'DRAFT', `relatedModel` VARCHAR(255), `relatedId` UUID, `metadata` JSON DEFAULT '{}', `userId` UUID REFERENCES `Users` (`id`), `searchVector` TSVECTOR, `createdAt` DATETIME NOT NULL, `updatedAt` DATETIME NOT NULL);
Executing (default): INSERT INTO `Documents` SELECT `id`, `title`, `type`, `content`, `tags`, `status`, `relatedModel`, `relatedId`, `metadata`, `userId`, `searchVector`, `createdAt`, `updatedAt` FROM `Documents_backup`;
Executing (default): DROP TABLE `Documents_backup`;
Executing (default): PRAGMA TABLE_INFO(`Documents`);
Executing (default): PRAGMA INDEX_LIST(`Documents`)
Executing (default): PRAGMA INDEX_INFO(`sqlite_autoindex_Documents_1`)
Executing (default): PRAGMA foreign_key_list(`Documents`)
Executing (default): CREATE TABLE IF NOT EXISTS `Documents_backup` (`id` UUID UNIQUE PRIMARY KEY, `title` VARCHAR(255) NOT NULL, `type` TEXT DEFAULT 'REPORT', `content` TEXT, `tags` JSON DEFAULT '[]', `status` TEXT DEFAULT 'DRAFT', `relatedModel` VARCHAR(255), `relatedId` UUID, `metadata` JSON DEFAULT '{}', `userId` UUID REFERENCES `Users` (`id`), `searchVector` TSVECTOR, `createdAt` DATETIME NOT NULL, `updatedAt` DATETIME NOT NULL);
Executing (default): INSERT INTO `Documents_backup` SELECT `id`, `title`, `type`, `content`, `tags`, `status`, `relatedModel`, `relatedId`, `metadata`, `userId`, `searchVector`, `createdAt`, `updatedAt` FROM `Documents`;
Executing (default): DROP TABLE `Documents`;
Executing (default): CREATE TABLE IF NOT EXISTS `Documents` (`id` UUID UNIQUE PRIMARY KEY, `title` VARCHAR(255) NOT NULL, `type` TEXT DEFAULT 'REPORT', `content` TEXT, `tags` JSON DEFAULT '[]', `status` TEXT DEFAULT 'DRAFT', `relatedModel` VARCHAR(255), `relatedId` UUID, `metadata` JSON DEFAULT '{}', `userId` UUID REFERENCES `Users` (`id`), `searchVector` TSVECTOR, `createdAt` DATETIME NOT NULL, `updatedAt` DATETIME NOT NULL);
Executing (default): INSERT INTO `Documents` SELECT `id`, `title`, `type`, `content`, `tags`, `status`, `relatedModel`, `relatedId`, `metadata`, `userId`, `searchVector`, `createdAt`, `updatedAt` FROM `Documents_backup`;
Executing (default): DROP TABLE `Documents_backup`;
Executing (default): PRAGMA TABLE_INFO(`Documents`);
Executing (default): PRAGMA INDEX_LIST(`Documents`)
Executing (default): PRAGMA INDEX_INFO(`sqlite_autoindex_Documents_1`)
Executing (default): PRAGMA foreign_key_list(`Documents`)
Executing (default): CREATE TABLE IF NOT EXISTS `Documents_backup` (`id` UUID UNIQUE PRIMARY KEY, `title` VARCHAR(255) NOT NULL, `type` TEXT DEFAULT 'REPORT', `content` TEXT, `tags` JSON DEFAULT '[]', `status` TEXT DEFAULT 'DRAFT', `relatedModel` VARCHAR(255), `relatedId` UUID, `metadata` JSON DEFAULT '{}', `userId` UUID REFERENCES `Users` (`id`), `searchVector` TSVECTOR, `createdAt` DATETIME NOT NULL, `updatedAt` DATETIME NOT NULL);
Executing (default): INSERT INTO `Documents_backup` SELECT `id`, `title`, `type`, `content`, `tags`, `status`, `relatedModel`, `relatedId`, `metadata`, `userId`, `searchVector`, `createdAt`, `updatedAt` FROM `Documents`;
Executing (default): DROP TABLE `Documents`;
Executing (default): CREATE TABLE IF NOT EXISTS `Documents` (`id` UUID UNIQUE PRIMARY KEY, `title` VARCHAR(255) NOT NULL, `type` TEXT DEFAULT 'REPORT', `content` TEXT, `tags` JSON DEFAULT '[]', `status` TEXT DEFAULT 'DRAFT', `relatedModel` VARCHAR(255), `relatedId` UUID, `metadata` JSON DEFAULT '{}', `userId` UUID REFERENCES `Users` (`id`), `searchVector` TSVECTOR, `createdAt` DATETIME NOT NULL, `updatedAt` DATETIME NOT NULL);
Executing (default): INSERT INTO `Documents` SELECT `id`, `title`, `type`, `content`, `tags`, `status`, `relatedModel`, `relatedId`, `metadata`, `userId`, `searchVector`, `createdAt`, `updatedAt` FROM `Documents_backup`;
Executing (default): DROP TABLE `Documents_backup`;
Executing (default): PRAGMA TABLE_INFO(`Documents`);
Executing (default): PRAGMA INDEX_LIST(`Documents`)
Executing (default): PRAGMA INDEX_INFO(`sqlite_autoindex_Documents_1`)
Executing (default): PRAGMA foreign_key_list(`Documents`)
Executing (default): CREATE TABLE IF NOT EXISTS `Documents_backup` (`id` UUID UNIQUE PRIMARY KEY, `title` VARCHAR(255) NOT NULL, `type` TEXT DEFAULT 'REPORT', `content` TEXT, `tags` JSON DEFAULT '[]', `status` TEXT DEFAULT 'DRAFT', `relatedModel` VARCHAR(255), `relatedId` UUID, `metadata` JSON DEFAULT '{}', `userId` UUID REFERENCES `Users` (`id`), `searchVector` TSVECTOR, `createdAt` DATETIME NOT NULL, `updatedAt` DATETIME NOT NULL);
Executing (default): INSERT INTO `Documents_backup` SELECT `id`, `title`, `type`, `content`, `tags`, `status`, `relatedModel`, `relatedId`, `metadata`, `userId`, `searchVector`, `createdAt`, `updatedAt` FROM `Documents`;
Executing (default): DROP TABLE `Documents`;
Executing (default): CREATE TABLE IF NOT EXISTS `Documents` (`id` UUID UNIQUE PRIMARY KEY, `title` VARCHAR(255) NOT NULL, `type` TEXT DEFAULT 'REPORT', `content` TEXT, `tags` JSON DEFAULT '[]', `status` TEXT DEFAULT 'DRAFT', `relatedModel` VARCHAR(255), `relatedId` UUID, `metadata` JSON DEFAULT '{}', `userId` UUID REFERENCES `Users` (`id`), `searchVector` TSVECTOR, `createdAt` DATETIME NOT NULL, `updatedAt` DATETIME NOT NULL);
Executing (default): INSERT INTO `Documents` SELECT `id`, `title`, `type`, `content`, `tags`, `status`, `relatedModel`, `relatedId`, `metadata`, `userId`, `searchVector`, `createdAt`, `updatedAt` FROM `Documents_backup`;
Executing (default): DROP TABLE `Documents_backup`;
Executing (default): PRAGMA TABLE_INFO(`Documents`);
Executing (default): PRAGMA INDEX_LIST(`Documents`)
Executing (default): PRAGMA INDEX_INFO(`sqlite_autoindex_Documents_1`)
Executing (default): PRAGMA foreign_key_list(`Documents`)
Executing (default): CREATE TABLE IF NOT EXISTS `Documents_backup` (`id` UUID UNIQUE PRIMARY KEY, `title` VARCHAR(255) NOT NULL, `type` TEXT DEFAULT 'REPORT', `content` TEXT, `tags` JSON DEFAULT '[]', `status` TEXT DEFAULT 'DRAFT', `relatedModel` VARCHAR(255), `relatedId` UUID, `metadata` JSON DEFAULT '{}', `userId` UUID REFERENCES `Users` (`id`), `searchVector` TSVECTOR, `createdAt` DATETIME NOT NULL, `updatedAt` DATETIME NOT NULL);
Executing (default): INSERT INTO `Documents_backup` SELECT `id`, `title`, `type`, `content`, `tags`, `status`, `relatedModel`, `relatedId`, `metadata`, `userId`, `searchVector`, `createdAt`, `updatedAt` FROM `Documents`;
Executing (default): DROP TABLE `Documents`;
Executing (default): CREATE TABLE IF NOT EXISTS `Documents` (`id` UUID UNIQUE PRIMARY KEY, `title` VARCHAR(255) NOT NULL, `type` TEXT DEFAULT 'REPORT', `content` TEXT, `tags` JSON DEFAULT '[]', `status` TEXT DEFAULT 'DRAFT', `relatedModel` VARCHAR(255), `relatedId` UUID, `metadata` JSON DEFAULT '{}', `userId` UUID REFERENCES `Users` (`id`), `searchVector` TSVECTOR, `createdAt` DATETIME NOT NULL, `updatedAt` DATETIME NOT NULL);
Executing (default): INSERT INTO `Documents` SELECT `id`, `title`, `type`, `content`, `tags`, `status`, `relatedModel`, `relatedId`, `metadata`, `userId`, `searchVector`, `createdAt`, `updatedAt` FROM `Documents_backup`;
Executing (default): DROP TABLE `Documents_backup`;
Executing (default): PRAGMA TABLE_INFO(`Documents`);
Executing (default): PRAGMA INDEX_LIST(`Documents`)
Executing (default): PRAGMA INDEX_INFO(`sqlite_autoindex_Documents_1`)
Executing (default): PRAGMA foreign_key_list(`Documents`)
Executing (default): CREATE TABLE IF NOT EXISTS `Documents_backup` (`id` UUID UNIQUE PRIMARY KEY, `title` VARCHAR(255) NOT NULL, `type` TEXT DEFAULT 'REPORT', `content` TEXT, `tags` JSON DEFAULT '[]', `status` TEXT DEFAULT 'DRAFT', `relatedModel` VARCHAR(255), `relatedId` UUID, `metadata` JSON DEFAULT '{}', `userId` UUID REFERENCES `Users` (`id`), `searchVector` TSVECTOR, `createdAt` DATETIME NOT NULL, `updatedAt` DATETIME NOT NULL);
Executing (default): INSERT INTO `Documents_backup` SELECT `id`, `title`, `type`, `content`, `tags`, `status`, `relatedModel`, `relatedId`, `metadata`, `userId`, `searchVector`, `createdAt`, `updatedAt` FROM `Documents`;
Executing (default): DROP TABLE `Documents`;
Executing (default): CREATE TABLE IF NOT EXISTS `Documents` (`id` UUID UNIQUE PRIMARY KEY, `title` VARCHAR(255) NOT NULL, `type` TEXT DEFAULT 'REPORT', `content` TEXT, `tags` JSON DEFAULT '[]', `status` TEXT DEFAULT 'DRAFT', `relatedModel` VARCHAR(255), `relatedId` UUID, `metadata` JSON DEFAULT '{}', `userId` UUID REFERENCES `Users` (`id`), `searchVector` TSVECTOR, `createdAt` DATETIME NOT NULL, `updatedAt` DATETIME NOT NULL);
Executing (default): INSERT INTO `Documents` SELECT `id`, `title`, `type`, `content`, `tags`, `status`, `relatedModel`, `relatedId`, `metadata`, `userId`, `searchVector`, `createdAt`, `updatedAt` FROM `Documents_backup`;
Executing (default): DROP TABLE `Documents_backup`;
Executing (default): PRAGMA TABLE_INFO(`Documents`);
Executing (default): PRAGMA INDEX_LIST(`Documents`)
Executing (default): PRAGMA INDEX_INFO(`sqlite_autoindex_Documents_1`)
Executing (default): PRAGMA foreign_key_list(`Documents`)
Executing (default): CREATE TABLE IF NOT EXISTS `Documents_backup` (`id` UUID UNIQUE PRIMARY KEY, `title` VARCHAR(255) NOT NULL, `type` TEXT DEFAULT 'REPORT', `content` TEXT, `tags` JSON DEFAULT '[]', `status` TEXT DEFAULT 'DRAFT', `relatedModel` VARCHAR(255), `relatedId` UUID, `metadata` JSON DEFAULT '{}', `userId` UUID REFERENCES `Users` (`id`) ON DELETE SET NULL ON UPDATE CASCADE, `searchVector` TSVECTOR, `createdAt` DATETIME NOT NULL, `updatedAt` DATETIME NOT NULL);
Executing (default): INSERT INTO `Documents_backup` SELECT `id`, `title`, `type`, `content`, `tags`, `status`, `relatedModel`, `relatedId`, `metadata`, `userId`, `searchVector`, `createdAt`, `updatedAt` FROM `Documents`;
Executing (default): DROP TABLE `Documents`;
Executing (default): CREATE TABLE IF NOT EXISTS `Documents` (`id` UUID UNIQUE PRIMARY KEY, `title` VARCHAR(255) NOT NULL, `type` TEXT DEFAULT 'REPORT', `content` TEXT, `tags` JSON DEFAULT '[]', `status` TEXT DEFAULT 'DRAFT', `relatedModel` VARCHAR(255), `relatedId` UUID, `metadata` JSON DEFAULT '{}', `userId` UUID REFERENCES `Users` (`id`) ON DELETE SET NULL ON UPDATE CASCADE, `searchVector` TSVECTOR, `createdAt` DATETIME NOT NULL, `updatedAt` DATETIME NOT NULL);
Executing (default): INSERT INTO `Documents` SELECT `id`, `title`, `type`, `content`, `tags`, `status`, `relatedModel`, `relatedId`, `metadata`, `userId`, `searchVector`, `createdAt`, `updatedAt` FROM `Documents_backup`;
Executing (default): DROP TABLE `Documents_backup`;
Executing (default): PRAGMA TABLE_INFO(`Documents`);
Executing (default): PRAGMA INDEX_LIST(`Documents`)
Executing (default): PRAGMA INDEX_INFO(`sqlite_autoindex_Documents_1`)
Executing (default): PRAGMA foreign_key_list(`Documents`)
Executing (default): CREATE TABLE IF NOT EXISTS `Documents_backup` (`id` UUID UNIQUE PRIMARY KEY, `title` VARCHAR(255) NOT NULL, `type` TEXT DEFAULT 'REPORT', `content` TEXT, `tags` JSON DEFAULT '[]', `status` TEXT DEFAULT 'DRAFT', `relatedModel` VARCHAR(255), `relatedId` UUID, `metadata` JSON DEFAULT '{}', `userId` UUID REFERENCES `Users` (`id`), `searchVector` TSVECTOR, `createdAt` DATETIME NOT NULL, `updatedAt` DATETIME NOT NULL);
Executing (default): INSERT INTO `Documents_backup` SELECT `id`, `title`, `type`, `content`, `tags`, `status`, `relatedModel`, `relatedId`, `metadata`, `userId`, `searchVector`, `createdAt`, `updatedAt` FROM `Documents`;
Executing (default): DROP TABLE `Documents`;
Executing (default): CREATE TABLE IF NOT EXISTS `Documents` (`id` UUID UNIQUE PRIMARY KEY, `title` VARCHAR(255) NOT NULL, `type` TEXT DEFAULT 'REPORT', `content` TEXT, `tags` JSON DEFAULT '[]', `status` TEXT DEFAULT 'DRAFT', `relatedModel` VARCHAR(255), `relatedId` UUID, `metadata` JSON DEFAULT '{}', `userId` UUID REFERENCES `Users` (`id`), `searchVector` TSVECTOR, `createdAt` DATETIME NOT NULL, `updatedAt` DATETIME NOT NULL);
Executing (default): INSERT INTO `Documents` SELECT `id`, `title`, `type`, `content`, `tags`, `status`, `relatedModel`, `relatedId`, `metadata`, `userId`, `searchVector`, `createdAt`, `updatedAt` FROM `Documents_backup`;
Executing (default): DROP TABLE `Documents_backup`;
Executing (default): PRAGMA TABLE_INFO(`Documents`);
Executing (default): PRAGMA INDEX_LIST(`Documents`)
Executing (default): PRAGMA INDEX_INFO(`sqlite_autoindex_Documents_1`)
Executing (default): PRAGMA foreign_key_list(`Documents`)
Executing (default): CREATE TABLE IF NOT EXISTS `Documents_backup` (`id` UUID UNIQUE PRIMARY KEY, `title` VARCHAR(255) NOT NULL, `type` TEXT DEFAULT 'REPORT', `content` TEXT, `tags` JSON DEFAULT '[]', `status` TEXT DEFAULT 'DRAFT', `relatedModel` VARCHAR(255), `relatedId` UUID, `metadata` JSON DEFAULT '{}', `userId` UUID REFERENCES `Users` (`id`), `searchVector` TSVECTOR, `createdAt` DATETIME NOT NULL, `updatedAt` DATETIME NOT NULL);
Executing (default): INSERT INTO `Documents_backup` SELECT `id`, `title`, `type`, `content`, `tags`, `status`, `relatedModel`, `relatedId`, `metadata`, `userId`, `searchVector`, `createdAt`, `updatedAt` FROM `Documents`;
Executing (default): DROP TABLE `Documents`;
Executing (default): CREATE TABLE IF NOT EXISTS `Documents` (`id` UUID UNIQUE PRIMARY KEY, `title` VARCHAR(255) NOT NULL, `type` TEXT DEFAULT 'REPORT', `content` TEXT, `tags` JSON DEFAULT '[]', `status` TEXT DEFAULT 'DRAFT', `relatedModel` VARCHAR(255), `relatedId` UUID, `metadata` JSON DEFAULT '{}', `userId` UUID REFERENCES `Users` (`id`), `searchVector` TSVECTOR, `createdAt` DATETIME NOT NULL, `updatedAt` DATETIME NOT NULL);
Executing (default): INSERT INTO `Documents` SELECT `id`, `title`, `type`, `content`, `tags`, `status`, `relatedModel`, `relatedId`, `metadata`, `userId`, `searchVector`, `createdAt`, `updatedAt` FROM `Documents_backup`;
Executing (default): DROP TABLE `Documents_backup`;
Executing (default): PRAGMA TABLE_INFO(`Documents`);
Executing (default): PRAGMA INDEX_LIST(`Documents`)
Executing (default): PRAGMA INDEX_INFO(`sqlite_autoindex_Documents_1`)
Executing (default): PRAGMA foreign_key_list(`Documents`)
Executing (default): CREATE TABLE IF NOT EXISTS `Documents_backup` (`id` UUID UNIQUE PRIMARY KEY, `title` VARCHAR(255) NOT NULL, `type` TEXT DEFAULT 'REPORT', `content` TEXT, `tags` JSON DEFAULT '[]', `status` TEXT DEFAULT 'DRAFT', `relatedModel` VARCHAR(255), `relatedId` UUID, `metadata` JSON DEFAULT '{}', `userId` UUID REFERENCES `Users` (`id`), `searchVector` TSVECTOR, `createdAt` DATETIME NOT NULL, `updatedAt` DATETIME NOT NULL);
Executing (default): INSERT INTO `Documents_backup` SELECT `id`, `title`, `type`, `content`, `tags`, `status`, `relatedModel`, `relatedId`, `metadata`, `userId`, `searchVector`, `createdAt`, `updatedAt` FROM `Documents`;
Executing (default): DROP TABLE `Documents`;
Executing (default): CREATE TABLE IF NOT EXISTS `Documents` (`id` UUID UNIQUE PRIMARY KEY, `title` VARCHAR(255) NOT NULL, `type` TEXT DEFAULT 'REPORT', `content` TEXT, `tags` JSON DEFAULT '[]', `status` TEXT DEFAULT 'DRAFT', `relatedModel` VARCHAR(255), `relatedId` UUID, `metadata` JSON DEFAULT '{}', `userId` UUID REFERENCES `Users` (`id`), `searchVector` TSVECTOR, `createdAt` DATETIME NOT NULL, `updatedAt` DATETIME NOT NULL);
Executing (default): INSERT INTO `Documents` SELECT `id`, `title`, `type`, `content`, `tags`, `status`, `relatedModel`, `relatedId`, `metadata`, `userId`, `searchVector`, `createdAt`, `updatedAt` FROM `Documents_backup`;
Executing (default): DROP TABLE `Documents_backup`;
Executing (default): PRAGMA INDEX_LIST(`Documents`)
Executing (default): PRAGMA INDEX_INFO(`sqlite_autoindex_Documents_1`)
Executing (default): SELECT name FROM sqlite_master WHERE type='table' AND name='Equipment';
Executing (default): PRAGMA TABLE_INFO(`Equipment`);
Executing (default): PRAGMA foreign_key_list(`Equipment`)
Executing (default): PRAGMA INDEX_LIST(`Equipment`)
Executing (default): PRAGMA INDEX_INFO(`sqlite_autoindex_Equipment_1`)
Executing (default): PRAGMA foreign_key_list(`Equipment`)
Executing (default): PRAGMA TABLE_INFO(`Equipment`);
Executing (default): PRAGMA INDEX_LIST(`Equipment`)
Executing (default): PRAGMA INDEX_INFO(`sqlite_autoindex_Equipment_1`)
Executing (default): PRAGMA foreign_key_list(`Equipment`)
Executing (default): CREATE TABLE IF NOT EXISTS `Equipment_backup` (`id` UUID UNIQUE PRIMARY KEY, `name` VARCHAR(255) NOT NULL, `category` VARCHAR(255) NOT NULL, `ownership` VARCHAR(255) NOT NULL, `userId` UUID REFERENCES `Users` (`id`), `costRateBase` DECIMAL(10,2) NOT NULL, `costRateOT1` DECIMAL(10,2), `costRateOT2` DECIMAL(10,2), `status` VARCHAR(255) DEFAULT 'available', `hoursUsed` INTEGER DEFAULT '0', `serviceInterval` INTEGER DEFAULT '500', `lastServiceDate` DATETIME, `fuelLevel` INTEGER DEFAULT '100', `assignedDriverId` UUID REFERENCES `Staff` (`id`), `value` DECIMAL(10,2), `serviceHistory` JSON DEFAULT '[]', `notes` TEXT, `createdAt` DATETIME NOT NULL, `updatedAt` DATETIME NOT NULL);
Executing (default): INSERT INTO `Equipment_backup` SELECT `id`, `name`, `category`, `ownership`, `userId`, `costRateBase`, `costRateOT1`, `costRateOT2`, `status`, `hoursUsed`, `serviceInterval`, `lastServiceDate`, `fuelLevel`, `assignedDriverId`, `value`, `serviceHistory`, `notes`, `createdAt`, `updatedAt` FROM `Equipment`;
Executing (default): DROP TABLE `Equipment`;
Executing (default): CREATE TABLE IF NOT EXISTS `Equipment` (`id` UUID UNIQUE PRIMARY KEY, `name` VARCHAR(255) NOT NULL, `category` VARCHAR(255) NOT NULL, `ownership` VARCHAR(255) NOT NULL, `userId` UUID REFERENCES `Users` (`id`), `costRateBase` DECIMAL(10,2) NOT NULL, `costRateOT1` DECIMAL(10,2), `costRateOT2` DECIMAL(10,2), `status` VARCHAR(255) DEFAULT 'available', `hoursUsed` INTEGER DEFAULT '0', `serviceInterval` INTEGER DEFAULT '500', `lastServiceDate` DATETIME, `fuelLevel` INTEGER DEFAULT '100', `assignedDriverId` UUID REFERENCES `Staff` (`id`), `value` DECIMAL(10,2), `serviceHistory` JSON DEFAULT '[]', `notes` TEXT, `createdAt` DATETIME NOT NULL, `updatedAt` DATETIME NOT NULL);
Executing (default): INSERT INTO `Equipment` SELECT `id`, `name`, `category`, `ownership`, `userId`, `costRateBase`, `costRateOT1`, `costRateOT2`, `status`, `hoursUsed`, `serviceInterval`, `lastServiceDate`, `fuelLevel`, `assignedDriverId`, `value`, `serviceHistory`, `notes`, `createdAt`, `updatedAt` FROM `Equipment_backup`;
Executing (default): DROP TABLE `Equipment_backup`;
Executing (default): PRAGMA TABLE_INFO(`Equipment`);
Executing (default): PRAGMA INDEX_LIST(`Equipment`)
Executing (default): PRAGMA INDEX_INFO(`sqlite_autoindex_Equipment_1`)
Executing (default): PRAGMA foreign_key_list(`Equipment`)
Executing (default): CREATE TABLE IF NOT EXISTS `Equipment_backup` (`id` UUID UNIQUE PRIMARY KEY, `name` VARCHAR(255) NOT NULL, `category` VARCHAR(255) NOT NULL, `ownership` VARCHAR(255) NOT NULL, `userId` UUID REFERENCES `Users` (`id`), `costRateBase` DECIMAL(10,2) NOT NULL, `costRateOT1` DECIMAL(10,2), `costRateOT2` DECIMAL(10,2), `status` VARCHAR(255) DEFAULT 'available', `hoursUsed` INTEGER DEFAULT '0', `serviceInterval` INTEGER DEFAULT '500', `lastServiceDate` DATETIME, `fuelLevel` INTEGER DEFAULT '100', `assignedDriverId` UUID REFERENCES `Staff` (`id`), `value` DECIMAL(10,2), `serviceHistory` JSON DEFAULT '[]', `notes` TEXT, `createdAt` DATETIME NOT NULL, `updatedAt` DATETIME NOT NULL);
Executing (default): INSERT INTO `Equipment_backup` SELECT `id`, `name`, `category`, `ownership`, `userId`, `costRateBase`, `costRateOT1`, `costRateOT2`, `status`, `hoursUsed`, `serviceInterval`, `lastServiceDate`, `fuelLevel`, `assignedDriverId`, `value`, `serviceHistory`, `notes`, `createdAt`, `updatedAt` FROM `Equipment`;
Executing (default): DROP TABLE `Equipment`;
Executing (default): CREATE TABLE IF NOT EXISTS `Equipment` (`id` UUID UNIQUE PRIMARY KEY, `name` VARCHAR(255) NOT NULL, `category` VARCHAR(255) NOT NULL, `ownership` VARCHAR(255) NOT NULL, `userId` UUID REFERENCES `Users` (`id`), `costRateBase` DECIMAL(10,2) NOT NULL, `costRateOT1` DECIMAL(10,2), `costRateOT2` DECIMAL(10,2), `status` VARCHAR(255) DEFAULT 'available', `hoursUsed` INTEGER DEFAULT '0', `serviceInterval` INTEGER DEFAULT '500', `lastServiceDate` DATETIME, `fuelLevel` INTEGER DEFAULT '100', `assignedDriverId` UUID REFERENCES `Staff` (`id`), `value` DECIMAL(10,2), `serviceHistory` JSON DEFAULT '[]', `notes` TEXT, `createdAt` DATETIME NOT NULL, `updatedAt` DATETIME NOT NULL);
Executing (default): INSERT INTO `Equipment` SELECT `id`, `name`, `category`, `ownership`, `userId`, `costRateBase`, `costRateOT1`, `costRateOT2`, `status`, `hoursUsed`, `serviceInterval`, `lastServiceDate`, `fuelLevel`, `assignedDriverId`, `value`, `serviceHistory`, `notes`, `createdAt`, `updatedAt` FROM `Equipment_backup`;
Executing (default): DROP TABLE `Equipment_backup`;
Executing (default): PRAGMA TABLE_INFO(`Equipment`);
Executing (default): PRAGMA INDEX_LIST(`Equipment`)
Executing (default): PRAGMA INDEX_INFO(`sqlite_autoindex_Equipment_1`)
Executing (default): PRAGMA foreign_key_list(`Equipment`)
Executing (default): CREATE TABLE IF NOT EXISTS `Equipment_backup` (`id` UUID UNIQUE PRIMARY KEY, `name` VARCHAR(255) NOT NULL, `category` VARCHAR(255) NOT NULL, `ownership` VARCHAR(255) NOT NULL, `userId` UUID REFERENCES `Users` (`id`), `costRateBase` DECIMAL(10,2) NOT NULL, `costRateOT1` DECIMAL(10,2), `costRateOT2` DECIMAL(10,2), `status` VARCHAR(255) DEFAULT 'available', `hoursUsed` INTEGER DEFAULT '0', `serviceInterval` INTEGER DEFAULT '500', `lastServiceDate` DATETIME, `fuelLevel` INTEGER DEFAULT '100', `assignedDriverId` UUID REFERENCES `Staff` (`id`), `value` DECIMAL(10,2), `serviceHistory` JSON DEFAULT '[]', `notes` TEXT, `createdAt` DATETIME NOT NULL, `updatedAt` DATETIME NOT NULL);
Executing (default): INSERT INTO `Equipment_backup` SELECT `id`, `name`, `category`, `ownership`, `userId`, `costRateBase`, `costRateOT1`, `costRateOT2`, `status`, `hoursUsed`, `serviceInterval`, `lastServiceDate`, `fuelLevel`, `assignedDriverId`, `value`, `serviceHistory`, `notes`, `createdAt`, `updatedAt` FROM `Equipment`;
Executing (default): DROP TABLE `Equipment`;
Executing (default): CREATE TABLE IF NOT EXISTS `Equipment` (`id` UUID UNIQUE PRIMARY KEY, `name` VARCHAR(255) NOT NULL, `category` VARCHAR(255) NOT NULL, `ownership` VARCHAR(255) NOT NULL, `userId` UUID REFERENCES `Users` (`id`), `costRateBase` DECIMAL(10,2) NOT NULL, `costRateOT1` DECIMAL(10,2), `costRateOT2` DECIMAL(10,2), `status` VARCHAR(255) DEFAULT 'available', `hoursUsed` INTEGER DEFAULT '0', `serviceInterval` INTEGER DEFAULT '500', `lastServiceDate` DATETIME, `fuelLevel` INTEGER DEFAULT '100', `assignedDriverId` UUID REFERENCES `Staff` (`id`), `value` DECIMAL(10,2), `serviceHistory` JSON DEFAULT '[]', `notes` TEXT, `createdAt` DATETIME NOT NULL, `updatedAt` DATETIME NOT NULL);
Executing (default): INSERT INTO `Equipment` SELECT `id`, `name`, `category`, `ownership`, `userId`, `costRateBase`, `costRateOT1`, `costRateOT2`, `status`, `hoursUsed`, `serviceInterval`, `lastServiceDate`, `fuelLevel`, `assignedDriverId`, `value`, `serviceHistory`, `notes`, `createdAt`, `updatedAt` FROM `Equipment_backup`;
Executing (default): DROP TABLE `Equipment_backup`;
Executing (default): PRAGMA TABLE_INFO(`Equipment`);
Executing (default): PRAGMA INDEX_LIST(`Equipment`)
Executing (default): PRAGMA INDEX_INFO(`sqlite_autoindex_Equipment_1`)
Executing (default): PRAGMA foreign_key_list(`Equipment`)
Executing (default): CREATE TABLE IF NOT EXISTS `Equipment_backup` (`id` UUID UNIQUE PRIMARY KEY, `name` VARCHAR(255) NOT NULL, `category` VARCHAR(255) NOT NULL, `ownership` VARCHAR(255) NOT NULL, `userId` UUID REFERENCES `Users` (`id`), `costRateBase` DECIMAL(10,2) NOT NULL, `costRateOT1` DECIMAL(10,2), `costRateOT2` DECIMAL(10,2), `status` VARCHAR(255) DEFAULT 'available', `hoursUsed` INTEGER DEFAULT '0', `serviceInterval` INTEGER DEFAULT '500', `lastServiceDate` DATETIME, `fuelLevel` INTEGER DEFAULT '100', `assignedDriverId` UUID REFERENCES `Staff` (`id`), `value` DECIMAL(10,2), `serviceHistory` JSON DEFAULT '[]', `notes` TEXT, `createdAt` DATETIME NOT NULL, `updatedAt` DATETIME NOT NULL);
Executing (default): INSERT INTO `Equipment_backup` SELECT `id`, `name`, `category`, `ownership`, `userId`, `costRateBase`, `costRateOT1`, `costRateOT2`, `status`, `hoursUsed`, `serviceInterval`, `lastServiceDate`, `fuelLevel`, `assignedDriverId`, `value`, `serviceHistory`, `notes`, `createdAt`, `updatedAt` FROM `Equipment`;
Executing (default): DROP TABLE `Equipment`;
Executing (default): CREATE TABLE IF NOT EXISTS `Equipment` (`id` UUID UNIQUE PRIMARY KEY, `name` VARCHAR(255) NOT NULL, `category` VARCHAR(255) NOT NULL, `ownership` VARCHAR(255) NOT NULL, `userId` UUID REFERENCES `Users` (`id`), `costRateBase` DECIMAL(10,2) NOT NULL, `costRateOT1` DECIMAL(10,2), `costRateOT2` DECIMAL(10,2), `status` VARCHAR(255) DEFAULT 'available', `hoursUsed` INTEGER DEFAULT '0', `serviceInterval` INTEGER DEFAULT '500', `lastServiceDate` DATETIME, `fuelLevel` INTEGER DEFAULT '100', `assignedDriverId` UUID REFERENCES `Staff` (`id`), `value` DECIMAL(10,2), `serviceHistory` JSON DEFAULT '[]', `notes` TEXT, `createdAt` DATETIME NOT NULL, `updatedAt` DATETIME NOT NULL);
Executing (default): INSERT INTO `Equipment` SELECT `id`, `name`, `category`, `ownership`, `userId`, `costRateBase`, `costRateOT1`, `costRateOT2`, `status`, `hoursUsed`, `serviceInterval`, `lastServiceDate`, `fuelLevel`, `assignedDriverId`, `value`, `serviceHistory`, `notes`, `createdAt`, `updatedAt` FROM `Equipment_backup`;
Executing (default): DROP TABLE `Equipment_backup`;
Executing (default): PRAGMA TABLE_INFO(`Equipment`);
Executing (default): PRAGMA INDEX_LIST(`Equipment`)
Executing (default): PRAGMA INDEX_INFO(`sqlite_autoindex_Equipment_1`)
Executing (default): PRAGMA foreign_key_list(`Equipment`)
Executing (default): CREATE TABLE IF NOT EXISTS `Equipment_backup` (`id` UUID UNIQUE PRIMARY KEY, `name` VARCHAR(255) NOT NULL, `category` VARCHAR(255) NOT NULL, `ownership` VARCHAR(255) NOT NULL, `userId` UUID REFERENCES `Users` (`id`), `costRateBase` DECIMAL(10,2) NOT NULL, `costRateOT1` DECIMAL(10,2), `costRateOT2` DECIMAL(10,2), `status` VARCHAR(255) DEFAULT 'available', `hoursUsed` INTEGER DEFAULT '0', `serviceInterval` INTEGER DEFAULT '500', `lastServiceDate` DATETIME, `fuelLevel` INTEGER DEFAULT '100', `assignedDriverId` UUID REFERENCES `Staff` (`id`), `value` DECIMAL(10,2), `serviceHistory` JSON DEFAULT '[]', `notes` TEXT, `createdAt` DATETIME NOT NULL, `updatedAt` DATETIME NOT NULL);
Executing (default): INSERT INTO `Equipment_backup` SELECT `id`, `name`, `category`, `ownership`, `userId`, `costRateBase`, `costRateOT1`, `costRateOT2`, `status`, `hoursUsed`, `serviceInterval`, `lastServiceDate`, `fuelLevel`, `assignedDriverId`, `value`, `serviceHistory`, `notes`, `createdAt`, `updatedAt` FROM `Equipment`;
Executing (default): DROP TABLE `Equipment`;
Executing (default): CREATE TABLE IF NOT EXISTS `Equipment` (`id` UUID UNIQUE PRIMARY KEY, `name` VARCHAR(255) NOT NULL, `category` VARCHAR(255) NOT NULL, `ownership` VARCHAR(255) NOT NULL, `userId` UUID REFERENCES `Users` (`id`), `costRateBase` DECIMAL(10,2) NOT NULL, `costRateOT1` DECIMAL(10,2), `costRateOT2` DECIMAL(10,2), `status` VARCHAR(255) DEFAULT 'available', `hoursUsed` INTEGER DEFAULT '0', `serviceInterval` INTEGER DEFAULT '500', `lastServiceDate` DATETIME, `fuelLevel` INTEGER DEFAULT '100', `assignedDriverId` UUID REFERENCES `Staff` (`id`), `value` DECIMAL(10,2), `serviceHistory` JSON DEFAULT '[]', `notes` TEXT, `createdAt` DATETIME NOT NULL, `updatedAt` DATETIME NOT NULL);
Executing (default): INSERT INTO `Equipment` SELECT `id`, `name`, `category`, `ownership`, `userId`, `costRateBase`, `costRateOT1`, `costRateOT2`, `status`, `hoursUsed`, `serviceInterval`, `lastServiceDate`, `fuelLevel`, `assignedDriverId`, `value`, `serviceHistory`, `notes`, `createdAt`, `updatedAt` FROM `Equipment_backup`;
Executing (default): DROP TABLE `Equipment_backup`;
Executing (default): PRAGMA TABLE_INFO(`Equipment`);
Executing (default): PRAGMA INDEX_LIST(`Equipment`)
Executing (default): PRAGMA INDEX_INFO(`sqlite_autoindex_Equipment_1`)
Executing (default): PRAGMA foreign_key_list(`Equipment`)
Executing (default): CREATE TABLE IF NOT EXISTS `Equipment_backup` (`id` UUID UNIQUE PRIMARY KEY, `name` VARCHAR(255) NOT NULL, `category` VARCHAR(255) NOT NULL, `ownership` VARCHAR(255) NOT NULL, `userId` UUID REFERENCES `Users` (`id`), `costRateBase` DECIMAL(10,2) NOT NULL, `costRateOT1` DECIMAL(10,2), `costRateOT2` DECIMAL(10,2), `status` VARCHAR(255) DEFAULT 'available', `hoursUsed` INTEGER DEFAULT '0', `serviceInterval` INTEGER DEFAULT '500', `lastServiceDate` DATETIME, `fuelLevel` INTEGER DEFAULT '100', `assignedDriverId` UUID REFERENCES `Staff` (`id`), `value` DECIMAL(10,2), `serviceHistory` JSON DEFAULT '[]', `notes` TEXT, `createdAt` DATETIME NOT NULL, `updatedAt` DATETIME NOT NULL);
Executing (default): INSERT INTO `Equipment_backup` SELECT `id`, `name`, `category`, `ownership`, `userId`, `costRateBase`, `costRateOT1`, `costRateOT2`, `status`, `hoursUsed`, `serviceInterval`, `lastServiceDate`, `fuelLevel`, `assignedDriverId`, `value`, `serviceHistory`, `notes`, `createdAt`, `updatedAt` FROM `Equipment`;
Executing (default): DROP TABLE `Equipment`;
Executing (default): CREATE TABLE IF NOT EXISTS `Equipment` (`id` UUID UNIQUE PRIMARY KEY, `name` VARCHAR(255) NOT NULL, `category` VARCHAR(255) NOT NULL, `ownership` VARCHAR(255) NOT NULL, `userId` UUID REFERENCES `Users` (`id`), `costRateBase` DECIMAL(10,2) NOT NULL, `costRateOT1` DECIMAL(10,2), `costRateOT2` DECIMAL(10,2), `status` VARCHAR(255) DEFAULT 'available', `hoursUsed` INTEGER DEFAULT '0', `serviceInterval` INTEGER DEFAULT '500', `lastServiceDate` DATETIME, `fuelLevel` INTEGER DEFAULT '100', `assignedDriverId` UUID REFERENCES `Staff` (`id`), `value` DECIMAL(10,2), `serviceHistory` JSON DEFAULT '[]', `notes` TEXT, `createdAt` DATETIME NOT NULL, `updatedAt` DATETIME NOT NULL);
Executing (default): INSERT INTO `Equipment` SELECT `id`, `name`, `category`, `ownership`, `userId`, `costRateBase`, `costRateOT1`, `costRateOT2`, `status`, `hoursUsed`, `serviceInterval`, `lastServiceDate`, `fuelLevel`, `assignedDriverId`, `value`, `serviceHistory`, `notes`, `createdAt`, `updatedAt` FROM `Equipment_backup`;
Executing (default): DROP TABLE `Equipment_backup`;
Executing (default): PRAGMA TABLE_INFO(`Equipment`);
Executing (default): PRAGMA INDEX_LIST(`Equipment`)
Executing (default): PRAGMA INDEX_INFO(`sqlite_autoindex_Equipment_1`)
Executing (default): PRAGMA foreign_key_list(`Equipment`)
Executing (default): CREATE TABLE IF NOT EXISTS `Equipment_backup` (`id` UUID UNIQUE PRIMARY KEY, `name` VARCHAR(255) NOT NULL, `category` VARCHAR(255) NOT NULL, `ownership` VARCHAR(255) NOT NULL, `userId` UUID REFERENCES `Users` (`id`), `costRateBase` DECIMAL(10,2) NOT NULL, `costRateOT1` DECIMAL(10,2), `costRateOT2` DECIMAL(10,2), `status` VARCHAR(255) DEFAULT 'available', `hoursUsed` INTEGER DEFAULT '0', `serviceInterval` INTEGER DEFAULT '500', `lastServiceDate` DATETIME, `fuelLevel` INTEGER DEFAULT '100', `assignedDriverId` UUID REFERENCES `Staff` (`id`), `value` DECIMAL(10,2), `serviceHistory` JSON DEFAULT '[]', `notes` TEXT, `createdAt` DATETIME NOT NULL, `updatedAt` DATETIME NOT NULL);
Executing (default): INSERT INTO `Equipment_backup` SELECT `id`, `name`, `category`, `ownership`, `userId`, `costRateBase`, `costRateOT1`, `costRateOT2`, `status`, `hoursUsed`, `serviceInterval`, `lastServiceDate`, `fuelLevel`, `assignedDriverId`, `value`, `serviceHistory`, `notes`, `createdAt`, `updatedAt` FROM `Equipment`;
Executing (default): DROP TABLE `Equipment`;
Executing (default): CREATE TABLE IF NOT EXISTS `Equipment` (`id` UUID UNIQUE PRIMARY KEY, `name` VARCHAR(255) NOT NULL, `category` VARCHAR(255) NOT NULL, `ownership` VARCHAR(255) NOT NULL, `userId` UUID REFERENCES `Users` (`id`), `costRateBase` DECIMAL(10,2) NOT NULL, `costRateOT1` DECIMAL(10,2), `costRateOT2` DECIMAL(10,2), `status` VARCHAR(255) DEFAULT 'available', `hoursUsed` INTEGER DEFAULT '0', `serviceInterval` INTEGER DEFAULT '500', `lastServiceDate` DATETIME, `fuelLevel` INTEGER DEFAULT '100', `assignedDriverId` UUID REFERENCES `Staff` (`id`), `value` DECIMAL(10,2), `serviceHistory` JSON DEFAULT '[]', `notes` TEXT, `createdAt` DATETIME NOT NULL, `updatedAt` DATETIME NOT NULL);
Executing (default): INSERT INTO `Equipment` SELECT `id`, `name`, `category`, `ownership`, `userId`, `costRateBase`, `costRateOT1`, `costRateOT2`, `status`, `hoursUsed`, `serviceInterval`, `lastServiceDate`, `fuelLevel`, `assignedDriverId`, `value`, `serviceHistory`, `notes`, `createdAt`, `updatedAt` FROM `Equipment_backup`;
Executing (default): DROP TABLE `Equipment_backup`;
Executing (default): PRAGMA TABLE_INFO(`Equipment`);
Executing (default): PRAGMA INDEX_LIST(`Equipment`)
Executing (default): PRAGMA INDEX_INFO(`sqlite_autoindex_Equipment_1`)
Executing (default): PRAGMA foreign_key_list(`Equipment`)
Executing (default): CREATE TABLE IF NOT EXISTS `Equipment_backup` (`id` UUID UNIQUE PRIMARY KEY, `name` VARCHAR(255) NOT NULL, `category` VARCHAR(255) NOT NULL, `ownership` VARCHAR(255) NOT NULL, `userId` UUID REFERENCES `Users` (`id`), `costRateBase` DECIMAL(10,2) NOT NULL, `costRateOT1` DECIMAL(10,2), `costRateOT2` DECIMAL(10,2), `status` VARCHAR(255) DEFAULT 'available', `hoursUsed` INTEGER DEFAULT '0', `serviceInterval` INTEGER DEFAULT '500', `lastServiceDate` DATETIME, `fuelLevel` INTEGER DEFAULT '100', `assignedDriverId` UUID REFERENCES `Staff` (`id`), `value` DECIMAL(10,2), `serviceHistory` JSON DEFAULT '[]', `notes` TEXT, `createdAt` DATETIME NOT NULL, `updatedAt` DATETIME NOT NULL);
Executing (default): INSERT INTO `Equipment_backup` SELECT `id`, `name`, `category`, `ownership`, `userId`, `costRateBase`, `costRateOT1`, `costRateOT2`, `status`, `hoursUsed`, `serviceInterval`, `lastServiceDate`, `fuelLevel`, `assignedDriverId`, `value`, `serviceHistory`, `notes`, `createdAt`, `updatedAt` FROM `Equipment`;
Executing (default): DROP TABLE `Equipment`;
Executing (default): CREATE TABLE IF NOT EXISTS `Equipment` (`id` UUID UNIQUE PRIMARY KEY, `name` VARCHAR(255) NOT NULL, `category` VARCHAR(255) NOT NULL, `ownership` VARCHAR(255) NOT NULL, `userId` UUID REFERENCES `Users` (`id`), `costRateBase` DECIMAL(10,2) NOT NULL, `costRateOT1` DECIMAL(10,2), `costRateOT2` DECIMAL(10,2), `status` VARCHAR(255) DEFAULT 'available', `hoursUsed` INTEGER DEFAULT '0', `serviceInterval` INTEGER DEFAULT '500', `lastServiceDate` DATETIME, `fuelLevel` INTEGER DEFAULT '100', `assignedDriverId` UUID REFERENCES `Staff` (`id`), `value` DECIMAL(10,2), `serviceHistory` JSON DEFAULT '[]', `notes` TEXT, `createdAt` DATETIME NOT NULL, `updatedAt` DATETIME NOT NULL);
Executing (default): INSERT INTO `Equipment` SELECT `id`, `name`, `category`, `ownership`, `userId`, `costRateBase`, `costRateOT1`, `costRateOT2`, `status`, `hoursUsed`, `serviceInterval`, `lastServiceDate`, `fuelLevel`, `assignedDriverId`, `value`, `serviceHistory`, `notes`, `createdAt`, `updatedAt` FROM `Equipment_backup`;
Executing (default): DROP TABLE `Equipment_backup`;
Executing (default): PRAGMA TABLE_INFO(`Equipment`);
Executing (default): PRAGMA INDEX_LIST(`Equipment`)
Executing (default): PRAGMA INDEX_INFO(`sqlite_autoindex_Equipment_1`)
Executing (default): PRAGMA foreign_key_list(`Equipment`)
Executing (default): CREATE TABLE IF NOT EXISTS `Equipment_backup` (`id` UUID UNIQUE PRIMARY KEY, `name` VARCHAR(255) NOT NULL, `category` VARCHAR(255) NOT NULL, `ownership` VARCHAR(255) NOT NULL, `userId` UUID REFERENCES `Users` (`id`), `costRateBase` DECIMAL(10,2) NOT NULL, `costRateOT1` DECIMAL(10,2), `costRateOT2` DECIMAL(10,2), `status` VARCHAR(255) DEFAULT 'available', `hoursUsed` INTEGER DEFAULT 0, `serviceInterval` INTEGER DEFAULT '500', `lastServiceDate` DATETIME, `fuelLevel` INTEGER DEFAULT '100', `assignedDriverId` UUID REFERENCES `Staff` (`id`), `value` DECIMAL(10,2), `serviceHistory` JSON DEFAULT '[]', `notes` TEXT, `createdAt` DATETIME NOT NULL, `updatedAt` DATETIME NOT NULL);
Executing (default): INSERT INTO `Equipment_backup` SELECT `id`, `name`, `category`, `ownership`, `userId`, `costRateBase`, `costRateOT1`, `costRateOT2`, `status`, `hoursUsed`, `serviceInterval`, `lastServiceDate`, `fuelLevel`, `assignedDriverId`, `value`, `serviceHistory`, `notes`, `createdAt`, `updatedAt` FROM `Equipment`;
Executing (default): DROP TABLE `Equipment`;
Executing (default): CREATE TABLE IF NOT EXISTS `Equipment` (`id` UUID UNIQUE PRIMARY KEY, `name` VARCHAR(255) NOT NULL, `category` VARCHAR(255) NOT NULL, `ownership` VARCHAR(255) NOT NULL, `userId` UUID REFERENCES `Users` (`id`), `costRateBase` DECIMAL(10,2) NOT NULL, `costRateOT1` DECIMAL(10,2), `costRateOT2` DECIMAL(10,2), `status` VARCHAR(255) DEFAULT 'available', `hoursUsed` INTEGER DEFAULT 0, `serviceInterval` INTEGER DEFAULT '500', `lastServiceDate` DATETIME, `fuelLevel` INTEGER DEFAULT '100', `assignedDriverId` UUID REFERENCES `Staff` (`id`), `value` DECIMAL(10,2), `serviceHistory` JSON DEFAULT '[]', `notes` TEXT, `createdAt` DATETIME NOT NULL, `updatedAt` DATETIME NOT NULL);
Executing (default): INSERT INTO `Equipment` SELECT `id`, `name`, `category`, `ownership`, `userId`, `costRateBase`, `costRateOT1`, `costRateOT2`, `status`, `hoursUsed`, `serviceInterval`, `lastServiceDate`, `fuelLevel`, `assignedDriverId`, `value`, `serviceHistory`, `notes`, `createdAt`, `updatedAt` FROM `Equipment_backup`;
Executing (default): DROP TABLE `Equipment_backup`;
Executing (default): PRAGMA TABLE_INFO(`Equipment`);
Executing (default): PRAGMA INDEX_LIST(`Equipment`)
Executing (default): PRAGMA INDEX_INFO(`sqlite_autoindex_Equipment_1`)
Executing (default): PRAGMA foreign_key_list(`Equipment`)
Executing (default): CREATE TABLE IF NOT EXISTS `Equipment_backup` (`id` UUID UNIQUE PRIMARY KEY, `name` VARCHAR(255) NOT NULL, `category` VARCHAR(255) NOT NULL, `ownership` VARCHAR(255) NOT NULL, `userId` UUID REFERENCES `Users` (`id`), `costRateBase` DECIMAL(10,2) NOT NULL, `costRateOT1` DECIMAL(10,2), `costRateOT2` DECIMAL(10,2), `status` VARCHAR(255) DEFAULT 'available', `hoursUsed` INTEGER DEFAULT '0', `serviceInterval` INTEGER DEFAULT 500, `lastServiceDate` DATETIME, `fuelLevel` INTEGER DEFAULT '100', `assignedDriverId` UUID REFERENCES `Staff` (`id`), `value` DECIMAL(10,2), `serviceHistory` JSON DEFAULT '[]', `notes` TEXT, `createdAt` DATETIME NOT NULL, `updatedAt` DATETIME NOT NULL);
Executing (default): INSERT INTO `Equipment_backup` SELECT `id`, `name`, `category`, `ownership`, `userId`, `costRateBase`, `costRateOT1`, `costRateOT2`, `status`, `hoursUsed`, `serviceInterval`, `lastServiceDate`, `fuelLevel`, `assignedDriverId`, `value`, `serviceHistory`, `notes`, `createdAt`, `updatedAt` FROM `Equipment`;
Executing (default): DROP TABLE `Equipment`;
Executing (default): CREATE TABLE IF NOT EXISTS `Equipment` (`id` UUID UNIQUE PRIMARY KEY, `name` VARCHAR(255) NOT NULL, `category` VARCHAR(255) NOT NULL, `ownership` VARCHAR(255) NOT NULL, `userId` UUID REFERENCES `Users` (`id`), `costRateBase` DECIMAL(10,2) NOT NULL, `costRateOT1` DECIMAL(10,2), `costRateOT2` DECIMAL(10,2), `status` VARCHAR(255) DEFAULT 'available', `hoursUsed` INTEGER DEFAULT '0', `serviceInterval` INTEGER DEFAULT 500, `lastServiceDate` DATETIME, `fuelLevel` INTEGER DEFAULT '100', `assignedDriverId` UUID REFERENCES `Staff` (`id`), `value` DECIMAL(10,2), `serviceHistory` JSON DEFAULT '[]', `notes` TEXT, `createdAt` DATETIME NOT NULL, `updatedAt` DATETIME NOT NULL);
Executing (default): INSERT INTO `Equipment` SELECT `id`, `name`, `category`, `ownership`, `userId`, `costRateBase`, `costRateOT1`, `costRateOT2`, `status`, `hoursUsed`, `serviceInterval`, `lastServiceDate`, `fuelLevel`, `assignedDriverId`, `value`, `serviceHistory`, `notes`, `createdAt`, `updatedAt` FROM `Equipment_backup`;
Executing (default): DROP TABLE `Equipment_backup`;
Executing (default): PRAGMA TABLE_INFO(`Equipment`);
Executing (default): PRAGMA INDEX_LIST(`Equipment`)
Executing (default): PRAGMA INDEX_INFO(`sqlite_autoindex_Equipment_1`)
Executing (default): PRAGMA foreign_key_list(`Equipment`)
Executing (default): CREATE TABLE IF NOT EXISTS `Equipment_backup` (`id` UUID UNIQUE PRIMARY KEY, `name` VARCHAR(255) NOT NULL, `category` VARCHAR(255) NOT NULL, `ownership` VARCHAR(255) NOT NULL, `userId` UUID REFERENCES `Users` (`id`), `costRateBase` DECIMAL(10,2) NOT NULL, `costRateOT1` DECIMAL(10,2), `costRateOT2` DECIMAL(10,2), `status` VARCHAR(255) DEFAULT 'available', `hoursUsed` INTEGER DEFAULT '0', `serviceInterval` INTEGER DEFAULT '500', `lastServiceDate` DATETIME, `fuelLevel` INTEGER DEFAULT '100', `assignedDriverId` UUID REFERENCES `Staff` (`id`), `value` DECIMAL(10,2), `serviceHistory` JSON DEFAULT '[]', `notes` TEXT, `createdAt` DATETIME NOT NULL, `updatedAt` DATETIME NOT NULL);
Executing (default): INSERT INTO `Equipment_backup` SELECT `id`, `name`, `category`, `ownership`, `userId`, `costRateBase`, `costRateOT1`, `costRateOT2`, `status`, `hoursUsed`, `serviceInterval`, `lastServiceDate`, `fuelLevel`, `assignedDriverId`, `value`, `serviceHistory`, `notes`, `createdAt`, `updatedAt` FROM `Equipment`;
Executing (default): DROP TABLE `Equipment`;
Executing (default): CREATE TABLE IF NOT EXISTS `Equipment` (`id` UUID UNIQUE PRIMARY KEY, `name` VARCHAR(255) NOT NULL, `category` VARCHAR(255) NOT NULL, `ownership` VARCHAR(255) NOT NULL, `userId` UUID REFERENCES `Users` (`id`), `costRateBase` DECIMAL(10,2) NOT NULL, `costRateOT1` DECIMAL(10,2), `costRateOT2` DECIMAL(10,2), `status` VARCHAR(255) DEFAULT 'available', `hoursUsed` INTEGER DEFAULT '0', `serviceInterval` INTEGER DEFAULT '500', `lastServiceDate` DATETIME, `fuelLevel` INTEGER DEFAULT '100', `assignedDriverId` UUID REFERENCES `Staff` (`id`), `value` DECIMAL(10,2), `serviceHistory` JSON DEFAULT '[]', `notes` TEXT, `createdAt` DATETIME NOT NULL, `updatedAt` DATETIME NOT NULL);
Executing (default): INSERT INTO `Equipment` SELECT `id`, `name`, `category`, `ownership`, `userId`, `costRateBase`, `costRateOT1`, `costRateOT2`, `status`, `hoursUsed`, `serviceInterval`, `lastServiceDate`, `fuelLevel`, `assignedDriverId`, `value`, `serviceHistory`, `notes`, `createdAt`, `updatedAt` FROM `Equipment_backup`;
Executing (default): DROP TABLE `Equipment_backup`;
Executing (default): PRAGMA TABLE_INFO(`Equipment`);
Executing (default): PRAGMA INDEX_LIST(`Equipment`)
Executing (default): PRAGMA INDEX_INFO(`sqlite_autoindex_Equipment_1`)
Executing (default): PRAGMA foreign_key_list(`Equipment`)
Executing (default): CREATE TABLE IF NOT EXISTS `Equipment_backup` (`id` UUID UNIQUE PRIMARY KEY, `name` VARCHAR(255) NOT NULL, `category` VARCHAR(255) NOT NULL, `ownership` VARCHAR(255) NOT NULL, `userId` UUID REFERENCES `Users` (`id`), `costRateBase` DECIMAL(10,2) NOT NULL, `costRateOT1` DECIMAL(10,2), `costRateOT2` DECIMAL(10,2), `status` VARCHAR(255) DEFAULT 'available', `hoursUsed` INTEGER DEFAULT '0', `serviceInterval` INTEGER DEFAULT '500', `lastServiceDate` DATETIME, `fuelLevel` INTEGER DEFAULT 100, `assignedDriverId` UUID REFERENCES `Staff` (`id`), `value` DECIMAL(10,2), `serviceHistory` JSON DEFAULT '[]', `notes` TEXT, `createdAt` DATETIME NOT NULL, `updatedAt` DATETIME NOT NULL);
Executing (default): INSERT INTO `Equipment_backup` SELECT `id`, `name`, `category`, `ownership`, `userId`, `costRateBase`, `costRateOT1`, `costRateOT2`, `status`, `hoursUsed`, `serviceInterval`, `lastServiceDate`, `fuelLevel`, `assignedDriverId`, `value`, `serviceHistory`, `notes`, `createdAt`, `updatedAt` FROM `Equipment`;
Executing (default): DROP TABLE `Equipment`;
Executing (default): CREATE TABLE IF NOT EXISTS `Equipment` (`id` UUID UNIQUE PRIMARY KEY, `name` VARCHAR(255) NOT NULL, `category` VARCHAR(255) NOT NULL, `ownership` VARCHAR(255) NOT NULL, `userId` UUID REFERENCES `Users` (`id`), `costRateBase` DECIMAL(10,2) NOT NULL, `costRateOT1` DECIMAL(10,2), `costRateOT2` DECIMAL(10,2), `status` VARCHAR(255) DEFAULT 'available', `hoursUsed` INTEGER DEFAULT '0', `serviceInterval` INTEGER DEFAULT '500', `lastServiceDate` DATETIME, `fuelLevel` INTEGER DEFAULT 100, `assignedDriverId` UUID REFERENCES `Staff` (`id`), `value` DECIMAL(10,2), `serviceHistory` JSON DEFAULT '[]', `notes` TEXT, `createdAt` DATETIME NOT NULL, `updatedAt` DATETIME NOT NULL);
Executing (default): INSERT INTO `Equipment` SELECT `id`, `name`, `category`, `ownership`, `userId`, `costRateBase`, `costRateOT1`, `costRateOT2`, `status`, `hoursUsed`, `serviceInterval`, `lastServiceDate`, `fuelLevel`, `assignedDriverId`, `value`, `serviceHistory`, `notes`, `createdAt`, `updatedAt` FROM `Equipment_backup`;
Executing (default): DROP TABLE `Equipment_backup`;
Executing (default): PRAGMA TABLE_INFO(`Equipment`);
Executing (default): PRAGMA INDEX_LIST(`Equipment`)
Executing (default): PRAGMA INDEX_INFO(`sqlite_autoindex_Equipment_1`)
Executing (default): PRAGMA foreign_key_list(`Equipment`)
Executing (default): CREATE TABLE IF NOT EXISTS `Equipment_backup` (`id` UUID UNIQUE PRIMARY KEY, `name` VARCHAR(255) NOT NULL, `category` VARCHAR(255) NOT NULL, `ownership` VARCHAR(255) NOT NULL, `userId` UUID REFERENCES `Users` (`id`), `costRateBase` DECIMAL(10,2) NOT NULL, `costRateOT1` DECIMAL(10,2), `costRateOT2` DECIMAL(10,2), `status` VARCHAR(255) DEFAULT 'available', `hoursUsed` INTEGER DEFAULT '0', `serviceInterval` INTEGER DEFAULT '500', `lastServiceDate` DATETIME, `fuelLevel` INTEGER DEFAULT '100', `assignedDriverId` UUID REFERENCES `Staff` (`id`) ON DELETE SET NULL ON UPDATE CASCADE, `value` DECIMAL(10,2), `serviceHistory` JSON DEFAULT '[]', `notes` TEXT, `createdAt` DATETIME NOT NULL, `updatedAt` DATETIME NOT NULL);
Executing (default): INSERT INTO `Equipment_backup` SELECT `id`, `name`, `category`, `ownership`, `userId`, `costRateBase`, `costRateOT1`, `costRateOT2`, `status`, `hoursUsed`, `serviceInterval`, `lastServiceDate`, `fuelLevel`, `assignedDriverId`, `value`, `serviceHistory`, `notes`, `createdAt`, `updatedAt` FROM `Equipment`;
Executing (default): DROP TABLE `Equipment`;
Executing (default): CREATE TABLE IF NOT EXISTS `Equipment` (`id` UUID UNIQUE PRIMARY KEY, `name` VARCHAR(255) NOT NULL, `category` VARCHAR(255) NOT NULL, `ownership` VARCHAR(255) NOT NULL, `userId` UUID REFERENCES `Users` (`id`), `costRateBase` DECIMAL(10,2) NOT NULL, `costRateOT1` DECIMAL(10,2), `costRateOT2` DECIMAL(10,2), `status` VARCHAR(255) DEFAULT 'available', `hoursUsed` INTEGER DEFAULT '0', `serviceInterval` INTEGER DEFAULT '500', `lastServiceDate` DATETIME, `fuelLevel` INTEGER DEFAULT '100', `assignedDriverId` UUID REFERENCES `Staff` (`id`) ON DELETE SET NULL ON UPDATE CASCADE, `value` DECIMAL(10,2), `serviceHistory` JSON DEFAULT '[]', `notes` TEXT, `createdAt` DATETIME NOT NULL, `updatedAt` DATETIME NOT NULL);
Executing (default): INSERT INTO `Equipment` SELECT `id`, `name`, `category`, `ownership`, `userId`, `costRateBase`, `costRateOT1`, `costRateOT2`, `status`, `hoursUsed`, `serviceInterval`, `lastServiceDate`, `fuelLevel`, `assignedDriverId`, `value`, `serviceHistory`, `notes`, `createdAt`, `updatedAt` FROM `Equipment_backup`;
Executing (default): DROP TABLE `Equipment_backup`;
Executing (default): PRAGMA TABLE_INFO(`Equipment`);
Executing (default): PRAGMA INDEX_LIST(`Equipment`)
Executing (default): PRAGMA INDEX_INFO(`sqlite_autoindex_Equipment_1`)
Executing (default): PRAGMA foreign_key_list(`Equipment`)
Executing (default): CREATE TABLE IF NOT EXISTS `Equipment_backup` (`id` UUID UNIQUE PRIMARY KEY, `name` VARCHAR(255) NOT NULL, `category` VARCHAR(255) NOT NULL, `ownership` VARCHAR(255) NOT NULL, `userId` UUID REFERENCES `Users` (`id`), `costRateBase` DECIMAL(10,2) NOT NULL, `costRateOT1` DECIMAL(10,2), `costRateOT2` DECIMAL(10,2), `status` VARCHAR(255) DEFAULT 'available', `hoursUsed` INTEGER DEFAULT '0', `serviceInterval` INTEGER DEFAULT '500', `lastServiceDate` DATETIME, `fuelLevel` INTEGER DEFAULT '100', `assignedDriverId` UUID REFERENCES `Staff` (`id`), `value` DECIMAL(10,2), `serviceHistory` JSON DEFAULT '[]', `notes` TEXT, `createdAt` DATETIME NOT NULL, `updatedAt` DATETIME NOT NULL);
Executing (default): INSERT INTO `Equipment_backup` SELECT `id`, `name`, `category`, `ownership`, `userId`, `costRateBase`, `costRateOT1`, `costRateOT2`, `status`, `hoursUsed`, `serviceInterval`, `lastServiceDate`, `fuelLevel`, `assignedDriverId`, `value`, `serviceHistory`, `notes`, `createdAt`, `updatedAt` FROM `Equipment`;
Executing (default): DROP TABLE `Equipment`;
Executing (default): CREATE TABLE IF NOT EXISTS `Equipment` (`id` UUID UNIQUE PRIMARY KEY, `name` VARCHAR(255) NOT NULL, `category` VARCHAR(255) NOT NULL, `ownership` VARCHAR(255) NOT NULL, `userId` UUID REFERENCES `Users` (`id`), `costRateBase` DECIMAL(10,2) NOT NULL, `costRateOT1` DECIMAL(10,2), `costRateOT2` DECIMAL(10,2), `status` VARCHAR(255) DEFAULT 'available', `hoursUsed` INTEGER DEFAULT '0', `serviceInterval` INTEGER DEFAULT '500', `lastServiceDate` DATETIME, `fuelLevel` INTEGER DEFAULT '100', `assignedDriverId` UUID REFERENCES `Staff` (`id`), `value` DECIMAL(10,2), `serviceHistory` JSON DEFAULT '[]', `notes` TEXT, `createdAt` DATETIME NOT NULL, `updatedAt` DATETIME NOT NULL);
Executing (default): INSERT INTO `Equipment` SELECT `id`, `name`, `category`, `ownership`, `userId`, `costRateBase`, `costRateOT1`, `costRateOT2`, `status`, `hoursUsed`, `serviceInterval`, `lastServiceDate`, `fuelLevel`, `assignedDriverId`, `value`, `serviceHistory`, `notes`, `createdAt`, `updatedAt` FROM `Equipment_backup`;
Executing (default): DROP TABLE `Equipment_backup`;
Executing (default): PRAGMA TABLE_INFO(`Equipment`);
Executing (default): PRAGMA INDEX_LIST(`Equipment`)
Executing (default): PRAGMA INDEX_INFO(`sqlite_autoindex_Equipment_1`)
Executing (default): PRAGMA foreign_key_list(`Equipment`)
Executing (default): CREATE TABLE IF NOT EXISTS `Equipment_backup` (`id` UUID UNIQUE PRIMARY KEY, `name` VARCHAR(255) NOT NULL, `category` VARCHAR(255) NOT NULL, `ownership` VARCHAR(255) NOT NULL, `userId` UUID REFERENCES `Users` (`id`), `costRateBase` DECIMAL(10,2) NOT NULL, `costRateOT1` DECIMAL(10,2), `costRateOT2` DECIMAL(10,2), `status` VARCHAR(255) DEFAULT 'available', `hoursUsed` INTEGER DEFAULT '0', `serviceInterval` INTEGER DEFAULT '500', `lastServiceDate` DATETIME, `fuelLevel` INTEGER DEFAULT '100', `assignedDriverId` UUID REFERENCES `Staff` (`id`), `value` DECIMAL(10,2), `serviceHistory` JSON DEFAULT '[]', `notes` TEXT, `createdAt` DATETIME NOT NULL, `updatedAt` DATETIME NOT NULL);
Executing (default): INSERT INTO `Equipment_backup` SELECT `id`, `name`, `category`, `ownership`, `userId`, `costRateBase`, `costRateOT1`, `costRateOT2`, `status`, `hoursUsed`, `serviceInterval`, `lastServiceDate`, `fuelLevel`, `assignedDriverId`, `value`, `serviceHistory`, `notes`, `createdAt`, `updatedAt` FROM `Equipment`;
Executing (default): DROP TABLE `Equipment`;
Executing (default): CREATE TABLE IF NOT EXISTS `Equipment` (`id` UUID UNIQUE PRIMARY KEY, `name` VARCHAR(255) NOT NULL, `category` VARCHAR(255) NOT NULL, `ownership` VARCHAR(255) NOT NULL, `userId` UUID REFERENCES `Users` (`id`), `costRateBase` DECIMAL(10,2) NOT NULL, `costRateOT1` DECIMAL(10,2), `costRateOT2` DECIMAL(10,2), `status` VARCHAR(255) DEFAULT 'available', `hoursUsed` INTEGER DEFAULT '0', `serviceInterval` INTEGER DEFAULT '500', `lastServiceDate` DATETIME, `fuelLevel` INTEGER DEFAULT '100', `assignedDriverId` UUID REFERENCES `Staff` (`id`), `value` DECIMAL(10,2), `serviceHistory` JSON DEFAULT '[]', `notes` TEXT, `createdAt` DATETIME NOT NULL, `updatedAt` DATETIME NOT NULL);
Executing (default): INSERT INTO `Equipment` SELECT `id`, `name`, `category`, `ownership`, `userId`, `costRateBase`, `costRateOT1`, `costRateOT2`, `status`, `hoursUsed`, `serviceInterval`, `lastServiceDate`, `fuelLevel`, `assignedDriverId`, `value`, `serviceHistory`, `notes`, `createdAt`, `updatedAt` FROM `Equipment_backup`;
Executing (default): DROP TABLE `Equipment_backup`;
Executing (default): PRAGMA TABLE_INFO(`Equipment`);
Executing (default): PRAGMA INDEX_LIST(`Equipment`)
Executing (default): PRAGMA INDEX_INFO(`sqlite_autoindex_Equipment_1`)
Executing (default): PRAGMA foreign_key_list(`Equipment`)
Executing (default): CREATE TABLE IF NOT EXISTS `Equipment_backup` (`id` UUID UNIQUE PRIMARY KEY, `name` VARCHAR(255) NOT NULL, `category` VARCHAR(255) NOT NULL, `ownership` VARCHAR(255) NOT NULL, `userId` UUID REFERENCES `Users` (`id`), `costRateBase` DECIMAL(10,2) NOT NULL, `costRateOT1` DECIMAL(10,2), `costRateOT2` DECIMAL(10,2), `status` VARCHAR(255) DEFAULT 'available', `hoursUsed` INTEGER DEFAULT '0', `serviceInterval` INTEGER DEFAULT '500', `lastServiceDate` DATETIME, `fuelLevel` INTEGER DEFAULT '100', `assignedDriverId` UUID REFERENCES `Staff` (`id`), `value` DECIMAL(10,2), `serviceHistory` JSON DEFAULT '[]', `notes` TEXT, `createdAt` DATETIME NOT NULL, `updatedAt` DATETIME NOT NULL);
Executing (default): INSERT INTO `Equipment_backup` SELECT `id`, `name`, `category`, `ownership`, `userId`, `costRateBase`, `costRateOT1`, `costRateOT2`, `status`, `hoursUsed`, `serviceInterval`, `lastServiceDate`, `fuelLevel`, `assignedDriverId`, `value`, `serviceHistory`, `notes`, `createdAt`, `updatedAt` FROM `Equipment`;
Executing (default): DROP TABLE `Equipment`;
Executing (default): CREATE TABLE IF NOT EXISTS `Equipment` (`id` UUID UNIQUE PRIMARY KEY, `name` VARCHAR(255) NOT NULL, `category` VARCHAR(255) NOT NULL, `ownership` VARCHAR(255) NOT NULL, `userId` UUID REFERENCES `Users` (`id`), `costRateBase` DECIMAL(10,2) NOT NULL, `costRateOT1` DECIMAL(10,2), `costRateOT2` DECIMAL(10,2), `status` VARCHAR(255) DEFAULT 'available', `hoursUsed` INTEGER DEFAULT '0', `serviceInterval` INTEGER DEFAULT '500', `lastServiceDate` DATETIME, `fuelLevel` INTEGER DEFAULT '100', `assignedDriverId` UUID REFERENCES `Staff` (`id`), `value` DECIMAL(10,2), `serviceHistory` JSON DEFAULT '[]', `notes` TEXT, `createdAt` DATETIME NOT NULL, `updatedAt` DATETIME NOT NULL);
Executing (default): INSERT INTO `Equipment` SELECT `id`, `name`, `category`, `ownership`, `userId`, `costRateBase`, `costRateOT1`, `costRateOT2`, `status`, `hoursUsed`, `serviceInterval`, `lastServiceDate`, `fuelLevel`, `assignedDriverId`, `value`, `serviceHistory`, `notes`, `createdAt`, `updatedAt` FROM `Equipment_backup`;
Executing (default): DROP TABLE `Equipment_backup`;
Executing (default): PRAGMA TABLE_INFO(`Equipment`);
Executing (default): PRAGMA INDEX_LIST(`Equipment`)
Executing (default): PRAGMA INDEX_INFO(`sqlite_autoindex_Equipment_1`)
Executing (default): PRAGMA foreign_key_list(`Equipment`)
Executing (default): CREATE TABLE IF NOT EXISTS `Equipment_backup` (`id` UUID UNIQUE PRIMARY KEY, `name` VARCHAR(255) NOT NULL, `category` VARCHAR(255) NOT NULL, `ownership` VARCHAR(255) NOT NULL, `userId` UUID REFERENCES `Users` (`id`), `costRateBase` DECIMAL(10,2) NOT NULL, `costRateOT1` DECIMAL(10,2), `costRateOT2` DECIMAL(10,2), `status` VARCHAR(255) DEFAULT 'available', `hoursUsed` INTEGER DEFAULT '0', `serviceInterval` INTEGER DEFAULT '500', `lastServiceDate` DATETIME, `fuelLevel` INTEGER DEFAULT '100', `assignedDriverId` UUID REFERENCES `Staff` (`id`), `value` DECIMAL(10,2), `serviceHistory` JSON DEFAULT '[]', `notes` TEXT, `createdAt` DATETIME NOT NULL, `updatedAt` DATETIME NOT NULL);
Executing (default): INSERT INTO `Equipment_backup` SELECT `id`, `name`, `category`, `ownership`, `userId`, `costRateBase`, `costRateOT1`, `costRateOT2`, `status`, `hoursUsed`, `serviceInterval`, `lastServiceDate`, `fuelLevel`, `assignedDriverId`, `value`, `serviceHistory`, `notes`, `createdAt`, `updatedAt` FROM `Equipment`;
Executing (default): DROP TABLE `Equipment`;
Executing (default): CREATE TABLE IF NOT EXISTS `Equipment` (`id` UUID UNIQUE PRIMARY KEY, `name` VARCHAR(255) NOT NULL, `category` VARCHAR(255) NOT NULL, `ownership` VARCHAR(255) NOT NULL, `userId` UUID REFERENCES `Users` (`id`), `costRateBase` DECIMAL(10,2) NOT NULL, `costRateOT1` DECIMAL(10,2), `costRateOT2` DECIMAL(10,2), `status` VARCHAR(255) DEFAULT 'available', `hoursUsed` INTEGER DEFAULT '0', `serviceInterval` INTEGER DEFAULT '500', `lastServiceDate` DATETIME, `fuelLevel` INTEGER DEFAULT '100', `assignedDriverId` UUID REFERENCES `Staff` (`id`), `value` DECIMAL(10,2), `serviceHistory` JSON DEFAULT '[]', `notes` TEXT, `createdAt` DATETIME NOT NULL, `updatedAt` DATETIME NOT NULL);
Executing (default): INSERT INTO `Equipment` SELECT `id`, `name`, `category`, `ownership`, `userId`, `costRateBase`, `costRateOT1`, `costRateOT2`, `status`, `hoursUsed`, `serviceInterval`, `lastServiceDate`, `fuelLevel`, `assignedDriverId`, `value`, `serviceHistory`, `notes`, `createdAt`, `updatedAt` FROM `Equipment_backup`;
Executing (default): DROP TABLE `Equipment_backup`;
Executing (default): PRAGMA TABLE_INFO(`Equipment`);
Executing (default): PRAGMA INDEX_LIST(`Equipment`)
Executing (default): PRAGMA INDEX_INFO(`sqlite_autoindex_Equipment_1`)
Executing (default): PRAGMA foreign_key_list(`Equipment`)
Executing (default): CREATE TABLE IF NOT EXISTS `Equipment_backup` (`id` UUID UNIQUE PRIMARY KEY, `name` VARCHAR(255) NOT NULL, `category` VARCHAR(255) NOT NULL, `ownership` VARCHAR(255) NOT NULL, `userId` UUID REFERENCES `Users` (`id`), `costRateBase` DECIMAL(10,2) NOT NULL, `costRateOT1` DECIMAL(10,2), `costRateOT2` DECIMAL(10,2), `status` VARCHAR(255) DEFAULT 'available', `hoursUsed` INTEGER DEFAULT '0', `serviceInterval` INTEGER DEFAULT '500', `lastServiceDate` DATETIME, `fuelLevel` INTEGER DEFAULT '100', `assignedDriverId` UUID REFERENCES `Staff` (`id`), `value` DECIMAL(10,2), `serviceHistory` JSON DEFAULT '[]', `notes` TEXT, `createdAt` DATETIME NOT NULL, `updatedAt` DATETIME NOT NULL);
Executing (default): INSERT INTO `Equipment_backup` SELECT `id`, `name`, `category`, `ownership`, `userId`, `costRateBase`, `costRateOT1`, `costRateOT2`, `status`, `hoursUsed`, `serviceInterval`, `lastServiceDate`, `fuelLevel`, `assignedDriverId`, `value`, `serviceHistory`, `notes`, `createdAt`, `updatedAt` FROM `Equipment`;
Executing (default): DROP TABLE `Equipment`;
Executing (default): CREATE TABLE IF NOT EXISTS `Equipment` (`id` UUID UNIQUE PRIMARY KEY, `name` VARCHAR(255) NOT NULL, `category` VARCHAR(255) NOT NULL, `ownership` VARCHAR(255) NOT NULL, `userId` UUID REFERENCES `Users` (`id`), `costRateBase` DECIMAL(10,2) NOT NULL, `costRateOT1` DECIMAL(10,2), `costRateOT2` DECIMAL(10,2), `status` VARCHAR(255) DEFAULT 'available', `hoursUsed` INTEGER DEFAULT '0', `serviceInterval` INTEGER DEFAULT '500', `lastServiceDate` DATETIME, `fuelLevel` INTEGER DEFAULT '100', `assignedDriverId` UUID REFERENCES `Staff` (`id`), `value` DECIMAL(10,2), `serviceHistory` JSON DEFAULT '[]', `notes` TEXT, `createdAt` DATETIME NOT NULL, `updatedAt` DATETIME NOT NULL);
Executing (default): INSERT INTO `Equipment` SELECT `id`, `name`, `category`, `ownership`, `userId`, `costRateBase`, `costRateOT1`, `costRateOT2`, `status`, `hoursUsed`, `serviceInterval`, `lastServiceDate`, `fuelLevel`, `assignedDriverId`, `value`, `serviceHistory`, `notes`, `createdAt`, `updatedAt` FROM `Equipment_backup`;
Executing (default): DROP TABLE `Equipment_backup`;
Executing (default): PRAGMA INDEX_LIST(`Equipment`)
Executing (default): PRAGMA INDEX_INFO(`sqlite_autoindex_Equipment_1`)
Executing (default): SELECT name FROM sqlite_master WHERE type='table' AND name='Insights';
Executing (default): PRAGMA TABLE_INFO(`Insights`);
Executing (default): PRAGMA foreign_key_list(`Insights`)
Executing (default): PRAGMA INDEX_LIST(`Insights`)
Executing (default): PRAGMA INDEX_INFO(`sqlite_autoindex_Insights_1`)
Executing (default): PRAGMA foreign_key_list(`Insights`)
Executing (default): PRAGMA TABLE_INFO(`Insights`);
Executing (default): PRAGMA INDEX_LIST(`Insights`)
Executing (default): PRAGMA INDEX_INFO(`sqlite_autoindex_Insights_1`)
Executing (default): PRAGMA foreign_key_list(`Insights`)
Executing (default): CREATE TABLE IF NOT EXISTS `Insights_backup` (`id` UUID UNIQUE PRIMARY KEY, `type` TEXT DEFAULT 'info', `title` VARCHAR(255) NOT NULL, `description` TEXT NOT NULL, `isRead` TINYINT(1) DEFAULT 0, `relatedModel` VARCHAR(255), `relatedId` UUID, `priority` INTEGER DEFAULT '3', `createdAt` DATETIME NOT NULL, `updatedAt` DATETIME NOT NULL);
Executing (default): INSERT INTO `Insights_backup` SELECT `id`, `type`, `title`, `description`, `isRead`, `relatedModel`, `relatedId`, `priority`, `createdAt`, `updatedAt` FROM `Insights`;
Executing (default): DROP TABLE `Insights`;
Executing (default): CREATE TABLE IF NOT EXISTS `Insights` (`id` UUID UNIQUE PRIMARY KEY, `type` TEXT DEFAULT 'info', `title` VARCHAR(255) NOT NULL, `description` TEXT NOT NULL, `isRead` TINYINT(1) DEFAULT 0, `relatedModel` VARCHAR(255), `relatedId` UUID, `priority` INTEGER DEFAULT '3', `createdAt` DATETIME NOT NULL, `updatedAt` DATETIME NOT NULL);
Executing (default): INSERT INTO `Insights` SELECT `id`, `type`, `title`, `description`, `isRead`, `relatedModel`, `relatedId`, `priority`, `createdAt`, `updatedAt` FROM `Insights_backup`;
Executing (default): DROP TABLE `Insights_backup`;
Executing (default): PRAGMA TABLE_INFO(`Insights`);
Executing (default): PRAGMA INDEX_LIST(`Insights`)
Executing (default): PRAGMA INDEX_INFO(`sqlite_autoindex_Insights_1`)
Executing (default): PRAGMA foreign_key_list(`Insights`)
Executing (default): CREATE TABLE IF NOT EXISTS `Insights_backup` (`id` UUID UNIQUE PRIMARY KEY, `type` TEXT DEFAULT 'info', `title` VARCHAR(255) NOT NULL, `description` TEXT NOT NULL, `isRead` TINYINT(1) DEFAULT 0, `relatedModel` VARCHAR(255), `relatedId` UUID, `priority` INTEGER DEFAULT '3', `createdAt` DATETIME NOT NULL, `updatedAt` DATETIME NOT NULL);
Executing (default): INSERT INTO `Insights_backup` SELECT `id`, `type`, `title`, `description`, `isRead`, `relatedModel`, `relatedId`, `priority`, `createdAt`, `updatedAt` FROM `Insights`;
Executing (default): DROP TABLE `Insights`;
Executing (default): CREATE TABLE IF NOT EXISTS `Insights` (`id` UUID UNIQUE PRIMARY KEY, `type` TEXT DEFAULT 'info', `title` VARCHAR(255) NOT NULL, `description` TEXT NOT NULL, `isRead` TINYINT(1) DEFAULT 0, `relatedModel` VARCHAR(255), `relatedId` UUID, `priority` INTEGER DEFAULT '3', `createdAt` DATETIME NOT NULL, `updatedAt` DATETIME NOT NULL);
Executing (default): INSERT INTO `Insights` SELECT `id`, `type`, `title`, `description`, `isRead`, `relatedModel`, `relatedId`, `priority`, `createdAt`, `updatedAt` FROM `Insights_backup`;
Executing (default): DROP TABLE `Insights_backup`;
Executing (default): PRAGMA TABLE_INFO(`Insights`);
Executing (default): PRAGMA INDEX_LIST(`Insights`)
Executing (default): PRAGMA INDEX_INFO(`sqlite_autoindex_Insights_1`)
Executing (default): PRAGMA foreign_key_list(`Insights`)
Executing (default): CREATE TABLE IF NOT EXISTS `Insights_backup` (`id` UUID UNIQUE PRIMARY KEY, `type` TEXT DEFAULT 'info', `title` VARCHAR(255) NOT NULL, `description` TEXT NOT NULL, `isRead` TINYINT(1) DEFAULT 0, `relatedModel` VARCHAR(255), `relatedId` UUID, `priority` INTEGER DEFAULT '3', `createdAt` DATETIME NOT NULL, `updatedAt` DATETIME NOT NULL);
Executing (default): INSERT INTO `Insights_backup` SELECT `id`, `type`, `title`, `description`, `isRead`, `relatedModel`, `relatedId`, `priority`, `createdAt`, `updatedAt` FROM `Insights`;
Executing (default): DROP TABLE `Insights`;
Executing (default): CREATE TABLE IF NOT EXISTS `Insights` (`id` UUID UNIQUE PRIMARY KEY, `type` TEXT DEFAULT 'info', `title` VARCHAR(255) NOT NULL, `description` TEXT NOT NULL, `isRead` TINYINT(1) DEFAULT 0, `relatedModel` VARCHAR(255), `relatedId` UUID, `priority` INTEGER DEFAULT '3', `createdAt` DATETIME NOT NULL, `updatedAt` DATETIME NOT NULL);
Executing (default): INSERT INTO `Insights` SELECT `id`, `type`, `title`, `description`, `isRead`, `relatedModel`, `relatedId`, `priority`, `createdAt`, `updatedAt` FROM `Insights_backup`;
Executing (default): DROP TABLE `Insights_backup`;
Executing (default): PRAGMA TABLE_INFO(`Insights`);
Executing (default): PRAGMA INDEX_LIST(`Insights`)
Executing (default): PRAGMA INDEX_INFO(`sqlite_autoindex_Insights_1`)
Executing (default): PRAGMA foreign_key_list(`Insights`)
Executing (default): CREATE TABLE IF NOT EXISTS `Insights_backup` (`id` UUID UNIQUE PRIMARY KEY, `type` TEXT DEFAULT 'info', `title` VARCHAR(255) NOT NULL, `description` TEXT NOT NULL, `isRead` TINYINT(1) DEFAULT 0, `relatedModel` VARCHAR(255), `relatedId` UUID, `priority` INTEGER DEFAULT '3', `createdAt` DATETIME NOT NULL, `updatedAt` DATETIME NOT NULL);
Executing (default): INSERT INTO `Insights_backup` SELECT `id`, `type`, `title`, `description`, `isRead`, `relatedModel`, `relatedId`, `priority`, `createdAt`, `updatedAt` FROM `Insights`;
Executing (default): DROP TABLE `Insights`;
Executing (default): CREATE TABLE IF NOT EXISTS `Insights` (`id` UUID UNIQUE PRIMARY KEY, `type` TEXT DEFAULT 'info', `title` VARCHAR(255) NOT NULL, `description` TEXT NOT NULL, `isRead` TINYINT(1) DEFAULT 0, `relatedModel` VARCHAR(255), `relatedId` UUID, `priority` INTEGER DEFAULT '3', `createdAt` DATETIME NOT NULL, `updatedAt` DATETIME NOT NULL);
Executing (default): INSERT INTO `Insights` SELECT `id`, `type`, `title`, `description`, `isRead`, `relatedModel`, `relatedId`, `priority`, `createdAt`, `updatedAt` FROM `Insights_backup`;
Executing (default): DROP TABLE `Insights_backup`;
Executing (default): PRAGMA TABLE_INFO(`Insights`);
Executing (default): PRAGMA INDEX_LIST(`Insights`)
Executing (default): PRAGMA INDEX_INFO(`sqlite_autoindex_Insights_1`)
Executing (default): PRAGMA foreign_key_list(`Insights`)
Executing (default): CREATE TABLE IF NOT EXISTS `Insights_backup` (`id` UUID UNIQUE PRIMARY KEY, `type` TEXT DEFAULT 'info', `title` VARCHAR(255) NOT NULL, `description` TEXT NOT NULL, `isRead` TINYINT(1) DEFAULT 0, `relatedModel` VARCHAR(255), `relatedId` UUID, `priority` INTEGER DEFAULT '3', `createdAt` DATETIME NOT NULL, `updatedAt` DATETIME NOT NULL);
Executing (default): INSERT INTO `Insights_backup` SELECT `id`, `type`, `title`, `description`, `isRead`, `relatedModel`, `relatedId`, `priority`, `createdAt`, `updatedAt` FROM `Insights`;
Executing (default): DROP TABLE `Insights`;
Executing (default): CREATE TABLE IF NOT EXISTS `Insights` (`id` UUID UNIQUE PRIMARY KEY, `type` TEXT DEFAULT 'info', `title` VARCHAR(255) NOT NULL, `description` TEXT NOT NULL, `isRead` TINYINT(1) DEFAULT 0, `relatedModel` VARCHAR(255), `relatedId` UUID, `priority` INTEGER DEFAULT '3', `createdAt` DATETIME NOT NULL, `updatedAt` DATETIME NOT NULL);
Executing (default): INSERT INTO `Insights` SELECT `id`, `type`, `title`, `description`, `isRead`, `relatedModel`, `relatedId`, `priority`, `createdAt`, `updatedAt` FROM `Insights_backup`;
Executing (default): DROP TABLE `Insights_backup`;
Executing (default): PRAGMA TABLE_INFO(`Insights`);
Executing (default): PRAGMA INDEX_LIST(`Insights`)
Executing (default): PRAGMA INDEX_INFO(`sqlite_autoindex_Insights_1`)
Executing (default): PRAGMA foreign_key_list(`Insights`)
Executing (default): CREATE TABLE IF NOT EXISTS `Insights_backup` (`id` UUID UNIQUE PRIMARY KEY, `type` TEXT DEFAULT 'info', `title` VARCHAR(255) NOT NULL, `description` TEXT NOT NULL, `isRead` TINYINT(1) DEFAULT 0, `relatedModel` VARCHAR(255), `relatedId` UUID, `priority` INTEGER DEFAULT '3', `createdAt` DATETIME NOT NULL, `updatedAt` DATETIME NOT NULL);
Executing (default): INSERT INTO `Insights_backup` SELECT `id`, `type`, `title`, `description`, `isRead`, `relatedModel`, `relatedId`, `priority`, `createdAt`, `updatedAt` FROM `Insights`;
Executing (default): DROP TABLE `Insights`;
Executing (default): CREATE TABLE IF NOT EXISTS `Insights` (`id` UUID UNIQUE PRIMARY KEY, `type` TEXT DEFAULT 'info', `title` VARCHAR(255) NOT NULL, `description` TEXT NOT NULL, `isRead` TINYINT(1) DEFAULT 0, `relatedModel` VARCHAR(255), `relatedId` UUID, `priority` INTEGER DEFAULT '3', `createdAt` DATETIME NOT NULL, `updatedAt` DATETIME NOT NULL);
Executing (default): INSERT INTO `Insights` SELECT `id`, `type`, `title`, `description`, `isRead`, `relatedModel`, `relatedId`, `priority`, `createdAt`, `updatedAt` FROM `Insights_backup`;
Executing (default): DROP TABLE `Insights_backup`;
Executing (default): PRAGMA TABLE_INFO(`Insights`);
Executing (default): PRAGMA INDEX_LIST(`Insights`)
Executing (default): PRAGMA INDEX_INFO(`sqlite_autoindex_Insights_1`)
Executing (default): PRAGMA foreign_key_list(`Insights`)
Executing (default): CREATE TABLE IF NOT EXISTS `Insights_backup` (`id` UUID UNIQUE PRIMARY KEY, `type` TEXT DEFAULT 'info', `title` VARCHAR(255) NOT NULL, `description` TEXT NOT NULL, `isRead` TINYINT(1) DEFAULT 0, `relatedModel` VARCHAR(255), `relatedId` UUID, `priority` INTEGER DEFAULT 3, `createdAt` DATETIME NOT NULL, `updatedAt` DATETIME NOT NULL);
Executing (default): INSERT INTO `Insights_backup` SELECT `id`, `type`, `title`, `description`, `isRead`, `relatedModel`, `relatedId`, `priority`, `createdAt`, `updatedAt` FROM `Insights`;
Executing (default): DROP TABLE `Insights`;
Executing (default): CREATE TABLE IF NOT EXISTS `Insights` (`id` UUID UNIQUE PRIMARY KEY, `type` TEXT DEFAULT 'info', `title` VARCHAR(255) NOT NULL, `description` TEXT NOT NULL, `isRead` TINYINT(1) DEFAULT 0, `relatedModel` VARCHAR(255), `relatedId` UUID, `priority` INTEGER DEFAULT 3, `createdAt` DATETIME NOT NULL, `updatedAt` DATETIME NOT NULL);
Executing (default): INSERT INTO `Insights` SELECT `id`, `type`, `title`, `description`, `isRead`, `relatedModel`, `relatedId`, `priority`, `createdAt`, `updatedAt` FROM `Insights_backup`;
Executing (default): DROP TABLE `Insights_backup`;
Executing (default): PRAGMA TABLE_INFO(`Insights`);
Executing (default): PRAGMA INDEX_LIST(`Insights`)
Executing (default): PRAGMA INDEX_INFO(`sqlite_autoindex_Insights_1`)
Executing (default): PRAGMA foreign_key_list(`Insights`)
Executing (default): CREATE TABLE IF NOT EXISTS `Insights_backup` (`id` UUID UNIQUE PRIMARY KEY, `type` TEXT DEFAULT 'info', `title` VARCHAR(255) NOT NULL, `description` TEXT NOT NULL, `isRead` TINYINT(1) DEFAULT 0, `relatedModel` VARCHAR(255), `relatedId` UUID, `priority` INTEGER DEFAULT '3', `createdAt` DATETIME NOT NULL, `updatedAt` DATETIME NOT NULL);
Executing (default): INSERT INTO `Insights_backup` SELECT `id`, `type`, `title`, `description`, `isRead`, `relatedModel`, `relatedId`, `priority`, `createdAt`, `updatedAt` FROM `Insights`;
Executing (default): DROP TABLE `Insights`;
Executing (default): CREATE TABLE IF NOT EXISTS `Insights` (`id` UUID UNIQUE PRIMARY KEY, `type` TEXT DEFAULT 'info', `title` VARCHAR(255) NOT NULL, `description` TEXT NOT NULL, `isRead` TINYINT(1) DEFAULT 0, `relatedModel` VARCHAR(255), `relatedId` UUID, `priority` INTEGER DEFAULT '3', `createdAt` DATETIME NOT NULL, `updatedAt` DATETIME NOT NULL);
Executing (default): INSERT INTO `Insights` SELECT `id`, `type`, `title`, `description`, `isRead`, `relatedModel`, `relatedId`, `priority`, `createdAt`, `updatedAt` FROM `Insights_backup`;
Executing (default): DROP TABLE `Insights_backup`;
Executing (default): PRAGMA TABLE_INFO(`Insights`);
Executing (default): PRAGMA INDEX_LIST(`Insights`)
Executing (default): PRAGMA INDEX_INFO(`sqlite_autoindex_Insights_1`)
Executing (default): PRAGMA foreign_key_list(`Insights`)
Executing (default): CREATE TABLE IF NOT EXISTS `Insights_backup` (`id` UUID UNIQUE PRIMARY KEY, `type` TEXT DEFAULT 'info', `title` VARCHAR(255) NOT NULL, `description` TEXT NOT NULL, `isRead` TINYINT(1) DEFAULT 0, `relatedModel` VARCHAR(255), `relatedId` UUID, `priority` INTEGER DEFAULT '3', `createdAt` DATETIME NOT NULL, `updatedAt` DATETIME NOT NULL);
Executing (default): INSERT INTO `Insights_backup` SELECT `id`, `type`, `title`, `description`, `isRead`, `relatedModel`, `relatedId`, `priority`, `createdAt`, `updatedAt` FROM `Insights`;
Executing (default): DROP TABLE `Insights`;
Executing (default): CREATE TABLE IF NOT EXISTS `Insights` (`id` UUID UNIQUE PRIMARY KEY, `type` TEXT DEFAULT 'info', `title` VARCHAR(255) NOT NULL, `description` TEXT NOT NULL, `isRead` TINYINT(1) DEFAULT 0, `relatedModel` VARCHAR(255), `relatedId` UUID, `priority` INTEGER DEFAULT '3', `createdAt` DATETIME NOT NULL, `updatedAt` DATETIME NOT NULL);
Executing (default): INSERT INTO `Insights` SELECT `id`, `type`, `title`, `description`, `isRead`, `relatedModel`, `relatedId`, `priority`, `createdAt`, `updatedAt` FROM `Insights_backup`;
Executing (default): DROP TABLE `Insights_backup`;
Executing (default): PRAGMA INDEX_LIST(`Insights`)
Executing (default): PRAGMA INDEX_INFO(`sqlite_autoindex_Insights_1`)
Executing (default): SELECT name FROM sqlite_master WHERE type='table' AND name='Invoices';
Executing (default): PRAGMA TABLE_INFO(`Invoices`);
Executing (default): PRAGMA foreign_key_list(`Invoices`)
Executing (default): PRAGMA INDEX_LIST(`Invoices`)
Executing (default): PRAGMA INDEX_INFO(`sqlite_autoindex_Invoices_1`)
Executing (default): PRAGMA foreign_key_list(`Invoices`)
Executing (default): PRAGMA TABLE_INFO(`Invoices`);
Executing (default): PRAGMA INDEX_LIST(`Invoices`)
Executing (default): PRAGMA INDEX_INFO(`sqlite_autoindex_Invoices_1`)
Executing (default): PRAGMA foreign_key_list(`Invoices`)
Executing (default): CREATE TABLE IF NOT EXISTS `Invoices_backup` (`id` CHAR(36) UNIQUE PRIMARY KEY, `diaryId` UUID REFERENCES `Diaries` (`id`), `projectId` UUID REFERENCES `Projects` (`id`), `clientId` UUID REFERENCES `Clients` (`id`), `invoiceType` TEXT NOT NULL DEFAULT 'customer', `invoiceNumber` VARCHAR(50), `invoiceData` JSON NOT NULL, `totalAmount` DECIMAL(10,2) NOT NULL DEFAULT '0', `pdfUrl` VARCHAR(500), `status` TEXT NOT NULL DEFAULT 'draft', `dueDate` DATE, `notes` TEXT, `createdAt` DATETIME NOT NULL, `updatedAt` DATETIME NOT NULL);
Executing (default): INSERT INTO `Invoices_backup` SELECT `id`, `diaryId`, `projectId`, `clientId`, `invoiceType`, `invoiceNumber`, `invoiceData`, `totalAmount`, `pdfUrl`, `status`, `dueDate`, `notes`, `createdAt`, `updatedAt` FROM `Invoices`;
Executing (default): DROP TABLE `Invoices`;
Executing (default): CREATE TABLE IF NOT EXISTS `Invoices` (`id` CHAR(36) UNIQUE PRIMARY KEY, `diaryId` UUID REFERENCES `Diaries` (`id`), `projectId` UUID REFERENCES `Projects` (`id`), `clientId` UUID REFERENCES `Clients` (`id`), `invoiceType` TEXT NOT NULL DEFAULT 'customer', `invoiceNumber` VARCHAR(50), `invoiceData` JSON NOT NULL, `totalAmount` DECIMAL(10,2) NOT NULL DEFAULT '0', `pdfUrl` VARCHAR(500), `status` TEXT NOT NULL DEFAULT 'draft', `dueDate` DATE, `notes` TEXT, `createdAt` DATETIME NOT NULL, `updatedAt` DATETIME NOT NULL);
Executing (default): INSERT INTO `Invoices` SELECT `id`, `diaryId`, `projectId`, `clientId`, `invoiceType`, `invoiceNumber`, `invoiceData`, `totalAmount`, `pdfUrl`, `status`, `dueDate`, `notes`, `createdAt`, `updatedAt` FROM `Invoices_backup`;
Executing (default): DROP TABLE `Invoices_backup`;
Executing (default): PRAGMA TABLE_INFO(`Invoices`);
Executing (default): PRAGMA INDEX_LIST(`Invoices`)
Executing (default): PRAGMA INDEX_INFO(`sqlite_autoindex_Invoices_1`)
Executing (default): PRAGMA foreign_key_list(`Invoices`)
Executing (default): CREATE TABLE IF NOT EXISTS `Invoices_backup` (`id` CHAR(36) UNIQUE PRIMARY KEY, `diaryId` UUID REFERENCES `Diaries` (`id`), `projectId` UUID REFERENCES `Projects` (`id`) ON DELETE SET NULL ON UPDATE CASCADE, `clientId` UUID REFERENCES `Clients` (`id`), `invoiceType` TEXT NOT NULL DEFAULT 'customer', `invoiceNumber` VARCHAR(50), `invoiceData` JSON NOT NULL, `totalAmount` DECIMAL(10,2) NOT NULL DEFAULT '0', `pdfUrl` VARCHAR(500), `status` TEXT NOT NULL DEFAULT 'draft', `dueDate` DATE, `notes` TEXT, `createdAt` DATETIME NOT NULL, `updatedAt` DATETIME NOT NULL);
Executing (default): INSERT INTO `Invoices_backup` SELECT `id`, `diaryId`, `projectId`, `clientId`, `invoiceType`, `invoiceNumber`, `invoiceData`, `totalAmount`, `pdfUrl`, `status`, `dueDate`, `notes`, `createdAt`, `updatedAt` FROM `Invoices`;
Executing (default): DROP TABLE `Invoices`;
Executing (default): CREATE TABLE IF NOT EXISTS `Invoices` (`id` CHAR(36) UNIQUE PRIMARY KEY, `diaryId` UUID REFERENCES `Diaries` (`id`), `projectId` UUID REFERENCES `Projects` (`id`) ON DELETE SET NULL ON UPDATE CASCADE, `clientId` UUID REFERENCES `Clients` (`id`), `invoiceType` TEXT NOT NULL DEFAULT 'customer', `invoiceNumber` VARCHAR(50), `invoiceData` JSON NOT NULL, `totalAmount` DECIMAL(10,2) NOT NULL DEFAULT '0', `pdfUrl` VARCHAR(500), `status` TEXT NOT NULL DEFAULT 'draft', `dueDate` DATE, `notes` TEXT, `createdAt` DATETIME NOT NULL, `updatedAt` DATETIME NOT NULL);
Executing (default): INSERT INTO `Invoices` SELECT `id`, `diaryId`, `projectId`, `clientId`, `invoiceType`, `invoiceNumber`, `invoiceData`, `totalAmount`, `pdfUrl`, `status`, `dueDate`, `notes`, `createdAt`, `updatedAt` FROM `Invoices_backup`;
Executing (default): DROP TABLE `Invoices_backup`;
Executing (default): PRAGMA TABLE_INFO(`Invoices`);
Executing (default): PRAGMA INDEX_LIST(`Invoices`)
Executing (default): PRAGMA INDEX_INFO(`sqlite_autoindex_Invoices_1`)
Executing (default): PRAGMA foreign_key_list(`Invoices`)
Executing (default): CREATE TABLE IF NOT EXISTS `Invoices_backup` (`id` CHAR(36) UNIQUE PRIMARY KEY, `diaryId` UUID REFERENCES `Diaries` (`id`), `projectId` UUID REFERENCES `Projects` (`id`), `clientId` UUID REFERENCES `Clients` (`id`) ON DELETE SET NULL ON UPDATE CASCADE, `invoiceType` TEXT NOT NULL DEFAULT 'customer', `invoiceNumber` VARCHAR(50), `invoiceData` JSON NOT NULL, `totalAmount` DECIMAL(10,2) NOT NULL DEFAULT '0', `pdfUrl` VARCHAR(500), `status` TEXT NOT NULL DEFAULT 'draft', `dueDate` DATE, `notes` TEXT, `createdAt` DATETIME NOT NULL, `updatedAt` DATETIME NOT NULL);
Executing (default): INSERT INTO `Invoices_backup` SELECT `id`, `diaryId`, `projectId`, `clientId`, `invoiceType`, `invoiceNumber`, `invoiceData`, `totalAmount`, `pdfUrl`, `status`, `dueDate`, `notes`, `createdAt`, `updatedAt` FROM `Invoices`;
Executing (default): DROP TABLE `Invoices`;
Executing (default): CREATE TABLE IF NOT EXISTS `Invoices` (`id` CHAR(36) UNIQUE PRIMARY KEY, `diaryId` UUID REFERENCES `Diaries` (`id`), `projectId` UUID REFERENCES `Projects` (`id`), `clientId` UUID REFERENCES `Clients` (`id`) ON DELETE SET NULL ON UPDATE CASCADE, `invoiceType` TEXT NOT NULL DEFAULT 'customer', `invoiceNumber` VARCHAR(50), `invoiceData` JSON NOT NULL, `totalAmount` DECIMAL(10,2) NOT NULL DEFAULT '0', `pdfUrl` VARCHAR(500), `status` TEXT NOT NULL DEFAULT 'draft', `dueDate` DATE, `notes` TEXT, `createdAt` DATETIME NOT NULL, `updatedAt` DATETIME NOT NULL);
Executing (default): INSERT INTO `Invoices` SELECT `id`, `diaryId`, `projectId`, `clientId`, `invoiceType`, `invoiceNumber`, `invoiceData`, `totalAmount`, `pdfUrl`, `status`, `dueDate`, `notes`, `createdAt`, `updatedAt` FROM `Invoices_backup`;
Executing (default): DROP TABLE `Invoices_backup`;
Executing (default): PRAGMA TABLE_INFO(`Invoices`);
Executing (default): PRAGMA INDEX_LIST(`Invoices`)
Executing (default): PRAGMA INDEX_INFO(`sqlite_autoindex_Invoices_1`)
Executing (default): PRAGMA foreign_key_list(`Invoices`)
Executing (default): CREATE TABLE IF NOT EXISTS `Invoices_backup` (`id` CHAR(36) UNIQUE PRIMARY KEY, `diaryId` UUID REFERENCES `Diaries` (`id`), `projectId` UUID REFERENCES `Projects` (`id`), `clientId` UUID REFERENCES `Clients` (`id`), `invoiceType` TEXT NOT NULL DEFAULT 'customer', `invoiceNumber` VARCHAR(50), `invoiceData` JSON NOT NULL, `totalAmount` DECIMAL(10,2) NOT NULL DEFAULT '0', `pdfUrl` VARCHAR(500), `status` TEXT NOT NULL DEFAULT 'draft', `dueDate` DATE, `notes` TEXT, `createdAt` DATETIME NOT NULL, `updatedAt` DATETIME NOT NULL);
Executing (default): INSERT INTO `Invoices_backup` SELECT `id`, `diaryId`, `projectId`, `clientId`, `invoiceType`, `invoiceNumber`, `invoiceData`, `totalAmount`, `pdfUrl`, `status`, `dueDate`, `notes`, `createdAt`, `updatedAt` FROM `Invoices`;
Executing (default): DROP TABLE `Invoices`;
Executing (default): CREATE TABLE IF NOT EXISTS `Invoices` (`id` CHAR(36) UNIQUE PRIMARY KEY, `diaryId` UUID REFERENCES `Diaries` (`id`), `projectId` UUID REFERENCES `Projects` (`id`), `clientId` UUID REFERENCES `Clients` (`id`), `invoiceType` TEXT NOT NULL DEFAULT 'customer', `invoiceNumber` VARCHAR(50), `invoiceData` JSON NOT NULL, `totalAmount` DECIMAL(10,2) NOT NULL DEFAULT '0', `pdfUrl` VARCHAR(500), `status` TEXT NOT NULL DEFAULT 'draft', `dueDate` DATE, `notes` TEXT, `createdAt` DATETIME NOT NULL, `updatedAt` DATETIME NOT NULL);
Executing (default): INSERT INTO `Invoices` SELECT `id`, `diaryId`, `projectId`, `clientId`, `invoiceType`, `invoiceNumber`, `invoiceData`, `totalAmount`, `pdfUrl`, `status`, `dueDate`, `notes`, `createdAt`, `updatedAt` FROM `Invoices_backup`;
Executing (default): DROP TABLE `Invoices_backup`;
Executing (default): PRAGMA TABLE_INFO(`Invoices`);
Executing (default): PRAGMA INDEX_LIST(`Invoices`)
Executing (default): PRAGMA INDEX_INFO(`sqlite_autoindex_Invoices_1`)
Executing (default): PRAGMA foreign_key_list(`Invoices`)
Executing (default): CREATE TABLE IF NOT EXISTS `Invoices_backup` (`id` CHAR(36) UNIQUE PRIMARY KEY, `diaryId` UUID REFERENCES `Diaries` (`id`), `projectId` UUID REFERENCES `Projects` (`id`), `clientId` UUID REFERENCES `Clients` (`id`), `invoiceType` TEXT NOT NULL DEFAULT 'customer', `invoiceNumber` VARCHAR(50), `invoiceData` JSON NOT NULL, `totalAmount` DECIMAL(10,2) NOT NULL DEFAULT '0', `pdfUrl` VARCHAR(500), `status` TEXT NOT NULL DEFAULT 'draft', `dueDate` DATE, `notes` TEXT, `createdAt` DATETIME NOT NULL, `updatedAt` DATETIME NOT NULL);
Executing (default): INSERT INTO `Invoices_backup` SELECT `id`, `diaryId`, `projectId`, `clientId`, `invoiceType`, `invoiceNumber`, `invoiceData`, `totalAmount`, `pdfUrl`, `status`, `dueDate`, `notes`, `createdAt`, `updatedAt` FROM `Invoices`;
Executing (default): DROP TABLE `Invoices`;
Executing (default): CREATE TABLE IF NOT EXISTS `Invoices` (`id` CHAR(36) UNIQUE PRIMARY KEY, `diaryId` UUID REFERENCES `Diaries` (`id`), `projectId` UUID REFERENCES `Projects` (`id`), `clientId` UUID REFERENCES `Clients` (`id`), `invoiceType` TEXT NOT NULL DEFAULT 'customer', `invoiceNumber` VARCHAR(50), `invoiceData` JSON NOT NULL, `totalAmount` DECIMAL(10,2) NOT NULL DEFAULT '0', `pdfUrl` VARCHAR(500), `status` TEXT NOT NULL DEFAULT 'draft', `dueDate` DATE, `notes` TEXT, `createdAt` DATETIME NOT NULL, `updatedAt` DATETIME NOT NULL);
Executing (default): INSERT INTO `Invoices` SELECT `id`, `diaryId`, `projectId`, `clientId`, `invoiceType`, `invoiceNumber`, `invoiceData`, `totalAmount`, `pdfUrl`, `status`, `dueDate`, `notes`, `createdAt`, `updatedAt` FROM `Invoices_backup`;
Executing (default): DROP TABLE `Invoices_backup`;
Executing (default): PRAGMA TABLE_INFO(`Invoices`);
Executing (default): PRAGMA INDEX_LIST(`Invoices`)
Executing (default): PRAGMA INDEX_INFO(`sqlite_autoindex_Invoices_1`)
Executing (default): PRAGMA foreign_key_list(`Invoices`)
Executing (default): CREATE TABLE IF NOT EXISTS `Invoices_backup` (`id` CHAR(36) UNIQUE PRIMARY KEY, `diaryId` UUID REFERENCES `Diaries` (`id`), `projectId` UUID REFERENCES `Projects` (`id`), `clientId` UUID REFERENCES `Clients` (`id`), `invoiceType` TEXT NOT NULL DEFAULT 'customer', `invoiceNumber` VARCHAR(50), `invoiceData` JSON NOT NULL, `totalAmount` DECIMAL(10,2) NOT NULL DEFAULT '0', `pdfUrl` VARCHAR(500), `status` TEXT NOT NULL DEFAULT 'draft', `dueDate` DATE, `notes` TEXT, `createdAt` DATETIME NOT NULL, `updatedAt` DATETIME NOT NULL);
Executing (default): INSERT INTO `Invoices_backup` SELECT `id`, `diaryId`, `projectId`, `clientId`, `invoiceType`, `invoiceNumber`, `invoiceData`, `totalAmount`, `pdfUrl`, `status`, `dueDate`, `notes`, `createdAt`, `updatedAt` FROM `Invoices`;
Executing (default): DROP TABLE `Invoices`;
Executing (default): CREATE TABLE IF NOT EXISTS `Invoices` (`id` CHAR(36) UNIQUE PRIMARY KEY, `diaryId` UUID REFERENCES `Diaries` (`id`), `projectId` UUID REFERENCES `Projects` (`id`), `clientId` UUID REFERENCES `Clients` (`id`), `invoiceType` TEXT NOT NULL DEFAULT 'customer', `invoiceNumber` VARCHAR(50), `invoiceData` JSON NOT NULL, `totalAmount` DECIMAL(10,2) NOT NULL DEFAULT '0', `pdfUrl` VARCHAR(500), `status` TEXT NOT NULL DEFAULT 'draft', `dueDate` DATE, `notes` TEXT, `createdAt` DATETIME NOT NULL, `updatedAt` DATETIME NOT NULL);
Executing (default): INSERT INTO `Invoices` SELECT `id`, `diaryId`, `projectId`, `clientId`, `invoiceType`, `invoiceNumber`, `invoiceData`, `totalAmount`, `pdfUrl`, `status`, `dueDate`, `notes`, `createdAt`, `updatedAt` FROM `Invoices_backup`;
Executing (default): DROP TABLE `Invoices_backup`;
Executing (default): PRAGMA TABLE_INFO(`Invoices`);
Executing (default): PRAGMA INDEX_LIST(`Invoices`)
Executing (default): PRAGMA INDEX_INFO(`sqlite_autoindex_Invoices_1`)
Executing (default): PRAGMA foreign_key_list(`Invoices`)
Executing (default): CREATE TABLE IF NOT EXISTS `Invoices_backup` (`id` CHAR(36) UNIQUE PRIMARY KEY, `diaryId` UUID REFERENCES `Diaries` (`id`), `projectId` UUID REFERENCES `Projects` (`id`), `clientId` UUID REFERENCES `Clients` (`id`), `invoiceType` TEXT NOT NULL DEFAULT 'customer', `invoiceNumber` VARCHAR(50), `invoiceData` JSON NOT NULL, `totalAmount` DECIMAL(10,2) NOT NULL DEFAULT '0', `pdfUrl` VARCHAR(500), `status` TEXT NOT NULL DEFAULT 'draft', `dueDate` DATE, `notes` TEXT, `createdAt` DATETIME NOT NULL, `updatedAt` DATETIME NOT NULL);
Executing (default): INSERT INTO `Invoices_backup` SELECT `id`, `diaryId`, `projectId`, `clientId`, `invoiceType`, `invoiceNumber`, `invoiceData`, `totalAmount`, `pdfUrl`, `status`, `dueDate`, `notes`, `createdAt`, `updatedAt` FROM `Invoices`;
Executing (default): DROP TABLE `Invoices`;
Executing (default): CREATE TABLE IF NOT EXISTS `Invoices` (`id` CHAR(36) UNIQUE PRIMARY KEY, `diaryId` UUID REFERENCES `Diaries` (`id`), `projectId` UUID REFERENCES `Projects` (`id`), `clientId` UUID REFERENCES `Clients` (`id`), `invoiceType` TEXT NOT NULL DEFAULT 'customer', `invoiceNumber` VARCHAR(50), `invoiceData` JSON NOT NULL, `totalAmount` DECIMAL(10,2) NOT NULL DEFAULT '0', `pdfUrl` VARCHAR(500), `status` TEXT NOT NULL DEFAULT 'draft', `dueDate` DATE, `notes` TEXT, `createdAt` DATETIME NOT NULL, `updatedAt` DATETIME NOT NULL);
Executing (default): INSERT INTO `Invoices` SELECT `id`, `diaryId`, `projectId`, `clientId`, `invoiceType`, `invoiceNumber`, `invoiceData`, `totalAmount`, `pdfUrl`, `status`, `dueDate`, `notes`, `createdAt`, `updatedAt` FROM `Invoices_backup`;
Executing (default): DROP TABLE `Invoices_backup`;
Executing (default): PRAGMA TABLE_INFO(`Invoices`);
Executing (default): PRAGMA INDEX_LIST(`Invoices`)
Executing (default): PRAGMA INDEX_INFO(`sqlite_autoindex_Invoices_1`)
Executing (default): PRAGMA foreign_key_list(`Invoices`)
Executing (default): CREATE TABLE IF NOT EXISTS `Invoices_backup` (`id` CHAR(36) UNIQUE PRIMARY KEY, `diaryId` UUID REFERENCES `Diaries` (`id`), `projectId` UUID REFERENCES `Projects` (`id`), `clientId` UUID REFERENCES `Clients` (`id`), `invoiceType` TEXT NOT NULL DEFAULT 'customer', `invoiceNumber` VARCHAR(50), `invoiceData` JSON NOT NULL, `totalAmount` DECIMAL(10,2) NOT NULL DEFAULT '0', `pdfUrl` VARCHAR(500), `status` TEXT NOT NULL DEFAULT 'draft', `dueDate` DATE, `notes` TEXT, `createdAt` DATETIME NOT NULL, `updatedAt` DATETIME NOT NULL);
Executing (default): INSERT INTO `Invoices_backup` SELECT `id`, `diaryId`, `projectId`, `clientId`, `invoiceType`, `invoiceNumber`, `invoiceData`, `totalAmount`, `pdfUrl`, `status`, `dueDate`, `notes`, `createdAt`, `updatedAt` FROM `Invoices`;
Executing (default): DROP TABLE `Invoices`;
Executing (default): CREATE TABLE IF NOT EXISTS `Invoices` (`id` CHAR(36) UNIQUE PRIMARY KEY, `diaryId` UUID REFERENCES `Diaries` (`id`), `projectId` UUID REFERENCES `Projects` (`id`), `clientId` UUID REFERENCES `Clients` (`id`), `invoiceType` TEXT NOT NULL DEFAULT 'customer', `invoiceNumber` VARCHAR(50), `invoiceData` JSON NOT NULL, `totalAmount` DECIMAL(10,2) NOT NULL DEFAULT '0', `pdfUrl` VARCHAR(500), `status` TEXT NOT NULL DEFAULT 'draft', `dueDate` DATE, `notes` TEXT, `createdAt` DATETIME NOT NULL, `updatedAt` DATETIME NOT NULL);
Executing (default): INSERT INTO `Invoices` SELECT `id`, `diaryId`, `projectId`, `clientId`, `invoiceType`, `invoiceNumber`, `invoiceData`, `totalAmount`, `pdfUrl`, `status`, `dueDate`, `notes`, `createdAt`, `updatedAt` FROM `Invoices_backup`;
Executing (default): DROP TABLE `Invoices_backup`;
Executing (default): PRAGMA TABLE_INFO(`Invoices`);
Executing (default): PRAGMA INDEX_LIST(`Invoices`)
Executing (default): PRAGMA INDEX_INFO(`sqlite_autoindex_Invoices_1`)
Executing (default): PRAGMA foreign_key_list(`Invoices`)
Executing (default): CREATE TABLE IF NOT EXISTS `Invoices_backup` (`id` CHAR(36) UNIQUE PRIMARY KEY, `diaryId` UUID REFERENCES `Diaries` (`id`), `projectId` UUID REFERENCES `Projects` (`id`), `clientId` UUID REFERENCES `Clients` (`id`), `invoiceType` TEXT NOT NULL DEFAULT 'customer', `invoiceNumber` VARCHAR(50), `invoiceData` JSON NOT NULL, `totalAmount` DECIMAL(10,2) NOT NULL DEFAULT '0', `pdfUrl` VARCHAR(500), `status` TEXT NOT NULL DEFAULT 'draft', `dueDate` DATE, `notes` TEXT, `createdAt` DATETIME NOT NULL, `updatedAt` DATETIME NOT NULL);
Executing (default): INSERT INTO `Invoices_backup` SELECT `id`, `diaryId`, `projectId`, `clientId`, `invoiceType`, `invoiceNumber`, `invoiceData`, `totalAmount`, `pdfUrl`, `status`, `dueDate`, `notes`, `createdAt`, `updatedAt` FROM `Invoices`;
Executing (default): DROP TABLE `Invoices`;
Executing (default): CREATE TABLE IF NOT EXISTS `Invoices` (`id` CHAR(36) UNIQUE PRIMARY KEY, `diaryId` UUID REFERENCES `Diaries` (`id`), `projectId` UUID REFERENCES `Projects` (`id`), `clientId` UUID REFERENCES `Clients` (`id`), `invoiceType` TEXT NOT NULL DEFAULT 'customer', `invoiceNumber` VARCHAR(50), `invoiceData` JSON NOT NULL, `totalAmount` DECIMAL(10,2) NOT NULL DEFAULT '0', `pdfUrl` VARCHAR(500), `status` TEXT NOT NULL DEFAULT 'draft', `dueDate` DATE, `notes` TEXT, `createdAt` DATETIME NOT NULL, `updatedAt` DATETIME NOT NULL);
Executing (default): INSERT INTO `Invoices` SELECT `id`, `diaryId`, `projectId`, `clientId`, `invoiceType`, `invoiceNumber`, `invoiceData`, `totalAmount`, `pdfUrl`, `status`, `dueDate`, `notes`, `createdAt`, `updatedAt` FROM `Invoices_backup`;
Executing (default): DROP TABLE `Invoices_backup`;
Executing (default): PRAGMA TABLE_INFO(`Invoices`);
Executing (default): PRAGMA INDEX_LIST(`Invoices`)
Executing (default): PRAGMA INDEX_INFO(`sqlite_autoindex_Invoices_1`)
Executing (default): PRAGMA foreign_key_list(`Invoices`)
Executing (default): CREATE TABLE IF NOT EXISTS `Invoices_backup` (`id` CHAR(36) UNIQUE PRIMARY KEY, `diaryId` UUID REFERENCES `Diaries` (`id`), `projectId` UUID REFERENCES `Projects` (`id`), `clientId` UUID REFERENCES `Clients` (`id`), `invoiceType` TEXT NOT NULL DEFAULT 'customer', `invoiceNumber` VARCHAR(50), `invoiceData` JSON NOT NULL, `totalAmount` DECIMAL(10,2) NOT NULL DEFAULT '0', `pdfUrl` VARCHAR(500), `status` TEXT NOT NULL DEFAULT 'draft', `dueDate` DATE, `notes` TEXT, `createdAt` DATETIME NOT NULL, `updatedAt` DATETIME NOT NULL);
Executing (default): INSERT INTO `Invoices_backup` SELECT `id`, `diaryId`, `projectId`, `clientId`, `invoiceType`, `invoiceNumber`, `invoiceData`, `totalAmount`, `pdfUrl`, `status`, `dueDate`, `notes`, `createdAt`, `updatedAt` FROM `Invoices`;
Executing (default): DROP TABLE `Invoices`;
Executing (default): CREATE TABLE IF NOT EXISTS `Invoices` (`id` CHAR(36) UNIQUE PRIMARY KEY, `diaryId` UUID REFERENCES `Diaries` (`id`), `projectId` UUID REFERENCES `Projects` (`id`), `clientId` UUID REFERENCES `Clients` (`id`), `invoiceType` TEXT NOT NULL DEFAULT 'customer', `invoiceNumber` VARCHAR(50), `invoiceData` JSON NOT NULL, `totalAmount` DECIMAL(10,2) NOT NULL DEFAULT '0', `pdfUrl` VARCHAR(500), `status` TEXT NOT NULL DEFAULT 'draft', `dueDate` DATE, `notes` TEXT, `createdAt` DATETIME NOT NULL, `updatedAt` DATETIME NOT NULL);
Executing (default): INSERT INTO `Invoices` SELECT `id`, `diaryId`, `projectId`, `clientId`, `invoiceType`, `invoiceNumber`, `invoiceData`, `totalAmount`, `pdfUrl`, `status`, `dueDate`, `notes`, `createdAt`, `updatedAt` FROM `Invoices_backup`;
Executing (default): DROP TABLE `Invoices_backup`;
Executing (default): PRAGMA TABLE_INFO(`Invoices`);
Executing (default): PRAGMA INDEX_LIST(`Invoices`)
Executing (default): PRAGMA INDEX_INFO(`sqlite_autoindex_Invoices_1`)
Executing (default): PRAGMA foreign_key_list(`Invoices`)
Executing (default): CREATE TABLE IF NOT EXISTS `Invoices_backup` (`id` CHAR(36) UNIQUE PRIMARY KEY, `diaryId` UUID REFERENCES `Diaries` (`id`), `projectId` UUID REFERENCES `Projects` (`id`), `clientId` UUID REFERENCES `Clients` (`id`), `invoiceType` TEXT NOT NULL DEFAULT 'customer', `invoiceNumber` VARCHAR(50), `invoiceData` JSON NOT NULL, `totalAmount` DECIMAL(10,2) NOT NULL DEFAULT '0', `pdfUrl` VARCHAR(500), `status` TEXT NOT NULL DEFAULT 'draft', `dueDate` DATE, `notes` TEXT, `createdAt` DATETIME NOT NULL, `updatedAt` DATETIME NOT NULL);
Executing (default): INSERT INTO `Invoices_backup` SELECT `id`, `diaryId`, `projectId`, `clientId`, `invoiceType`, `invoiceNumber`, `invoiceData`, `totalAmount`, `pdfUrl`, `status`, `dueDate`, `notes`, `createdAt`, `updatedAt` FROM `Invoices`;
Executing (default): DROP TABLE `Invoices`;
Executing (default): CREATE TABLE IF NOT EXISTS `Invoices` (`id` CHAR(36) UNIQUE PRIMARY KEY, `diaryId` UUID REFERENCES `Diaries` (`id`), `projectId` UUID REFERENCES `Projects` (`id`), `clientId` UUID REFERENCES `Clients` (`id`), `invoiceType` TEXT NOT NULL DEFAULT 'customer', `invoiceNumber` VARCHAR(50), `invoiceData` JSON NOT NULL, `totalAmount` DECIMAL(10,2) NOT NULL DEFAULT '0', `pdfUrl` VARCHAR(500), `status` TEXT NOT NULL DEFAULT 'draft', `dueDate` DATE, `notes` TEXT, `createdAt` DATETIME NOT NULL, `updatedAt` DATETIME NOT NULL);
Executing (default): INSERT INTO `Invoices` SELECT `id`, `diaryId`, `projectId`, `clientId`, `invoiceType`, `invoiceNumber`, `invoiceData`, `totalAmount`, `pdfUrl`, `status`, `dueDate`, `notes`, `createdAt`, `updatedAt` FROM `Invoices_backup`;
Executing (default): DROP TABLE `Invoices_backup`;
Executing (default): PRAGMA TABLE_INFO(`Invoices`);
Executing (default): PRAGMA INDEX_LIST(`Invoices`)
Executing (default): PRAGMA INDEX_INFO(`sqlite_autoindex_Invoices_1`)
Executing (default): PRAGMA foreign_key_list(`Invoices`)
Executing (default): CREATE TABLE IF NOT EXISTS `Invoices_backup` (`id` CHAR(36) UNIQUE PRIMARY KEY, `diaryId` UUID REFERENCES `Diaries` (`id`), `projectId` UUID REFERENCES `Projects` (`id`), `clientId` UUID REFERENCES `Clients` (`id`), `invoiceType` TEXT NOT NULL DEFAULT 'customer', `invoiceNumber` VARCHAR(50), `invoiceData` JSON NOT NULL, `totalAmount` DECIMAL(10,2) NOT NULL DEFAULT '0', `pdfUrl` VARCHAR(500), `status` TEXT NOT NULL DEFAULT 'draft', `dueDate` DATE, `notes` TEXT, `createdAt` DATETIME NOT NULL, `updatedAt` DATETIME NOT NULL);
Executing (default): INSERT INTO `Invoices_backup` SELECT `id`, `diaryId`, `projectId`, `clientId`, `invoiceType`, `invoiceNumber`, `invoiceData`, `totalAmount`, `pdfUrl`, `status`, `dueDate`, `notes`, `createdAt`, `updatedAt` FROM `Invoices`;
Executing (default): DROP TABLE `Invoices`;
Executing (default): CREATE TABLE IF NOT EXISTS `Invoices` (`id` CHAR(36) UNIQUE PRIMARY KEY, `diaryId` UUID REFERENCES `Diaries` (`id`), `projectId` UUID REFERENCES `Projects` (`id`), `clientId` UUID REFERENCES `Clients` (`id`), `invoiceType` TEXT NOT NULL DEFAULT 'customer', `invoiceNumber` VARCHAR(50), `invoiceData` JSON NOT NULL, `totalAmount` DECIMAL(10,2) NOT NULL DEFAULT '0', `pdfUrl` VARCHAR(500), `status` TEXT NOT NULL DEFAULT 'draft', `dueDate` DATE, `notes` TEXT, `createdAt` DATETIME NOT NULL, `updatedAt` DATETIME NOT NULL);
Executing (default): INSERT INTO `Invoices` SELECT `id`, `diaryId`, `projectId`, `clientId`, `invoiceType`, `invoiceNumber`, `invoiceData`, `totalAmount`, `pdfUrl`, `status`, `dueDate`, `notes`, `createdAt`, `updatedAt` FROM `Invoices_backup`;
Executing (default): DROP TABLE `Invoices_backup`;
Executing (default): PRAGMA TABLE_INFO(`Invoices`);
Executing (default): PRAGMA INDEX_LIST(`Invoices`)
Executing (default): PRAGMA INDEX_INFO(`sqlite_autoindex_Invoices_1`)
Executing (default): PRAGMA foreign_key_list(`Invoices`)
Executing (default): CREATE TABLE IF NOT EXISTS `Invoices_backup` (`id` CHAR(36) UNIQUE PRIMARY KEY, `diaryId` UUID REFERENCES `Diaries` (`id`), `projectId` UUID REFERENCES `Projects` (`id`), `clientId` UUID REFERENCES `Clients` (`id`), `invoiceType` TEXT NOT NULL DEFAULT 'customer', `invoiceNumber` VARCHAR(50), `invoiceData` JSON NOT NULL, `totalAmount` DECIMAL(10,2) NOT NULL DEFAULT '0', `pdfUrl` VARCHAR(500), `status` TEXT NOT NULL DEFAULT 'draft', `dueDate` DATE, `notes` TEXT, `createdAt` DATETIME NOT NULL, `updatedAt` DATETIME NOT NULL);
Executing (default): INSERT INTO `Invoices_backup` SELECT `id`, `diaryId`, `projectId`, `clientId`, `invoiceType`, `invoiceNumber`, `invoiceData`, `totalAmount`, `pdfUrl`, `status`, `dueDate`, `notes`, `createdAt`, `updatedAt` FROM `Invoices`;
Executing (default): DROP TABLE `Invoices`;
Executing (default): CREATE TABLE IF NOT EXISTS `Invoices` (`id` CHAR(36) UNIQUE PRIMARY KEY, `diaryId` UUID REFERENCES `Diaries` (`id`), `projectId` UUID REFERENCES `Projects` (`id`), `clientId` UUID REFERENCES `Clients` (`id`), `invoiceType` TEXT NOT NULL DEFAULT 'customer', `invoiceNumber` VARCHAR(50), `invoiceData` JSON NOT NULL, `totalAmount` DECIMAL(10,2) NOT NULL DEFAULT '0', `pdfUrl` VARCHAR(500), `status` TEXT NOT NULL DEFAULT 'draft', `dueDate` DATE, `notes` TEXT, `createdAt` DATETIME NOT NULL, `updatedAt` DATETIME NOT NULL);
Executing (default): INSERT INTO `Invoices` SELECT `id`, `diaryId`, `projectId`, `clientId`, `invoiceType`, `invoiceNumber`, `invoiceData`, `totalAmount`, `pdfUrl`, `status`, `dueDate`, `notes`, `createdAt`, `updatedAt` FROM `Invoices_backup`;
Executing (default): DROP TABLE `Invoices_backup`;
Executing (default): PRAGMA INDEX_LIST(`Invoices`)
Executing (default): PRAGMA INDEX_INFO(`sqlite_autoindex_Invoices_1`)
Executing (default): SELECT name FROM sqlite_master WHERE type='table' AND name='Jobs';
Executing (default): PRAGMA TABLE_INFO(`Jobs`);
Executing (default): PRAGMA foreign_key_list(`Jobs`)
Executing (default): PRAGMA INDEX_LIST(`Jobs`)
Executing (default): PRAGMA INDEX_INFO(`sqlite_autoindex_Jobs_1`)
Executing (default): PRAGMA foreign_key_list(`Jobs`)
Executing (default): PRAGMA TABLE_INFO(`Jobs`);
Executing (default): PRAGMA INDEX_LIST(`Jobs`)
Executing (default): PRAGMA INDEX_INFO(`sqlite_autoindex_Jobs_1`)
Executing (default): PRAGMA foreign_key_list(`Jobs`)
Executing (default): CREATE TABLE IF NOT EXISTS `Jobs_backup` (`id` CHAR(36) UNIQUE PRIMARY KEY, `jobNumber` VARCHAR(255) NOT NULL, `clientName` VARCHAR(255) NOT NULL, `clientId` UUID REFERENCES `Clients` (`id`), `projectId` UUID REFERENCES `Projects` (`id`), `serviceType` VARCHAR(255), `wasteType` VARCHAR(255), `pricingType` TEXT DEFAULT 'flat', `rate` DECIMAL(10,2) DEFAULT '0', `hours` DECIMAL(10,2) DEFAULT '0', `cost` DECIMAL(10,2) DEFAULT '0', `status` TEXT DEFAULT 'pending', `date` DATE NOT NULL, `resourceId` VARCHAR(255), `notes` TEXT, `createdAt` DATETIME NOT NULL, `updatedAt` DATETIME NOT NULL);
Executing (default): INSERT INTO `Jobs_backup` SELECT `id`, `jobNumber`, `clientName`, `clientId`, `projectId`, `serviceType`, `wasteType`, `pricingType`, `rate`, `hours`, `cost`, `status`, `date`, `resourceId`, `notes`, `createdAt`, `updatedAt` FROM `Jobs`;
Executing (default): DROP TABLE `Jobs`;
Executing (default): CREATE TABLE IF NOT EXISTS `Jobs` (`id` CHAR(36) UNIQUE PRIMARY KEY, `jobNumber` VARCHAR(255) NOT NULL, `clientName` VARCHAR(255) NOT NULL, `clientId` UUID REFERENCES `Clients` (`id`), `projectId` UUID REFERENCES `Projects` (`id`), `serviceType` VARCHAR(255), `wasteType` VARCHAR(255), `pricingType` TEXT DEFAULT 'flat', `rate` DECIMAL(10,2) DEFAULT '0', `hours` DECIMAL(10,2) DEFAULT '0', `cost` DECIMAL(10,2) DEFAULT '0', `status` TEXT DEFAULT 'pending', `date` DATE NOT NULL, `resourceId` VARCHAR(255), `notes` TEXT, `createdAt` DATETIME NOT NULL, `updatedAt` DATETIME NOT NULL);
Executing (default): INSERT INTO `Jobs` SELECT `id`, `jobNumber`, `clientName`, `clientId`, `projectId`, `serviceType`, `wasteType`, `pricingType`, `rate`, `hours`, `cost`, `status`, `date`, `resourceId`, `notes`, `createdAt`, `updatedAt` FROM `Jobs_backup`;
Executing (default): DROP TABLE `Jobs_backup`;
Executing (default): PRAGMA TABLE_INFO(`Jobs`);
Executing (default): PRAGMA INDEX_LIST(`Jobs`)
Executing (default): PRAGMA INDEX_INFO(`sqlite_autoindex_Jobs_1`)
Executing (default): PRAGMA foreign_key_list(`Jobs`)
Executing (default): CREATE TABLE IF NOT EXISTS `Jobs_backup` (`id` CHAR(36) UNIQUE PRIMARY KEY, `jobNumber` VARCHAR(255) NOT NULL, `clientName` VARCHAR(255) NOT NULL, `clientId` UUID REFERENCES `Clients` (`id`), `projectId` UUID REFERENCES `Projects` (`id`), `serviceType` VARCHAR(255), `wasteType` VARCHAR(255), `pricingType` TEXT DEFAULT 'flat', `rate` DECIMAL(10,2) DEFAULT '0', `hours` DECIMAL(10,2) DEFAULT '0', `cost` DECIMAL(10,2) DEFAULT '0', `status` TEXT DEFAULT 'pending', `date` DATE NOT NULL, `resourceId` VARCHAR(255), `notes` TEXT, `createdAt` DATETIME NOT NULL, `updatedAt` DATETIME NOT NULL);
Executing (default): INSERT INTO `Jobs_backup` SELECT `id`, `jobNumber`, `clientName`, `clientId`, `projectId`, `serviceType`, `wasteType`, `pricingType`, `rate`, `hours`, `cost`, `status`, `date`, `resourceId`, `notes`, `createdAt`, `updatedAt` FROM `Jobs`;
Executing (default): DROP TABLE `Jobs`;
Executing (default): CREATE TABLE IF NOT EXISTS `Jobs` (`id` CHAR(36) UNIQUE PRIMARY KEY, `jobNumber` VARCHAR(255) NOT NULL, `clientName` VARCHAR(255) NOT NULL, `clientId` UUID REFERENCES `Clients` (`id`), `projectId` UUID REFERENCES `Projects` (`id`), `serviceType` VARCHAR(255), `wasteType` VARCHAR(255), `pricingType` TEXT DEFAULT 'flat', `rate` DECIMAL(10,2) DEFAULT '0', `hours` DECIMAL(10,2) DEFAULT '0', `cost` DECIMAL(10,2) DEFAULT '0', `status` TEXT DEFAULT 'pending', `date` DATE NOT NULL, `resourceId` VARCHAR(255), `notes` TEXT, `createdAt` DATETIME NOT NULL, `updatedAt` DATETIME NOT NULL);
Executing (default): INSERT INTO `Jobs` SELECT `id`, `jobNumber`, `clientName`, `clientId`, `projectId`, `serviceType`, `wasteType`, `pricingType`, `rate`, `hours`, `cost`, `status`, `date`, `resourceId`, `notes`, `createdAt`, `updatedAt` FROM `Jobs_backup`;
Executing (default): DROP TABLE `Jobs_backup`;
Executing (default): PRAGMA TABLE_INFO(`Jobs`);
Executing (default): PRAGMA INDEX_LIST(`Jobs`)
Executing (default): PRAGMA INDEX_INFO(`sqlite_autoindex_Jobs_1`)
Executing (default): PRAGMA foreign_key_list(`Jobs`)
Executing (default): CREATE TABLE IF NOT EXISTS `Jobs_backup` (`id` CHAR(36) UNIQUE PRIMARY KEY, `jobNumber` VARCHAR(255) NOT NULL, `clientName` VARCHAR(255) NOT NULL, `clientId` UUID REFERENCES `Clients` (`id`) ON DELETE SET NULL ON UPDATE CASCADE, `projectId` UUID REFERENCES `Projects` (`id`), `serviceType` VARCHAR(255), `wasteType` VARCHAR(255), `pricingType` TEXT DEFAULT 'flat', `rate` DECIMAL(10,2) DEFAULT '0', `hours` DECIMAL(10,2) DEFAULT '0', `cost` DECIMAL(10,2) DEFAULT '0', `status` TEXT DEFAULT 'pending', `date` DATE NOT NULL, `resourceId` VARCHAR(255), `notes` TEXT, `createdAt` DATETIME NOT NULL, `updatedAt` DATETIME NOT NULL);
Executing (default): INSERT INTO `Jobs_backup` SELECT `id`, `jobNumber`, `clientName`, `clientId`, `projectId`, `serviceType`, `wasteType`, `pricingType`, `rate`, `hours`, `cost`, `status`, `date`, `resourceId`, `notes`, `createdAt`, `updatedAt` FROM `Jobs`;
Executing (default): DROP TABLE `Jobs`;
Executing (default): CREATE TABLE IF NOT EXISTS `Jobs` (`id` CHAR(36) UNIQUE PRIMARY KEY, `jobNumber` VARCHAR(255) NOT NULL, `clientName` VARCHAR(255) NOT NULL, `clientId` UUID REFERENCES `Clients` (`id`) ON DELETE SET NULL ON UPDATE CASCADE, `projectId` UUID REFERENCES `Projects` (`id`), `serviceType` VARCHAR(255), `wasteType` VARCHAR(255), `pricingType` TEXT DEFAULT 'flat', `rate` DECIMAL(10,2) DEFAULT '0', `hours` DECIMAL(10,2) DEFAULT '0', `cost` DECIMAL(10,2) DEFAULT '0', `status` TEXT DEFAULT 'pending', `date` DATE NOT NULL, `resourceId` VARCHAR(255), `notes` TEXT, `createdAt` DATETIME NOT NULL, `updatedAt` DATETIME NOT NULL);
Executing (default): INSERT INTO `Jobs` SELECT `id`, `jobNumber`, `clientName`, `clientId`, `projectId`, `serviceType`, `wasteType`, `pricingType`, `rate`, `hours`, `cost`, `status`, `date`, `resourceId`, `notes`, `createdAt`, `updatedAt` FROM `Jobs_backup`;
Executing (default): DROP TABLE `Jobs_backup`;
Executing (default): PRAGMA TABLE_INFO(`Jobs`);
Executing (default): PRAGMA INDEX_LIST(`Jobs`)
Executing (default): PRAGMA INDEX_INFO(`sqlite_autoindex_Jobs_1`)
Executing (default): PRAGMA foreign_key_list(`Jobs`)
Executing (default): CREATE TABLE IF NOT EXISTS `Jobs_backup` (`id` CHAR(36) UNIQUE PRIMARY KEY, `jobNumber` VARCHAR(255) NOT NULL, `clientName` VARCHAR(255) NOT NULL, `clientId` UUID REFERENCES `Clients` (`id`), `projectId` UUID REFERENCES `Projects` (`id`) ON DELETE SET NULL ON UPDATE CASCADE, `serviceType` VARCHAR(255), `wasteType` VARCHAR(255), `pricingType` TEXT DEFAULT 'flat', `rate` DECIMAL(10,2) DEFAULT '0', `hours` DECIMAL(10,2) DEFAULT '0', `cost` DECIMAL(10,2) DEFAULT '0', `status` TEXT DEFAULT 'pending', `date` DATE NOT NULL, `resourceId` VARCHAR(255), `notes` TEXT, `createdAt` DATETIME NOT NULL, `updatedAt` DATETIME NOT NULL);
Executing (default): INSERT INTO `Jobs_backup` SELECT `id`, `jobNumber`, `clientName`, `clientId`, `projectId`, `serviceType`, `wasteType`, `pricingType`, `rate`, `hours`, `cost`, `status`, `date`, `resourceId`, `notes`, `createdAt`, `updatedAt` FROM `Jobs`;
Executing (default): DROP TABLE `Jobs`;
Executing (default): CREATE TABLE IF NOT EXISTS `Jobs` (`id` CHAR(36) UNIQUE PRIMARY KEY, `jobNumber` VARCHAR(255) NOT NULL, `clientName` VARCHAR(255) NOT NULL, `clientId` UUID REFERENCES `Clients` (`id`), `projectId` UUID REFERENCES `Projects` (`id`) ON DELETE SET NULL ON UPDATE CASCADE, `serviceType` VARCHAR(255), `wasteType` VARCHAR(255), `pricingType` TEXT DEFAULT 'flat', `rate` DECIMAL(10,2) DEFAULT '0', `hours` DECIMAL(10,2) DEFAULT '0', `cost` DECIMAL(10,2) DEFAULT '0', `status` TEXT DEFAULT 'pending', `date` DATE NOT NULL, `resourceId` VARCHAR(255), `notes` TEXT, `createdAt` DATETIME NOT NULL, `updatedAt` DATETIME NOT NULL);
Executing (default): INSERT INTO `Jobs` SELECT `id`, `jobNumber`, `clientName`, `clientId`, `projectId`, `serviceType`, `wasteType`, `pricingType`, `rate`, `hours`, `cost`, `status`, `date`, `resourceId`, `notes`, `createdAt`, `updatedAt` FROM `Jobs_backup`;
Executing (default): DROP TABLE `Jobs_backup`;
Executing (default): PRAGMA TABLE_INFO(`Jobs`);
Executing (default): PRAGMA INDEX_LIST(`Jobs`)
Executing (default): PRAGMA INDEX_INFO(`sqlite_autoindex_Jobs_1`)
Executing (default): PRAGMA foreign_key_list(`Jobs`)
Executing (default): CREATE TABLE IF NOT EXISTS `Jobs_backup` (`id` CHAR(36) UNIQUE PRIMARY KEY, `jobNumber` VARCHAR(255) NOT NULL, `clientName` VARCHAR(255) NOT NULL, `clientId` UUID REFERENCES `Clients` (`id`), `projectId` UUID REFERENCES `Projects` (`id`), `serviceType` VARCHAR(255), `wasteType` VARCHAR(255), `pricingType` TEXT DEFAULT 'flat', `rate` DECIMAL(10,2) DEFAULT '0', `hours` DECIMAL(10,2) DEFAULT '0', `cost` DECIMAL(10,2) DEFAULT '0', `status` TEXT DEFAULT 'pending', `date` DATE NOT NULL, `resourceId` VARCHAR(255), `notes` TEXT, `createdAt` DATETIME NOT NULL, `updatedAt` DATETIME NOT NULL);
Executing (default): INSERT INTO `Jobs_backup` SELECT `id`, `jobNumber`, `clientName`, `clientId`, `projectId`, `serviceType`, `wasteType`, `pricingType`, `rate`, `hours`, `cost`, `status`, `date`, `resourceId`, `notes`, `createdAt`, `updatedAt` FROM `Jobs`;
Executing (default): DROP TABLE `Jobs`;
Executing (default): CREATE TABLE IF NOT EXISTS `Jobs` (`id` CHAR(36) UNIQUE PRIMARY KEY, `jobNumber` VARCHAR(255) NOT NULL, `clientName` VARCHAR(255) NOT NULL, `clientId` UUID REFERENCES `Clients` (`id`), `projectId` UUID REFERENCES `Projects` (`id`), `serviceType` VARCHAR(255), `wasteType` VARCHAR(255), `pricingType` TEXT DEFAULT 'flat', `rate` DECIMAL(10,2) DEFAULT '0', `hours` DECIMAL(10,2) DEFAULT '0', `cost` DECIMAL(10,2) DEFAULT '0', `status` TEXT DEFAULT 'pending', `date` DATE NOT NULL, `resourceId` VARCHAR(255), `notes` TEXT, `createdAt` DATETIME NOT NULL, `updatedAt` DATETIME NOT NULL);
Executing (default): INSERT INTO `Jobs` SELECT `id`, `jobNumber`, `clientName`, `clientId`, `projectId`, `serviceType`, `wasteType`, `pricingType`, `rate`, `hours`, `cost`, `status`, `date`, `resourceId`, `notes`, `createdAt`, `updatedAt` FROM `Jobs_backup`;
Executing (default): DROP TABLE `Jobs_backup`;
Executing (default): PRAGMA TABLE_INFO(`Jobs`);
Executing (default): PRAGMA INDEX_LIST(`Jobs`)
Executing (default): PRAGMA INDEX_INFO(`sqlite_autoindex_Jobs_1`)
Executing (default): PRAGMA foreign_key_list(`Jobs`)
Executing (default): CREATE TABLE IF NOT EXISTS `Jobs_backup` (`id` CHAR(36) UNIQUE PRIMARY KEY, `jobNumber` VARCHAR(255) NOT NULL, `clientName` VARCHAR(255) NOT NULL, `clientId` UUID REFERENCES `Clients` (`id`), `projectId` UUID REFERENCES `Projects` (`id`), `serviceType` VARCHAR(255), `wasteType` VARCHAR(255), `pricingType` TEXT DEFAULT 'flat', `rate` DECIMAL(10,2) DEFAULT '0', `hours` DECIMAL(10,2) DEFAULT '0', `cost` DECIMAL(10,2) DEFAULT '0', `status` TEXT DEFAULT 'pending', `date` DATE NOT NULL, `resourceId` VARCHAR(255), `notes` TEXT, `createdAt` DATETIME NOT NULL, `updatedAt` DATETIME NOT NULL);
Executing (default): INSERT INTO `Jobs_backup` SELECT `id`, `jobNumber`, `clientName`, `clientId`, `projectId`, `serviceType`, `wasteType`, `pricingType`, `rate`, `hours`, `cost`, `status`, `date`, `resourceId`, `notes`, `createdAt`, `updatedAt` FROM `Jobs`;
Executing (default): DROP TABLE `Jobs`;
Executing (default): CREATE TABLE IF NOT EXISTS `Jobs` (`id` CHAR(36) UNIQUE PRIMARY KEY, `jobNumber` VARCHAR(255) NOT NULL, `clientName` VARCHAR(255) NOT NULL, `clientId` UUID REFERENCES `Clients` (`id`), `projectId` UUID REFERENCES `Projects` (`id`), `serviceType` VARCHAR(255), `wasteType` VARCHAR(255), `pricingType` TEXT DEFAULT 'flat', `rate` DECIMAL(10,2) DEFAULT '0', `hours` DECIMAL(10,2) DEFAULT '0', `cost` DECIMAL(10,2) DEFAULT '0', `status` TEXT DEFAULT 'pending', `date` DATE NOT NULL, `resourceId` VARCHAR(255), `notes` TEXT, `createdAt` DATETIME NOT NULL, `updatedAt` DATETIME NOT NULL);
Executing (default): INSERT INTO `Jobs` SELECT `id`, `jobNumber`, `clientName`, `clientId`, `projectId`, `serviceType`, `wasteType`, `pricingType`, `rate`, `hours`, `cost`, `status`, `date`, `resourceId`, `notes`, `createdAt`, `updatedAt` FROM `Jobs_backup`;
Executing (default): DROP TABLE `Jobs_backup`;
Executing (default): PRAGMA TABLE_INFO(`Jobs`);
Executing (default): PRAGMA INDEX_LIST(`Jobs`)
Executing (default): PRAGMA INDEX_INFO(`sqlite_autoindex_Jobs_1`)
Executing (default): PRAGMA foreign_key_list(`Jobs`)
Executing (default): CREATE TABLE IF NOT EXISTS `Jobs_backup` (`id` CHAR(36) UNIQUE PRIMARY KEY, `jobNumber` VARCHAR(255) NOT NULL, `clientName` VARCHAR(255) NOT NULL, `clientId` UUID REFERENCES `Clients` (`id`), `projectId` UUID REFERENCES `Projects` (`id`), `serviceType` VARCHAR(255), `wasteType` VARCHAR(255), `pricingType` TEXT DEFAULT 'flat', `rate` DECIMAL(10,2) DEFAULT '0', `hours` DECIMAL(10,2) DEFAULT '0', `cost` DECIMAL(10,2) DEFAULT '0', `status` TEXT DEFAULT 'pending', `date` DATE NOT NULL, `resourceId` VARCHAR(255), `notes` TEXT, `createdAt` DATETIME NOT NULL, `updatedAt` DATETIME NOT NULL);
Executing (default): INSERT INTO `Jobs_backup` SELECT `id`, `jobNumber`, `clientName`, `clientId`, `projectId`, `serviceType`, `wasteType`, `pricingType`, `rate`, `hours`, `cost`, `status`, `date`, `resourceId`, `notes`, `createdAt`, `updatedAt` FROM `Jobs`;
Executing (default): DROP TABLE `Jobs`;
Executing (default): CREATE TABLE IF NOT EXISTS `Jobs` (`id` CHAR(36) UNIQUE PRIMARY KEY, `jobNumber` VARCHAR(255) NOT NULL, `clientName` VARCHAR(255) NOT NULL, `clientId` UUID REFERENCES `Clients` (`id`), `projectId` UUID REFERENCES `Projects` (`id`), `serviceType` VARCHAR(255), `wasteType` VARCHAR(255), `pricingType` TEXT DEFAULT 'flat', `rate` DECIMAL(10,2) DEFAULT '0', `hours` DECIMAL(10,2) DEFAULT '0', `cost` DECIMAL(10,2) DEFAULT '0', `status` TEXT DEFAULT 'pending', `date` DATE NOT NULL, `resourceId` VARCHAR(255), `notes` TEXT, `createdAt` DATETIME NOT NULL, `updatedAt` DATETIME NOT NULL);
Executing (default): INSERT INTO `Jobs` SELECT `id`, `jobNumber`, `clientName`, `clientId`, `projectId`, `serviceType`, `wasteType`, `pricingType`, `rate`, `hours`, `cost`, `status`, `date`, `resourceId`, `notes`, `createdAt`, `updatedAt` FROM `Jobs_backup`;
Executing (default): DROP TABLE `Jobs_backup`;
Executing (default): PRAGMA TABLE_INFO(`Jobs`);
Executing (default): PRAGMA INDEX_LIST(`Jobs`)
Executing (default): PRAGMA INDEX_INFO(`sqlite_autoindex_Jobs_1`)
Executing (default): PRAGMA foreign_key_list(`Jobs`)
Executing (default): CREATE TABLE IF NOT EXISTS `Jobs_backup` (`id` CHAR(36) UNIQUE PRIMARY KEY, `jobNumber` VARCHAR(255) NOT NULL, `clientName` VARCHAR(255) NOT NULL, `clientId` UUID REFERENCES `Clients` (`id`), `projectId` UUID REFERENCES `Projects` (`id`), `serviceType` VARCHAR(255), `wasteType` VARCHAR(255), `pricingType` TEXT DEFAULT 'flat', `rate` DECIMAL(10,2) DEFAULT 0, `hours` DECIMAL(10,2) DEFAULT '0', `cost` DECIMAL(10,2) DEFAULT '0', `status` TEXT DEFAULT 'pending', `date` DATE NOT NULL, `resourceId` VARCHAR(255), `notes` TEXT, `createdAt` DATETIME NOT NULL, `updatedAt` DATETIME NOT NULL);
Executing (default): INSERT INTO `Jobs_backup` SELECT `id`, `jobNumber`, `clientName`, `clientId`, `projectId`, `serviceType`, `wasteType`, `pricingType`, `rate`, `hours`, `cost`, `status`, `date`, `resourceId`, `notes`, `createdAt`, `updatedAt` FROM `Jobs`;
Executing (default): DROP TABLE `Jobs`;
Executing (default): CREATE TABLE IF NOT EXISTS `Jobs` (`id` CHAR(36) UNIQUE PRIMARY KEY, `jobNumber` VARCHAR(255) NOT NULL, `clientName` VARCHAR(255) NOT NULL, `clientId` UUID REFERENCES `Clients` (`id`), `projectId` UUID REFERENCES `Projects` (`id`), `serviceType` VARCHAR(255), `wasteType` VARCHAR(255), `pricingType` TEXT DEFAULT 'flat', `rate` DECIMAL(10,2) DEFAULT 0, `hours` DECIMAL(10,2) DEFAULT '0', `cost` DECIMAL(10,2) DEFAULT '0', `status` TEXT DEFAULT 'pending', `date` DATE NOT NULL, `resourceId` VARCHAR(255), `notes` TEXT, `createdAt` DATETIME NOT NULL, `updatedAt` DATETIME NOT NULL);
Executing (default): INSERT INTO `Jobs` SELECT `id`, `jobNumber`, `clientName`, `clientId`, `projectId`, `serviceType`, `wasteType`, `pricingType`, `rate`, `hours`, `cost`, `status`, `date`, `resourceId`, `notes`, `createdAt`, `updatedAt` FROM `Jobs_backup`;
Executing (default): DROP TABLE `Jobs_backup`;
Executing (default): PRAGMA TABLE_INFO(`Jobs`);
Executing (default): PRAGMA INDEX_LIST(`Jobs`)
Executing (default): PRAGMA INDEX_INFO(`sqlite_autoindex_Jobs_1`)
Executing (default): PRAGMA foreign_key_list(`Jobs`)
Executing (default): CREATE TABLE IF NOT EXISTS `Jobs_backup` (`id` CHAR(36) UNIQUE PRIMARY KEY, `jobNumber` VARCHAR(255) NOT NULL, `clientName` VARCHAR(255) NOT NULL, `clientId` UUID REFERENCES `Clients` (`id`), `projectId` UUID REFERENCES `Projects` (`id`), `serviceType` VARCHAR(255), `wasteType` VARCHAR(255), `pricingType` TEXT DEFAULT 'flat', `rate` DECIMAL(10,2) DEFAULT '0', `hours` DECIMAL(10,2) DEFAULT 0, `cost` DECIMAL(10,2) DEFAULT '0', `status` TEXT DEFAULT 'pending', `date` DATE NOT NULL, `resourceId` VARCHAR(255), `notes` TEXT, `createdAt` DATETIME NOT NULL, `updatedAt` DATETIME NOT NULL);
Executing (default): INSERT INTO `Jobs_backup` SELECT `id`, `jobNumber`, `clientName`, `clientId`, `projectId`, `serviceType`, `wasteType`, `pricingType`, `rate`, `hours`, `cost`, `status`, `date`, `resourceId`, `notes`, `createdAt`, `updatedAt` FROM `Jobs`;
Executing (default): DROP TABLE `Jobs`;
Executing (default): CREATE TABLE IF NOT EXISTS `Jobs` (`id` CHAR(36) UNIQUE PRIMARY KEY, `jobNumber` VARCHAR(255) NOT NULL, `clientName` VARCHAR(255) NOT NULL, `clientId` UUID REFERENCES `Clients` (`id`), `projectId` UUID REFERENCES `Projects` (`id`), `serviceType` VARCHAR(255), `wasteType` VARCHAR(255), `pricingType` TEXT DEFAULT 'flat', `rate` DECIMAL(10,2) DEFAULT '0', `hours` DECIMAL(10,2) DEFAULT 0, `cost` DECIMAL(10,2) DEFAULT '0', `status` TEXT DEFAULT 'pending', `date` DATE NOT NULL, `resourceId` VARCHAR(255), `notes` TEXT, `createdAt` DATETIME NOT NULL, `updatedAt` DATETIME NOT NULL);
Executing (default): INSERT INTO `Jobs` SELECT `id`, `jobNumber`, `clientName`, `clientId`, `projectId`, `serviceType`, `wasteType`, `pricingType`, `rate`, `hours`, `cost`, `status`, `date`, `resourceId`, `notes`, `createdAt`, `updatedAt` FROM `Jobs_backup`;
Executing (default): DROP TABLE `Jobs_backup`;
Executing (default): PRAGMA TABLE_INFO(`Jobs`);
Executing (default): PRAGMA INDEX_LIST(`Jobs`)
Executing (default): PRAGMA INDEX_INFO(`sqlite_autoindex_Jobs_1`)
Executing (default): PRAGMA foreign_key_list(`Jobs`)
Executing (default): CREATE TABLE IF NOT EXISTS `Jobs_backup` (`id` CHAR(36) UNIQUE PRIMARY KEY, `jobNumber` VARCHAR(255) NOT NULL, `clientName` VARCHAR(255) NOT NULL, `clientId` UUID REFERENCES `Clients` (`id`), `projectId` UUID REFERENCES `Projects` (`id`), `serviceType` VARCHAR(255), `wasteType` VARCHAR(255), `pricingType` TEXT DEFAULT 'flat', `rate` DECIMAL(10,2) DEFAULT '0', `hours` DECIMAL(10,2) DEFAULT '0', `cost` DECIMAL(10,2) DEFAULT 0, `status` TEXT DEFAULT 'pending', `date` DATE NOT NULL, `resourceId` VARCHAR(255), `notes` TEXT, `createdAt` DATETIME NOT NULL, `updatedAt` DATETIME NOT NULL);
Executing (default): INSERT INTO `Jobs_backup` SELECT `id`, `jobNumber`, `clientName`, `clientId`, `projectId`, `serviceType`, `wasteType`, `pricingType`, `rate`, `hours`, `cost`, `status`, `date`, `resourceId`, `notes`, `createdAt`, `updatedAt` FROM `Jobs`;
Executing (default): DROP TABLE `Jobs`;
Executing (default): CREATE TABLE IF NOT EXISTS `Jobs` (`id` CHAR(36) UNIQUE PRIMARY KEY, `jobNumber` VARCHAR(255) NOT NULL, `clientName` VARCHAR(255) NOT NULL, `clientId` UUID REFERENCES `Clients` (`id`), `projectId` UUID REFERENCES `Projects` (`id`), `serviceType` VARCHAR(255), `wasteType` VARCHAR(255), `pricingType` TEXT DEFAULT 'flat', `rate` DECIMAL(10,2) DEFAULT '0', `hours` DECIMAL(10,2) DEFAULT '0', `cost` DECIMAL(10,2) DEFAULT 0, `status` TEXT DEFAULT 'pending', `date` DATE NOT NULL, `resourceId` VARCHAR(255), `notes` TEXT, `createdAt` DATETIME NOT NULL, `updatedAt` DATETIME NOT NULL);
Executing (default): INSERT INTO `Jobs` SELECT `id`, `jobNumber`, `clientName`, `clientId`, `projectId`, `serviceType`, `wasteType`, `pricingType`, `rate`, `hours`, `cost`, `status`, `date`, `resourceId`, `notes`, `createdAt`, `updatedAt` FROM `Jobs_backup`;
Executing (default): DROP TABLE `Jobs_backup`;
Executing (default): PRAGMA TABLE_INFO(`Jobs`);
Executing (default): PRAGMA INDEX_LIST(`Jobs`)
Executing (default): PRAGMA INDEX_INFO(`sqlite_autoindex_Jobs_1`)
Executing (default): PRAGMA foreign_key_list(`Jobs`)
Executing (default): CREATE TABLE IF NOT EXISTS `Jobs_backup` (`id` CHAR(36) UNIQUE PRIMARY KEY, `jobNumber` VARCHAR(255) NOT NULL, `clientName` VARCHAR(255) NOT NULL, `clientId` UUID REFERENCES `Clients` (`id`), `projectId` UUID REFERENCES `Projects` (`id`), `serviceType` VARCHAR(255), `wasteType` VARCHAR(255), `pricingType` TEXT DEFAULT 'flat', `rate` DECIMAL(10,2) DEFAULT '0', `hours` DECIMAL(10,2) DEFAULT '0', `cost` DECIMAL(10,2) DEFAULT '0', `status` TEXT DEFAULT 'pending', `date` DATE NOT NULL, `resourceId` VARCHAR(255), `notes` TEXT, `createdAt` DATETIME NOT NULL, `updatedAt` DATETIME NOT NULL);
Executing (default): INSERT INTO `Jobs_backup` SELECT `id`, `jobNumber`, `clientName`, `clientId`, `projectId`, `serviceType`, `wasteType`, `pricingType`, `rate`, `hours`, `cost`, `status`, `date`, `resourceId`, `notes`, `createdAt`, `updatedAt` FROM `Jobs`;
Executing (default): DROP TABLE `Jobs`;
Executing (default): CREATE TABLE IF NOT EXISTS `Jobs` (`id` CHAR(36) UNIQUE PRIMARY KEY, `jobNumber` VARCHAR(255) NOT NULL, `clientName` VARCHAR(255) NOT NULL, `clientId` UUID REFERENCES `Clients` (`id`), `projectId` UUID REFERENCES `Projects` (`id`), `serviceType` VARCHAR(255), `wasteType` VARCHAR(255), `pricingType` TEXT DEFAULT 'flat', `rate` DECIMAL(10,2) DEFAULT '0', `hours` DECIMAL(10,2) DEFAULT '0', `cost` DECIMAL(10,2) DEFAULT '0', `status` TEXT DEFAULT 'pending', `date` DATE NOT NULL, `resourceId` VARCHAR(255), `notes` TEXT, `createdAt` DATETIME NOT NULL, `updatedAt` DATETIME NOT NULL);
Executing (default): INSERT INTO `Jobs` SELECT `id`, `jobNumber`, `clientName`, `clientId`, `projectId`, `serviceType`, `wasteType`, `pricingType`, `rate`, `hours`, `cost`, `status`, `date`, `resourceId`, `notes`, `createdAt`, `updatedAt` FROM `Jobs_backup`;
Executing (default): DROP TABLE `Jobs_backup`;
Executing (default): PRAGMA TABLE_INFO(`Jobs`);
Executing (default): PRAGMA INDEX_LIST(`Jobs`)
Executing (default): PRAGMA INDEX_INFO(`sqlite_autoindex_Jobs_1`)
Executing (default): PRAGMA foreign_key_list(`Jobs`)
Executing (default): CREATE TABLE IF NOT EXISTS `Jobs_backup` (`id` CHAR(36) UNIQUE PRIMARY KEY, `jobNumber` VARCHAR(255) NOT NULL, `clientName` VARCHAR(255) NOT NULL, `clientId` UUID REFERENCES `Clients` (`id`), `projectId` UUID REFERENCES `Projects` (`id`), `serviceType` VARCHAR(255), `wasteType` VARCHAR(255), `pricingType` TEXT DEFAULT 'flat', `rate` DECIMAL(10,2) DEFAULT '0', `hours` DECIMAL(10,2) DEFAULT '0', `cost` DECIMAL(10,2) DEFAULT '0', `status` TEXT DEFAULT 'pending', `date` DATE NOT NULL, `resourceId` VARCHAR(255), `notes` TEXT, `createdAt` DATETIME NOT NULL, `updatedAt` DATETIME NOT NULL);
Executing (default): INSERT INTO `Jobs_backup` SELECT `id`, `jobNumber`, `clientName`, `clientId`, `projectId`, `serviceType`, `wasteType`, `pricingType`, `rate`, `hours`, `cost`, `status`, `date`, `resourceId`, `notes`, `createdAt`, `updatedAt` FROM `Jobs`;
Executing (default): DROP TABLE `Jobs`;
Executing (default): CREATE TABLE IF NOT EXISTS `Jobs` (`id` CHAR(36) UNIQUE PRIMARY KEY, `jobNumber` VARCHAR(255) NOT NULL, `clientName` VARCHAR(255) NOT NULL, `clientId` UUID REFERENCES `Clients` (`id`), `projectId` UUID REFERENCES `Projects` (`id`), `serviceType` VARCHAR(255), `wasteType` VARCHAR(255), `pricingType` TEXT DEFAULT 'flat', `rate` DECIMAL(10,2) DEFAULT '0', `hours` DECIMAL(10,2) DEFAULT '0', `cost` DECIMAL(10,2) DEFAULT '0', `status` TEXT DEFAULT 'pending', `date` DATE NOT NULL, `resourceId` VARCHAR(255), `notes` TEXT, `createdAt` DATETIME NOT NULL, `updatedAt` DATETIME NOT NULL);
Executing (default): INSERT INTO `Jobs` SELECT `id`, `jobNumber`, `clientName`, `clientId`, `projectId`, `serviceType`, `wasteType`, `pricingType`, `rate`, `hours`, `cost`, `status`, `date`, `resourceId`, `notes`, `createdAt`, `updatedAt` FROM `Jobs_backup`;
Executing (default): DROP TABLE `Jobs_backup`;
Executing (default): PRAGMA TABLE_INFO(`Jobs`);
Executing (default): PRAGMA INDEX_LIST(`Jobs`)
Executing (default): PRAGMA INDEX_INFO(`sqlite_autoindex_Jobs_1`)
Executing (default): PRAGMA foreign_key_list(`Jobs`)
Executing (default): CREATE TABLE IF NOT EXISTS `Jobs_backup` (`id` CHAR(36) UNIQUE PRIMARY KEY, `jobNumber` VARCHAR(255) NOT NULL, `clientName` VARCHAR(255) NOT NULL, `clientId` UUID REFERENCES `Clients` (`id`), `projectId` UUID REFERENCES `Projects` (`id`), `serviceType` VARCHAR(255), `wasteType` VARCHAR(255), `pricingType` TEXT DEFAULT 'flat', `rate` DECIMAL(10,2) DEFAULT '0', `hours` DECIMAL(10,2) DEFAULT '0', `cost` DECIMAL(10,2) DEFAULT '0', `status` TEXT DEFAULT 'pending', `date` DATE NOT NULL, `resourceId` VARCHAR(255), `notes` TEXT, `createdAt` DATETIME NOT NULL, `updatedAt` DATETIME NOT NULL);
Executing (default): INSERT INTO `Jobs_backup` SELECT `id`, `jobNumber`, `clientName`, `clientId`, `projectId`, `serviceType`, `wasteType`, `pricingType`, `rate`, `hours`, `cost`, `status`, `date`, `resourceId`, `notes`, `createdAt`, `updatedAt` FROM `Jobs`;
Executing (default): DROP TABLE `Jobs`;
Executing (default): CREATE TABLE IF NOT EXISTS `Jobs` (`id` CHAR(36) UNIQUE PRIMARY KEY, `jobNumber` VARCHAR(255) NOT NULL, `clientName` VARCHAR(255) NOT NULL, `clientId` UUID REFERENCES `Clients` (`id`), `projectId` UUID REFERENCES `Projects` (`id`), `serviceType` VARCHAR(255), `wasteType` VARCHAR(255), `pricingType` TEXT DEFAULT 'flat', `rate` DECIMAL(10,2) DEFAULT '0', `hours` DECIMAL(10,2) DEFAULT '0', `cost` DECIMAL(10,2) DEFAULT '0', `status` TEXT DEFAULT 'pending', `date` DATE NOT NULL, `resourceId` VARCHAR(255), `notes` TEXT, `createdAt` DATETIME NOT NULL, `updatedAt` DATETIME NOT NULL);
Executing (default): INSERT INTO `Jobs` SELECT `id`, `jobNumber`, `clientName`, `clientId`, `projectId`, `serviceType`, `wasteType`, `pricingType`, `rate`, `hours`, `cost`, `status`, `date`, `resourceId`, `notes`, `createdAt`, `updatedAt` FROM `Jobs_backup`;
Executing (default): DROP TABLE `Jobs_backup`;
Executing (default): PRAGMA TABLE_INFO(`Jobs`);
Executing (default): PRAGMA INDEX_LIST(`Jobs`)
Executing (default): PRAGMA INDEX_INFO(`sqlite_autoindex_Jobs_1`)
Executing (default): PRAGMA foreign_key_list(`Jobs`)
Executing (default): CREATE TABLE IF NOT EXISTS `Jobs_backup` (`id` CHAR(36) UNIQUE PRIMARY KEY, `jobNumber` VARCHAR(255) NOT NULL, `clientName` VARCHAR(255) NOT NULL, `clientId` UUID REFERENCES `Clients` (`id`), `projectId` UUID REFERENCES `Projects` (`id`), `serviceType` VARCHAR(255), `wasteType` VARCHAR(255), `pricingType` TEXT DEFAULT 'flat', `rate` DECIMAL(10,2) DEFAULT '0', `hours` DECIMAL(10,2) DEFAULT '0', `cost` DECIMAL(10,2) DEFAULT '0', `status` TEXT DEFAULT 'pending', `date` DATE NOT NULL, `resourceId` VARCHAR(255), `notes` TEXT, `createdAt` DATETIME NOT NULL, `updatedAt` DATETIME NOT NULL);
Executing (default): INSERT INTO `Jobs_backup` SELECT `id`, `jobNumber`, `clientName`, `clientId`, `projectId`, `serviceType`, `wasteType`, `pricingType`, `rate`, `hours`, `cost`, `status`, `date`, `resourceId`, `notes`, `createdAt`, `updatedAt` FROM `Jobs`;
Executing (default): DROP TABLE `Jobs`;
Executing (default): CREATE TABLE IF NOT EXISTS `Jobs` (`id` CHAR(36) UNIQUE PRIMARY KEY, `jobNumber` VARCHAR(255) NOT NULL, `clientName` VARCHAR(255) NOT NULL, `clientId` UUID REFERENCES `Clients` (`id`), `projectId` UUID REFERENCES `Projects` (`id`), `serviceType` VARCHAR(255), `wasteType` VARCHAR(255), `pricingType` TEXT DEFAULT 'flat', `rate` DECIMAL(10,2) DEFAULT '0', `hours` DECIMAL(10,2) DEFAULT '0', `cost` DECIMAL(10,2) DEFAULT '0', `status` TEXT DEFAULT 'pending', `date` DATE NOT NULL, `resourceId` VARCHAR(255), `notes` TEXT, `createdAt` DATETIME NOT NULL, `updatedAt` DATETIME NOT NULL);
Executing (default): INSERT INTO `Jobs` SELECT `id`, `jobNumber`, `clientName`, `clientId`, `projectId`, `serviceType`, `wasteType`, `pricingType`, `rate`, `hours`, `cost`, `status`, `date`, `resourceId`, `notes`, `createdAt`, `updatedAt` FROM `Jobs_backup`;
Executing (default): DROP TABLE `Jobs_backup`;
Executing (default): PRAGMA TABLE_INFO(`Jobs`);
Executing (default): PRAGMA INDEX_LIST(`Jobs`)
Executing (default): PRAGMA INDEX_INFO(`sqlite_autoindex_Jobs_1`)
Executing (default): PRAGMA foreign_key_list(`Jobs`)
Executing (default): CREATE TABLE IF NOT EXISTS `Jobs_backup` (`id` CHAR(36) UNIQUE PRIMARY KEY, `jobNumber` VARCHAR(255) NOT NULL, `clientName` VARCHAR(255) NOT NULL, `clientId` UUID REFERENCES `Clients` (`id`), `projectId` UUID REFERENCES `Projects` (`id`), `serviceType` VARCHAR(255), `wasteType` VARCHAR(255), `pricingType` TEXT DEFAULT 'flat', `rate` DECIMAL(10,2) DEFAULT '0', `hours` DECIMAL(10,2) DEFAULT '0', `cost` DECIMAL(10,2) DEFAULT '0', `status` TEXT DEFAULT 'pending', `date` DATE NOT NULL, `resourceId` VARCHAR(255), `notes` TEXT, `createdAt` DATETIME NOT NULL, `updatedAt` DATETIME NOT NULL);
Executing (default): INSERT INTO `Jobs_backup` SELECT `id`, `jobNumber`, `clientName`, `clientId`, `projectId`, `serviceType`, `wasteType`, `pricingType`, `rate`, `hours`, `cost`, `status`, `date`, `resourceId`, `notes`, `createdAt`, `updatedAt` FROM `Jobs`;
Executing (default): DROP TABLE `Jobs`;
Executing (default): CREATE TABLE IF NOT EXISTS `Jobs` (`id` CHAR(36) UNIQUE PRIMARY KEY, `jobNumber` VARCHAR(255) NOT NULL, `clientName` VARCHAR(255) NOT NULL, `clientId` UUID REFERENCES `Clients` (`id`), `projectId` UUID REFERENCES `Projects` (`id`), `serviceType` VARCHAR(255), `wasteType` VARCHAR(255), `pricingType` TEXT DEFAULT 'flat', `rate` DECIMAL(10,2) DEFAULT '0', `hours` DECIMAL(10,2) DEFAULT '0', `cost` DECIMAL(10,2) DEFAULT '0', `status` TEXT DEFAULT 'pending', `date` DATE NOT NULL, `resourceId` VARCHAR(255), `notes` TEXT, `createdAt` DATETIME NOT NULL, `updatedAt` DATETIME NOT NULL);
Executing (default): INSERT INTO `Jobs` SELECT `id`, `jobNumber`, `clientName`, `clientId`, `projectId`, `serviceType`, `wasteType`, `pricingType`, `rate`, `hours`, `cost`, `status`, `date`, `resourceId`, `notes`, `createdAt`, `updatedAt` FROM `Jobs_backup`;
Executing (default): DROP TABLE `Jobs_backup`;
Executing (default): PRAGMA TABLE_INFO(`Jobs`);
Executing (default): PRAGMA INDEX_LIST(`Jobs`)
Executing (default): PRAGMA INDEX_INFO(`sqlite_autoindex_Jobs_1`)
Executing (default): PRAGMA foreign_key_list(`Jobs`)
Executing (default): CREATE TABLE IF NOT EXISTS `Jobs_backup` (`id` CHAR(36) UNIQUE PRIMARY KEY, `jobNumber` VARCHAR(255) NOT NULL, `clientName` VARCHAR(255) NOT NULL, `clientId` UUID REFERENCES `Clients` (`id`), `projectId` UUID REFERENCES `Projects` (`id`), `serviceType` VARCHAR(255), `wasteType` VARCHAR(255), `pricingType` TEXT DEFAULT 'flat', `rate` DECIMAL(10,2) DEFAULT '0', `hours` DECIMAL(10,2) DEFAULT '0', `cost` DECIMAL(10,2) DEFAULT '0', `status` TEXT DEFAULT 'pending', `date` DATE NOT NULL, `resourceId` VARCHAR(255), `notes` TEXT, `createdAt` DATETIME NOT NULL, `updatedAt` DATETIME NOT NULL);
Executing (default): INSERT INTO `Jobs_backup` SELECT `id`, `jobNumber`, `clientName`, `clientId`, `projectId`, `serviceType`, `wasteType`, `pricingType`, `rate`, `hours`, `cost`, `status`, `date`, `resourceId`, `notes`, `createdAt`, `updatedAt` FROM `Jobs`;
Executing (default): DROP TABLE `Jobs`;
Executing (default): CREATE TABLE IF NOT EXISTS `Jobs` (`id` CHAR(36) UNIQUE PRIMARY KEY, `jobNumber` VARCHAR(255) NOT NULL, `clientName` VARCHAR(255) NOT NULL, `clientId` UUID REFERENCES `Clients` (`id`), `projectId` UUID REFERENCES `Projects` (`id`), `serviceType` VARCHAR(255), `wasteType` VARCHAR(255), `pricingType` TEXT DEFAULT 'flat', `rate` DECIMAL(10,2) DEFAULT '0', `hours` DECIMAL(10,2) DEFAULT '0', `cost` DECIMAL(10,2) DEFAULT '0', `status` TEXT DEFAULT 'pending', `date` DATE NOT NULL, `resourceId` VARCHAR(255), `notes` TEXT, `createdAt` DATETIME NOT NULL, `updatedAt` DATETIME NOT NULL);
Executing (default): INSERT INTO `Jobs` SELECT `id`, `jobNumber`, `clientName`, `clientId`, `projectId`, `serviceType`, `wasteType`, `pricingType`, `rate`, `hours`, `cost`, `status`, `date`, `resourceId`, `notes`, `createdAt`, `updatedAt` FROM `Jobs_backup`;
Executing (default): DROP TABLE `Jobs_backup`;
Executing (default): PRAGMA INDEX_LIST(`Jobs`)
Executing (default): PRAGMA INDEX_INFO(`sqlite_autoindex_Jobs_1`)
Executing (default): SELECT name FROM sqlite_master WHERE type='table' AND name='MapAssets';
Executing (default): PRAGMA TABLE_INFO(`MapAssets`);
Executing (default): PRAGMA foreign_key_list(`MapAssets`)
Executing (default): PRAGMA INDEX_LIST(`MapAssets`)
Executing (default): PRAGMA foreign_key_list(`MapAssets`)
Executing (default): PRAGMA TABLE_INFO(`MapAssets`);
Executing (default): PRAGMA INDEX_LIST(`MapAssets`)
Executing (default): PRAGMA foreign_key_list(`MapAssets`)
Executing (default): CREATE TABLE IF NOT EXISTS `MapAssets_backup` (`id` INTEGER PRIMARY KEY, `projectId` UUID, `type` VARCHAR(255) NOT NULL, `name` VARCHAR(255), `geometryType` VARCHAR(255) DEFAULT 'POINT', `coordinates` JSON NOT NULL, `properties` JSON DEFAULT '{}', `status` VARCHAR(255) DEFAULT 'active', `createdBy` UUID, `createdAt` DATETIME NOT NULL, `updatedAt` DATETIME NOT NULL);
Executing (default): INSERT INTO `MapAssets_backup` SELECT `id`, `projectId`, `type`, `name`, `geometryType`, `coordinates`, `properties`, `status`, `createdBy`, `createdAt`, `updatedAt` FROM `MapAssets`;
Executing (default): DROP TABLE `MapAssets`;
Executing (default): CREATE TABLE IF NOT EXISTS `MapAssets` (`id` INTEGER PRIMARY KEY, `projectId` UUID, `type` VARCHAR(255) NOT NULL, `name` VARCHAR(255), `geometryType` VARCHAR(255) DEFAULT 'POINT', `coordinates` JSON NOT NULL, `properties` JSON DEFAULT '{}', `status` VARCHAR(255) DEFAULT 'active', `createdBy` UUID, `createdAt` DATETIME NOT NULL, `updatedAt` DATETIME NOT NULL);
Executing (default): INSERT INTO `MapAssets` SELECT `id`, `projectId`, `type`, `name`, `geometryType`, `coordinates`, `properties`, `status`, `createdBy`, `createdAt`, `updatedAt` FROM `MapAssets_backup`;
Executing (default): DROP TABLE `MapAssets_backup`;
Executing (default): PRAGMA TABLE_INFO(`MapAssets`);
Executing (default): PRAGMA INDEX_LIST(`MapAssets`)
Executing (default): PRAGMA foreign_key_list(`MapAssets`)
Executing (default): CREATE TABLE IF NOT EXISTS `MapAssets_backup` (`id` INTEGER PRIMARY KEY, `projectId` UUID, `type` VARCHAR(255) NOT NULL, `name` VARCHAR(255), `geometryType` VARCHAR(255) DEFAULT 'POINT', `coordinates` JSON NOT NULL, `properties` JSON DEFAULT '{}', `status` VARCHAR(255) DEFAULT 'active', `createdBy` UUID, `createdAt` DATETIME NOT NULL, `updatedAt` DATETIME NOT NULL);
Executing (default): INSERT INTO `MapAssets_backup` SELECT `id`, `projectId`, `type`, `name`, `geometryType`, `coordinates`, `properties`, `status`, `createdBy`, `createdAt`, `updatedAt` FROM `MapAssets`;
Executing (default): DROP TABLE `MapAssets`;
Executing (default): CREATE TABLE IF NOT EXISTS `MapAssets` (`id` INTEGER PRIMARY KEY, `projectId` UUID, `type` VARCHAR(255) NOT NULL, `name` VARCHAR(255), `geometryType` VARCHAR(255) DEFAULT 'POINT', `coordinates` JSON NOT NULL, `properties` JSON DEFAULT '{}', `status` VARCHAR(255) DEFAULT 'active', `createdBy` UUID, `createdAt` DATETIME NOT NULL, `updatedAt` DATETIME NOT NULL);
Executing (default): INSERT INTO `MapAssets` SELECT `id`, `projectId`, `type`, `name`, `geometryType`, `coordinates`, `properties`, `status`, `createdBy`, `createdAt`, `updatedAt` FROM `MapAssets_backup`;
Executing (default): DROP TABLE `MapAssets_backup`;
Executing (default): PRAGMA TABLE_INFO(`MapAssets`);
Executing (default): PRAGMA INDEX_LIST(`MapAssets`)
Executing (default): PRAGMA foreign_key_list(`MapAssets`)
Executing (default): CREATE TABLE IF NOT EXISTS `MapAssets_backup` (`id` INTEGER PRIMARY KEY, `projectId` UUID, `type` VARCHAR(255) NOT NULL, `name` VARCHAR(255), `geometryType` VARCHAR(255) DEFAULT 'POINT', `coordinates` JSON NOT NULL, `properties` JSON DEFAULT '{}', `status` VARCHAR(255) DEFAULT 'active', `createdBy` UUID, `createdAt` DATETIME NOT NULL, `updatedAt` DATETIME NOT NULL);
Executing (default): INSERT INTO `MapAssets_backup` SELECT `id`, `projectId`, `type`, `name`, `geometryType`, `coordinates`, `properties`, `status`, `createdBy`, `createdAt`, `updatedAt` FROM `MapAssets`;
Executing (default): DROP TABLE `MapAssets`;
Executing (default): CREATE TABLE IF NOT EXISTS `MapAssets` (`id` INTEGER PRIMARY KEY, `projectId` UUID, `type` VARCHAR(255) NOT NULL, `name` VARCHAR(255), `geometryType` VARCHAR(255) DEFAULT 'POINT', `coordinates` JSON NOT NULL, `properties` JSON DEFAULT '{}', `status` VARCHAR(255) DEFAULT 'active', `createdBy` UUID, `createdAt` DATETIME NOT NULL, `updatedAt` DATETIME NOT NULL);
Executing (default): INSERT INTO `MapAssets` SELECT `id`, `projectId`, `type`, `name`, `geometryType`, `coordinates`, `properties`, `status`, `createdBy`, `createdAt`, `updatedAt` FROM `MapAssets_backup`;
Executing (default): DROP TABLE `MapAssets_backup`;
Executing (default): PRAGMA TABLE_INFO(`MapAssets`);
Executing (default): PRAGMA INDEX_LIST(`MapAssets`)
Executing (default): PRAGMA foreign_key_list(`MapAssets`)
Executing (default): CREATE TABLE IF NOT EXISTS `MapAssets_backup` (`id` INTEGER PRIMARY KEY, `projectId` UUID, `type` VARCHAR(255) NOT NULL, `name` VARCHAR(255), `geometryType` VARCHAR(255) DEFAULT 'POINT', `coordinates` JSON NOT NULL, `properties` JSON DEFAULT '{}', `status` VARCHAR(255) DEFAULT 'active', `createdBy` UUID, `createdAt` DATETIME NOT NULL, `updatedAt` DATETIME NOT NULL);
Executing (default): INSERT INTO `MapAssets_backup` SELECT `id`, `projectId`, `type`, `name`, `geometryType`, `coordinates`, `properties`, `status`, `createdBy`, `createdAt`, `updatedAt` FROM `MapAssets`;
Executing (default): DROP TABLE `MapAssets`;
Executing (default): CREATE TABLE IF NOT EXISTS `MapAssets` (`id` INTEGER PRIMARY KEY, `projectId` UUID, `type` VARCHAR(255) NOT NULL, `name` VARCHAR(255), `geometryType` VARCHAR(255) DEFAULT 'POINT', `coordinates` JSON NOT NULL, `properties` JSON DEFAULT '{}', `status` VARCHAR(255) DEFAULT 'active', `createdBy` UUID, `createdAt` DATETIME NOT NULL, `updatedAt` DATETIME NOT NULL);
Executing (default): INSERT INTO `MapAssets` SELECT `id`, `projectId`, `type`, `name`, `geometryType`, `coordinates`, `properties`, `status`, `createdBy`, `createdAt`, `updatedAt` FROM `MapAssets_backup`;
Executing (default): DROP TABLE `MapAssets_backup`;
Executing (default): PRAGMA TABLE_INFO(`MapAssets`);
Executing (default): PRAGMA INDEX_LIST(`MapAssets`)
Executing (default): PRAGMA foreign_key_list(`MapAssets`)
Executing (default): CREATE TABLE IF NOT EXISTS `MapAssets_backup` (`id` INTEGER PRIMARY KEY, `projectId` UUID, `type` VARCHAR(255) NOT NULL, `name` VARCHAR(255), `geometryType` VARCHAR(255) DEFAULT 'POINT', `coordinates` JSON NOT NULL, `properties` JSON DEFAULT '{}', `status` VARCHAR(255) DEFAULT 'active', `createdBy` UUID, `createdAt` DATETIME NOT NULL, `updatedAt` DATETIME NOT NULL);
Executing (default): INSERT INTO `MapAssets_backup` SELECT `id`, `projectId`, `type`, `name`, `geometryType`, `coordinates`, `properties`, `status`, `createdBy`, `createdAt`, `updatedAt` FROM `MapAssets`;
Executing (default): DROP TABLE `MapAssets`;
Executing (default): CREATE TABLE IF NOT EXISTS `MapAssets` (`id` INTEGER PRIMARY KEY, `projectId` UUID, `type` VARCHAR(255) NOT NULL, `name` VARCHAR(255), `geometryType` VARCHAR(255) DEFAULT 'POINT', `coordinates` JSON NOT NULL, `properties` JSON DEFAULT '{}', `status` VARCHAR(255) DEFAULT 'active', `createdBy` UUID, `createdAt` DATETIME NOT NULL, `updatedAt` DATETIME NOT NULL);
Executing (default): INSERT INTO `MapAssets` SELECT `id`, `projectId`, `type`, `name`, `geometryType`, `coordinates`, `properties`, `status`, `createdBy`, `createdAt`, `updatedAt` FROM `MapAssets_backup`;
Executing (default): DROP TABLE `MapAssets_backup`;
Executing (default): PRAGMA TABLE_INFO(`MapAssets`);
Executing (default): PRAGMA INDEX_LIST(`MapAssets`)
Executing (default): PRAGMA foreign_key_list(`MapAssets`)
Executing (default): CREATE TABLE IF NOT EXISTS `MapAssets_backup` (`id` INTEGER PRIMARY KEY, `projectId` UUID, `type` VARCHAR(255) NOT NULL, `name` VARCHAR(255), `geometryType` VARCHAR(255) DEFAULT 'POINT', `coordinates` JSON NOT NULL, `properties` JSON DEFAULT '{}', `status` VARCHAR(255) DEFAULT 'active', `createdBy` UUID, `createdAt` DATETIME NOT NULL, `updatedAt` DATETIME NOT NULL);
Executing (default): INSERT INTO `MapAssets_backup` SELECT `id`, `projectId`, `type`, `name`, `geometryType`, `coordinates`, `properties`, `status`, `createdBy`, `createdAt`, `updatedAt` FROM `MapAssets`;
Executing (default): DROP TABLE `MapAssets`;
Executing (default): CREATE TABLE IF NOT EXISTS `MapAssets` (`id` INTEGER PRIMARY KEY, `projectId` UUID, `type` VARCHAR(255) NOT NULL, `name` VARCHAR(255), `geometryType` VARCHAR(255) DEFAULT 'POINT', `coordinates` JSON NOT NULL, `properties` JSON DEFAULT '{}', `status` VARCHAR(255) DEFAULT 'active', `createdBy` UUID, `createdAt` DATETIME NOT NULL, `updatedAt` DATETIME NOT NULL);
Executing (default): INSERT INTO `MapAssets` SELECT `id`, `projectId`, `type`, `name`, `geometryType`, `coordinates`, `properties`, `status`, `createdBy`, `createdAt`, `updatedAt` FROM `MapAssets_backup`;
Executing (default): DROP TABLE `MapAssets_backup`;
Executing (default): PRAGMA TABLE_INFO(`MapAssets`);
Executing (default): PRAGMA INDEX_LIST(`MapAssets`)
Executing (default): PRAGMA foreign_key_list(`MapAssets`)
Executing (default): CREATE TABLE IF NOT EXISTS `MapAssets_backup` (`id` INTEGER PRIMARY KEY, `projectId` UUID, `type` VARCHAR(255) NOT NULL, `name` VARCHAR(255), `geometryType` VARCHAR(255) DEFAULT 'POINT', `coordinates` JSON NOT NULL, `properties` JSON DEFAULT '{}', `status` VARCHAR(255) DEFAULT 'active', `createdBy` UUID, `createdAt` DATETIME NOT NULL, `updatedAt` DATETIME NOT NULL);
Executing (default): INSERT INTO `MapAssets_backup` SELECT `id`, `projectId`, `type`, `name`, `geometryType`, `coordinates`, `properties`, `status`, `createdBy`, `createdAt`, `updatedAt` FROM `MapAssets`;
Executing (default): DROP TABLE `MapAssets`;
Executing (default): CREATE TABLE IF NOT EXISTS `MapAssets` (`id` INTEGER PRIMARY KEY, `projectId` UUID, `type` VARCHAR(255) NOT NULL, `name` VARCHAR(255), `geometryType` VARCHAR(255) DEFAULT 'POINT', `coordinates` JSON NOT NULL, `properties` JSON DEFAULT '{}', `status` VARCHAR(255) DEFAULT 'active', `createdBy` UUID, `createdAt` DATETIME NOT NULL, `updatedAt` DATETIME NOT NULL);
Executing (default): INSERT INTO `MapAssets` SELECT `id`, `projectId`, `type`, `name`, `geometryType`, `coordinates`, `properties`, `status`, `createdBy`, `createdAt`, `updatedAt` FROM `MapAssets_backup`;
Executing (default): DROP TABLE `MapAssets_backup`;
Executing (default): PRAGMA TABLE_INFO(`MapAssets`);
Executing (default): PRAGMA INDEX_LIST(`MapAssets`)
Executing (default): PRAGMA foreign_key_list(`MapAssets`)
Executing (default): CREATE TABLE IF NOT EXISTS `MapAssets_backup` (`id` INTEGER PRIMARY KEY, `projectId` UUID, `type` VARCHAR(255) NOT NULL, `name` VARCHAR(255), `geometryType` VARCHAR(255) DEFAULT 'POINT', `coordinates` JSON NOT NULL, `properties` JSON DEFAULT '{}', `status` VARCHAR(255) DEFAULT 'active', `createdBy` UUID, `createdAt` DATETIME NOT NULL, `updatedAt` DATETIME NOT NULL);
Executing (default): INSERT INTO `MapAssets_backup` SELECT `id`, `projectId`, `type`, `name`, `geometryType`, `coordinates`, `properties`, `status`, `createdBy`, `createdAt`, `updatedAt` FROM `MapAssets`;
Executing (default): DROP TABLE `MapAssets`;
Executing (default): CREATE TABLE IF NOT EXISTS `MapAssets` (`id` INTEGER PRIMARY KEY, `projectId` UUID, `type` VARCHAR(255) NOT NULL, `name` VARCHAR(255), `geometryType` VARCHAR(255) DEFAULT 'POINT', `coordinates` JSON NOT NULL, `properties` JSON DEFAULT '{}', `status` VARCHAR(255) DEFAULT 'active', `createdBy` UUID, `createdAt` DATETIME NOT NULL, `updatedAt` DATETIME NOT NULL);
Executing (default): INSERT INTO `MapAssets` SELECT `id`, `projectId`, `type`, `name`, `geometryType`, `coordinates`, `properties`, `status`, `createdBy`, `createdAt`, `updatedAt` FROM `MapAssets_backup`;
Executing (default): DROP TABLE `MapAssets_backup`;
Executing (default): PRAGMA TABLE_INFO(`MapAssets`);
Executing (default): PRAGMA INDEX_LIST(`MapAssets`)
Executing (default): PRAGMA foreign_key_list(`MapAssets`)
Executing (default): CREATE TABLE IF NOT EXISTS `MapAssets_backup` (`id` INTEGER PRIMARY KEY, `projectId` UUID, `type` VARCHAR(255) NOT NULL, `name` VARCHAR(255), `geometryType` VARCHAR(255) DEFAULT 'POINT', `coordinates` JSON NOT NULL, `properties` JSON DEFAULT '{}', `status` VARCHAR(255) DEFAULT 'active', `createdBy` UUID, `createdAt` DATETIME NOT NULL, `updatedAt` DATETIME NOT NULL);
Executing (default): INSERT INTO `MapAssets_backup` SELECT `id`, `projectId`, `type`, `name`, `geometryType`, `coordinates`, `properties`, `status`, `createdBy`, `createdAt`, `updatedAt` FROM `MapAssets`;
Executing (default): DROP TABLE `MapAssets`;
Executing (default): CREATE TABLE IF NOT EXISTS `MapAssets` (`id` INTEGER PRIMARY KEY, `projectId` UUID, `type` VARCHAR(255) NOT NULL, `name` VARCHAR(255), `geometryType` VARCHAR(255) DEFAULT 'POINT', `coordinates` JSON NOT NULL, `properties` JSON DEFAULT '{}', `status` VARCHAR(255) DEFAULT 'active', `createdBy` UUID, `createdAt` DATETIME NOT NULL, `updatedAt` DATETIME NOT NULL);
Executing (default): INSERT INTO `MapAssets` SELECT `id`, `projectId`, `type`, `name`, `geometryType`, `coordinates`, `properties`, `status`, `createdBy`, `createdAt`, `updatedAt` FROM `MapAssets_backup`;
Executing (default): DROP TABLE `MapAssets_backup`;
Executing (default): PRAGMA TABLE_INFO(`MapAssets`);
Executing (default): PRAGMA INDEX_LIST(`MapAssets`)
Executing (default): PRAGMA foreign_key_list(`MapAssets`)
Executing (default): CREATE TABLE IF NOT EXISTS `MapAssets_backup` (`id` INTEGER PRIMARY KEY, `projectId` UUID, `type` VARCHAR(255) NOT NULL, `name` VARCHAR(255), `geometryType` VARCHAR(255) DEFAULT 'POINT', `coordinates` JSON NOT NULL, `properties` JSON DEFAULT '{}', `status` VARCHAR(255) DEFAULT 'active', `createdBy` UUID, `createdAt` DATETIME NOT NULL, `updatedAt` DATETIME NOT NULL);
Executing (default): INSERT INTO `MapAssets_backup` SELECT `id`, `projectId`, `type`, `name`, `geometryType`, `coordinates`, `properties`, `status`, `createdBy`, `createdAt`, `updatedAt` FROM `MapAssets`;
Executing (default): DROP TABLE `MapAssets`;
Executing (default): CREATE TABLE IF NOT EXISTS `MapAssets` (`id` INTEGER PRIMARY KEY, `projectId` UUID, `type` VARCHAR(255) NOT NULL, `name` VARCHAR(255), `geometryType` VARCHAR(255) DEFAULT 'POINT', `coordinates` JSON NOT NULL, `properties` JSON DEFAULT '{}', `status` VARCHAR(255) DEFAULT 'active', `createdBy` UUID, `createdAt` DATETIME NOT NULL, `updatedAt` DATETIME NOT NULL);
Executing (default): INSERT INTO `MapAssets` SELECT `id`, `projectId`, `type`, `name`, `geometryType`, `coordinates`, `properties`, `status`, `createdBy`, `createdAt`, `updatedAt` FROM `MapAssets_backup`;
Executing (default): DROP TABLE `MapAssets_backup`;
Executing (default): PRAGMA INDEX_LIST(`MapAssets`)
Executing (default): SELECT name FROM sqlite_master WHERE type='table' AND name='Nodes';
Executing (default): PRAGMA TABLE_INFO(`Nodes`);
Executing (default): PRAGMA foreign_key_list(`Nodes`)
Executing (default): PRAGMA INDEX_LIST(`Nodes`)
Executing (default): PRAGMA INDEX_INFO(`sqlite_autoindex_Nodes_1`)
Executing (default): PRAGMA foreign_key_list(`Nodes`)
Executing (default): PRAGMA TABLE_INFO(`Nodes`);
Executing (default): PRAGMA INDEX_LIST(`Nodes`)
Executing (default): PRAGMA INDEX_INFO(`sqlite_autoindex_Nodes_1`)
Executing (default): PRAGMA foreign_key_list(`Nodes`)
Executing (default): CREATE TABLE IF NOT EXISTS `Nodes_backup` (`id` UUID UNIQUE PRIMARY KEY, `name` VARCHAR(255) NOT NULL, `category` VARCHAR(255) NOT NULL, `unit` VARCHAR(255) NOT NULL, `pricePerUnit` DECIMAL(10,2) NOT NULL DEFAULT '0', `userId` UUID REFERENCES `Users` (`id`), `createdAt` DATETIME NOT NULL, `updatedAt` DATETIME NOT NULL, `stockQuantity` INTEGER NOT NULL DEFAULT '0');
Executing (default): INSERT INTO `Nodes_backup` SELECT `id`, `name`, `category`, `unit`, `pricePerUnit`, `userId`, `createdAt`, `updatedAt`, `stockQuantity` FROM `Nodes`;
Executing (default): DROP TABLE `Nodes`;
Executing (default): CREATE TABLE IF NOT EXISTS `Nodes` (`id` UUID UNIQUE PRIMARY KEY, `name` VARCHAR(255) NOT NULL, `category` VARCHAR(255) NOT NULL, `unit` VARCHAR(255) NOT NULL, `pricePerUnit` DECIMAL(10,2) NOT NULL DEFAULT '0', `userId` UUID REFERENCES `Users` (`id`), `createdAt` DATETIME NOT NULL, `updatedAt` DATETIME NOT NULL, `stockQuantity` INTEGER NOT NULL DEFAULT '0');
Executing (default): INSERT INTO `Nodes` SELECT `id`, `name`, `category`, `unit`, `pricePerUnit`, `userId`, `createdAt`, `updatedAt`, `stockQuantity` FROM `Nodes_backup`;
Executing (default): DROP TABLE `Nodes_backup`;
Executing (default): PRAGMA TABLE_INFO(`Nodes`);
Executing (default): PRAGMA INDEX_LIST(`Nodes`)
Executing (default): PRAGMA INDEX_INFO(`sqlite_autoindex_Nodes_1`)
Executing (default): PRAGMA foreign_key_list(`Nodes`)
Executing (default): CREATE TABLE IF NOT EXISTS `Nodes_backup` (`id` UUID UNIQUE PRIMARY KEY, `name` VARCHAR(255) NOT NULL, `category` VARCHAR(255) NOT NULL, `unit` VARCHAR(255) NOT NULL, `pricePerUnit` DECIMAL(10,2) NOT NULL DEFAULT '0', `userId` UUID REFERENCES `Users` (`id`), `createdAt` DATETIME NOT NULL, `updatedAt` DATETIME NOT NULL, `stockQuantity` INTEGER NOT NULL DEFAULT '0');
Executing (default): INSERT INTO `Nodes_backup` SELECT `id`, `name`, `category`, `unit`, `pricePerUnit`, `userId`, `createdAt`, `updatedAt`, `stockQuantity` FROM `Nodes`;
Executing (default): DROP TABLE `Nodes`;
Executing (default): CREATE TABLE IF NOT EXISTS `Nodes` (`id` UUID UNIQUE PRIMARY KEY, `name` VARCHAR(255) NOT NULL, `category` VARCHAR(255) NOT NULL, `unit` VARCHAR(255) NOT NULL, `pricePerUnit` DECIMAL(10,2) NOT NULL DEFAULT '0', `userId` UUID REFERENCES `Users` (`id`), `createdAt` DATETIME NOT NULL, `updatedAt` DATETIME NOT NULL, `stockQuantity` INTEGER NOT NULL DEFAULT '0');
Executing (default): INSERT INTO `Nodes` SELECT `id`, `name`, `category`, `unit`, `pricePerUnit`, `userId`, `createdAt`, `updatedAt`, `stockQuantity` FROM `Nodes_backup`;
Executing (default): DROP TABLE `Nodes_backup`;
Executing (default): PRAGMA TABLE_INFO(`Nodes`);
Executing (default): PRAGMA INDEX_LIST(`Nodes`)
Executing (default): PRAGMA INDEX_INFO(`sqlite_autoindex_Nodes_1`)
Executing (default): PRAGMA foreign_key_list(`Nodes`)
Executing (default): CREATE TABLE IF NOT EXISTS `Nodes_backup` (`id` UUID UNIQUE PRIMARY KEY, `name` VARCHAR(255) NOT NULL, `category` VARCHAR(255) NOT NULL, `unit` VARCHAR(255) NOT NULL, `pricePerUnit` DECIMAL(10,2) NOT NULL DEFAULT '0', `userId` UUID REFERENCES `Users` (`id`), `createdAt` DATETIME NOT NULL, `updatedAt` DATETIME NOT NULL, `stockQuantity` INTEGER NOT NULL DEFAULT '0');
Executing (default): INSERT INTO `Nodes_backup` SELECT `id`, `name`, `category`, `unit`, `pricePerUnit`, `userId`, `createdAt`, `updatedAt`, `stockQuantity` FROM `Nodes`;
Executing (default): DROP TABLE `Nodes`;
Executing (default): CREATE TABLE IF NOT EXISTS `Nodes` (`id` UUID UNIQUE PRIMARY KEY, `name` VARCHAR(255) NOT NULL, `category` VARCHAR(255) NOT NULL, `unit` VARCHAR(255) NOT NULL, `pricePerUnit` DECIMAL(10,2) NOT NULL DEFAULT '0', `userId` UUID REFERENCES `Users` (`id`), `createdAt` DATETIME NOT NULL, `updatedAt` DATETIME NOT NULL, `stockQuantity` INTEGER NOT NULL DEFAULT '0');
Executing (default): INSERT INTO `Nodes` SELECT `id`, `name`, `category`, `unit`, `pricePerUnit`, `userId`, `createdAt`, `updatedAt`, `stockQuantity` FROM `Nodes_backup`;
Executing (default): DROP TABLE `Nodes_backup`;
Executing (default): PRAGMA TABLE_INFO(`Nodes`);
Executing (default): PRAGMA INDEX_LIST(`Nodes`)
Executing (default): PRAGMA INDEX_INFO(`sqlite_autoindex_Nodes_1`)
Executing (default): PRAGMA foreign_key_list(`Nodes`)
Executing (default): CREATE TABLE IF NOT EXISTS `Nodes_backup` (`id` UUID UNIQUE PRIMARY KEY, `name` VARCHAR(255) NOT NULL, `category` VARCHAR(255) NOT NULL, `unit` VARCHAR(255) NOT NULL, `pricePerUnit` DECIMAL(10,2) NOT NULL DEFAULT 0, `userId` UUID REFERENCES `Users` (`id`), `createdAt` DATETIME NOT NULL, `updatedAt` DATETIME NOT NULL, `stockQuantity` INTEGER NOT NULL DEFAULT '0');
Executing (default): INSERT INTO `Nodes_backup` SELECT `id`, `name`, `category`, `unit`, `pricePerUnit`, `userId`, `createdAt`, `updatedAt`, `stockQuantity` FROM `Nodes`;
Executing (default): DROP TABLE `Nodes`;
Executing (default): CREATE TABLE IF NOT EXISTS `Nodes` (`id` UUID UNIQUE PRIMARY KEY, `name` VARCHAR(255) NOT NULL, `category` VARCHAR(255) NOT NULL, `unit` VARCHAR(255) NOT NULL, `pricePerUnit` DECIMAL(10,2) NOT NULL DEFAULT 0, `userId` UUID REFERENCES `Users` (`id`), `createdAt` DATETIME NOT NULL, `updatedAt` DATETIME NOT NULL, `stockQuantity` INTEGER NOT NULL DEFAULT '0');
Executing (default): INSERT INTO `Nodes` SELECT `id`, `name`, `category`, `unit`, `pricePerUnit`, `userId`, `createdAt`, `updatedAt`, `stockQuantity` FROM `Nodes_backup`;
Executing (default): DROP TABLE `Nodes_backup`;
Executing (default): PRAGMA TABLE_INFO(`Nodes`);
Executing (default): PRAGMA INDEX_LIST(`Nodes`)
Executing (default): PRAGMA INDEX_INFO(`sqlite_autoindex_Nodes_1`)
Executing (default): PRAGMA foreign_key_list(`Nodes`)
Executing (default): CREATE TABLE IF NOT EXISTS `Nodes_backup` (`id` UUID UNIQUE PRIMARY KEY, `name` VARCHAR(255) NOT NULL, `category` VARCHAR(255) NOT NULL, `unit` VARCHAR(255) NOT NULL, `pricePerUnit` DECIMAL(10,2) NOT NULL DEFAULT '0', `userId` UUID REFERENCES `Users` (`id`) ON DELETE SET NULL ON UPDATE CASCADE, `createdAt` DATETIME NOT NULL, `updatedAt` DATETIME NOT NULL, `stockQuantity` INTEGER NOT NULL DEFAULT '0');
Executing (default): INSERT INTO `Nodes_backup` SELECT `id`, `name`, `category`, `unit`, `pricePerUnit`, `userId`, `createdAt`, `updatedAt`, `stockQuantity` FROM `Nodes`;
Executing (default): DROP TABLE `Nodes`;
Executing (default): CREATE TABLE IF NOT EXISTS `Nodes` (`id` UUID UNIQUE PRIMARY KEY, `name` VARCHAR(255) NOT NULL, `category` VARCHAR(255) NOT NULL, `unit` VARCHAR(255) NOT NULL, `pricePerUnit` DECIMAL(10,2) NOT NULL DEFAULT '0', `userId` UUID REFERENCES `Users` (`id`) ON DELETE SET NULL ON UPDATE CASCADE, `createdAt` DATETIME NOT NULL, `updatedAt` DATETIME NOT NULL, `stockQuantity` INTEGER NOT NULL DEFAULT '0');
Executing (default): INSERT INTO `Nodes` SELECT `id`, `name`, `category`, `unit`, `pricePerUnit`, `userId`, `createdAt`, `updatedAt`, `stockQuantity` FROM `Nodes_backup`;
Executing (default): DROP TABLE `Nodes_backup`;
Executing (default): PRAGMA TABLE_INFO(`Nodes`);
Executing (default): PRAGMA INDEX_LIST(`Nodes`)
Executing (default): PRAGMA INDEX_INFO(`sqlite_autoindex_Nodes_1`)
Executing (default): PRAGMA foreign_key_list(`Nodes`)
Executing (default): CREATE TABLE IF NOT EXISTS `Nodes_backup` (`id` UUID UNIQUE PRIMARY KEY, `name` VARCHAR(255) NOT NULL, `category` VARCHAR(255) NOT NULL, `unit` VARCHAR(255) NOT NULL, `pricePerUnit` DECIMAL(10,2) NOT NULL DEFAULT '0', `userId` UUID REFERENCES `Users` (`id`), `createdAt` DATETIME NOT NULL, `updatedAt` DATETIME NOT NULL, `stockQuantity` INTEGER NOT NULL DEFAULT '0');
Executing (default): INSERT INTO `Nodes_backup` SELECT `id`, `name`, `category`, `unit`, `pricePerUnit`, `userId`, `createdAt`, `updatedAt`, `stockQuantity` FROM `Nodes`;
Executing (default): DROP TABLE `Nodes`;
Executing (default): CREATE TABLE IF NOT EXISTS `Nodes` (`id` UUID UNIQUE PRIMARY KEY, `name` VARCHAR(255) NOT NULL, `category` VARCHAR(255) NOT NULL, `unit` VARCHAR(255) NOT NULL, `pricePerUnit` DECIMAL(10,2) NOT NULL DEFAULT '0', `userId` UUID REFERENCES `Users` (`id`), `createdAt` DATETIME NOT NULL, `updatedAt` DATETIME NOT NULL, `stockQuantity` INTEGER NOT NULL DEFAULT '0');
Executing (default): INSERT INTO `Nodes` SELECT `id`, `name`, `category`, `unit`, `pricePerUnit`, `userId`, `createdAt`, `updatedAt`, `stockQuantity` FROM `Nodes_backup`;
Executing (default): DROP TABLE `Nodes_backup`;
Executing (default): PRAGMA TABLE_INFO(`Nodes`);
Executing (default): PRAGMA INDEX_LIST(`Nodes`)
Executing (default): PRAGMA INDEX_INFO(`sqlite_autoindex_Nodes_1`)
Executing (default): PRAGMA foreign_key_list(`Nodes`)
Executing (default): CREATE TABLE IF NOT EXISTS `Nodes_backup` (`id` UUID UNIQUE PRIMARY KEY, `name` VARCHAR(255) NOT NULL, `category` VARCHAR(255) NOT NULL, `unit` VARCHAR(255) NOT NULL, `pricePerUnit` DECIMAL(10,2) NOT NULL DEFAULT '0', `userId` UUID REFERENCES `Users` (`id`), `createdAt` DATETIME NOT NULL, `updatedAt` DATETIME NOT NULL, `stockQuantity` INTEGER NOT NULL DEFAULT '0');
Executing (default): INSERT INTO `Nodes_backup` SELECT `id`, `name`, `category`, `unit`, `pricePerUnit`, `userId`, `createdAt`, `updatedAt`, `stockQuantity` FROM `Nodes`;
Executing (default): DROP TABLE `Nodes`;
Executing (default): CREATE TABLE IF NOT EXISTS `Nodes` (`id` UUID UNIQUE PRIMARY KEY, `name` VARCHAR(255) NOT NULL, `category` VARCHAR(255) NOT NULL, `unit` VARCHAR(255) NOT NULL, `pricePerUnit` DECIMAL(10,2) NOT NULL DEFAULT '0', `userId` UUID REFERENCES `Users` (`id`), `createdAt` DATETIME NOT NULL, `updatedAt` DATETIME NOT NULL, `stockQuantity` INTEGER NOT NULL DEFAULT '0');
Executing (default): INSERT INTO `Nodes` SELECT `id`, `name`, `category`, `unit`, `pricePerUnit`, `userId`, `createdAt`, `updatedAt`, `stockQuantity` FROM `Nodes_backup`;
Executing (default): DROP TABLE `Nodes_backup`;
Executing (default): PRAGMA TABLE_INFO(`Nodes`);
Executing (default): PRAGMA INDEX_LIST(`Nodes`)
Executing (default): PRAGMA INDEX_INFO(`sqlite_autoindex_Nodes_1`)
Executing (default): PRAGMA foreign_key_list(`Nodes`)
Executing (default): CREATE TABLE IF NOT EXISTS `Nodes_backup` (`id` UUID UNIQUE PRIMARY KEY, `name` VARCHAR(255) NOT NULL, `category` VARCHAR(255) NOT NULL, `unit` VARCHAR(255) NOT NULL, `pricePerUnit` DECIMAL(10,2) NOT NULL DEFAULT '0', `userId` UUID REFERENCES `Users` (`id`), `createdAt` DATETIME NOT NULL, `updatedAt` DATETIME NOT NULL, `stockQuantity` INTEGER NOT NULL DEFAULT 0);
Executing (default): INSERT INTO `Nodes_backup` SELECT `id`, `name`, `category`, `unit`, `pricePerUnit`, `userId`, `createdAt`, `updatedAt`, `stockQuantity` FROM `Nodes`;
Executing (default): DROP TABLE `Nodes`;
Executing (default): CREATE TABLE IF NOT EXISTS `Nodes` (`id` UUID UNIQUE PRIMARY KEY, `name` VARCHAR(255) NOT NULL, `category` VARCHAR(255) NOT NULL, `unit` VARCHAR(255) NOT NULL, `pricePerUnit` DECIMAL(10,2) NOT NULL DEFAULT '0', `userId` UUID REFERENCES `Users` (`id`), `createdAt` DATETIME NOT NULL, `updatedAt` DATETIME NOT NULL, `stockQuantity` INTEGER NOT NULL DEFAULT 0);
Executing (default): INSERT INTO `Nodes` SELECT `id`, `name`, `category`, `unit`, `pricePerUnit`, `userId`, `createdAt`, `updatedAt`, `stockQuantity` FROM `Nodes_backup`;
Executing (default): DROP TABLE `Nodes_backup`;
Executing (default): PRAGMA INDEX_LIST(`Nodes`)
Executing (default): PRAGMA INDEX_INFO(`sqlite_autoindex_Nodes_1`)
Executing (default): SELECT name FROM sqlite_master WHERE type='table' AND name='Notifications';
Executing (default): PRAGMA TABLE_INFO(`Notifications`);
Executing (default): PRAGMA foreign_key_list(`Notifications`)
Executing (default): PRAGMA INDEX_LIST(`Notifications`)
Executing (default): PRAGMA foreign_key_list(`Notifications`)
Executing (default): PRAGMA TABLE_INFO(`Notifications`);
Executing (default): PRAGMA INDEX_LIST(`Notifications`)
Executing (default): PRAGMA foreign_key_list(`Notifications`)
Executing (default): CREATE TABLE IF NOT EXISTS `Notifications_backup` (`id` INTEGER PRIMARY KEY, `userId` UUID REFERENCES `Users` (`id`) ON DELETE NO ACTION ON UPDATE CASCADE, `type` VARCHAR(255), `title` VARCHAR(255), `message` TEXT, `isRead` TINYINT(1), `data` JSON, `createdAt` DATETIME NOT NULL, `updatedAt` DATETIME NOT NULL);
Executing (default): INSERT INTO `Notifications_backup` SELECT `id`, `userId`, `type`, `title`, `message`, `isRead`, `data`, `createdAt`, `updatedAt` FROM `Notifications`;
Executing (default): DROP TABLE `Notifications`;
Executing (default): CREATE TABLE IF NOT EXISTS `Notifications` (`id` INTEGER PRIMARY KEY, `userId` UUID REFERENCES `Users` (`id`) ON DELETE NO ACTION ON UPDATE CASCADE, `type` VARCHAR(255), `title` VARCHAR(255), `message` TEXT, `isRead` TINYINT(1), `data` JSON, `createdAt` DATETIME NOT NULL, `updatedAt` DATETIME NOT NULL);
Executing (default): INSERT INTO `Notifications` SELECT `id`, `userId`, `type`, `title`, `message`, `isRead`, `data`, `createdAt`, `updatedAt` FROM `Notifications_backup`;
Executing (default): DROP TABLE `Notifications_backup`;
Executing (default): PRAGMA TABLE_INFO(`Notifications`);
Executing (default): PRAGMA INDEX_LIST(`Notifications`)
Executing (default): PRAGMA foreign_key_list(`Notifications`)
Executing (default): CREATE TABLE IF NOT EXISTS `Notifications_backup` (`id` INTEGER PRIMARY KEY, `userId` UUID REFERENCES `Users` (`id`), `type` VARCHAR(255), `title` VARCHAR(255), `message` TEXT, `isRead` TINYINT(1), `data` JSON, `createdAt` DATETIME NOT NULL, `updatedAt` DATETIME NOT NULL);
Executing (default): INSERT INTO `Notifications_backup` SELECT `id`, `userId`, `type`, `title`, `message`, `isRead`, `data`, `createdAt`, `updatedAt` FROM `Notifications`;
Executing (default): DROP TABLE `Notifications`;
Executing (default): CREATE TABLE IF NOT EXISTS `Notifications` (`id` INTEGER PRIMARY KEY, `userId` UUID REFERENCES `Users` (`id`), `type` VARCHAR(255), `title` VARCHAR(255), `message` TEXT, `isRead` TINYINT(1), `data` JSON, `createdAt` DATETIME NOT NULL, `updatedAt` DATETIME NOT NULL);
Executing (default): INSERT INTO `Notifications` SELECT `id`, `userId`, `type`, `title`, `message`, `isRead`, `data`, `createdAt`, `updatedAt` FROM `Notifications_backup`;
Executing (default): DROP TABLE `Notifications_backup`;
Executing (default): PRAGMA TABLE_INFO(`Notifications`);
Executing (default): PRAGMA INDEX_LIST(`Notifications`)
Executing (default): PRAGMA foreign_key_list(`Notifications`)
Executing (default): CREATE TABLE IF NOT EXISTS `Notifications_backup` (`id` INTEGER PRIMARY KEY, `userId` UUID REFERENCES `Users` (`id`), `type` VARCHAR(255), `title` VARCHAR(255), `message` TEXT, `isRead` TINYINT(1), `data` JSON, `createdAt` DATETIME NOT NULL, `updatedAt` DATETIME NOT NULL);
[Audit] 📜 Logging AI_REASONING_TRACE on Oracle:15afe6fc-5678-46c5-882a-9464d95f14bb
Executing (default): INSERT INTO `AuditLogs` (`id`,`userId`,`action`,`entity`,`entityId`,`details`,`ipAddress`,`createdAt`) VALUES ($1,$2,$3,$4,$5,$6,$7,$8);
Executing (default): INSERT INTO `Notifications_backup` SELECT `id`, `userId`, `type`, `title`, `message`, `isRead`, `data`, `createdAt`, `updatedAt` FROM `Notifications`;
Executing (default): DROP TABLE `Notifications`;
Executing (default): SELECT count(*) AS `count` FROM `Nodes` AS `Node`;
Executing (default): SELECT count(*) AS `count` FROM `Equipment` AS `Equipment`;
Executing (default): SELECT `Project`.`id`, `Project`.`name`, `Project`.`client`, `Project`.`clientId`, `Project`.`status`, `Project`.`value`, `Project`.`description`, `Project`.`startDate`, `Project`.`endDate`, `Project`.`site`, `Project`.`userId`, `Project`.`latitude`, `Project`.`longitude`, `Project`.`version`, `Project`.`createdAt`, `Project`.`updatedAt` FROM `Projects` AS `Project`;
Executing (default): SELECT `id`, `name`, `role`, `userId`, `payRateBase`, `payRateOT1`, `payRateOT2`, `chargeOutBase`, `chargeOutOT1`, `chargeOutOT2`, `payRateNight`, `chargeOutNight`, `allowances`, `fatigueLevel`, `skillTags`, `historicalPerformance`, `createdAt`, `updatedAt` FROM `Staff` AS `Staff`;
Executing (default): SELECT `id`, `diaryId`, `projectId`, `clientId`, `invoiceType`, `invoiceNumber`, `invoiceData`, `totalAmount`, `pdfUrl`, `status`, `dueDate`, `notes`, `createdAt`, `updatedAt` FROM `Invoices` AS `Invoice`;
Executing (default): SELECT `id`, `name`, `company`, `email`, `phone`, `address`, `notes`, `status`, `tags`, `createdAt`, `updatedAt` FROM `Clients` AS `Client`;
Executing (default): SELECT `id`, `resourceType`, `resourceId`, `projectId`, `startDate`, `endDate`, `startTime`, `endTime`, `category`, `status`, `notes`, `createdAt`, `updatedAt` FROM `Allocations` AS `Allocation` WHERE `Allocation`.`status` = 'active';
Executing (default): SELECT `id`, `userId`, `type`, `title`, `message`, `isRead`, `data`, `createdAt`, `updatedAt` FROM `Notifications` AS `Notification` WHERE `Notification`.`userId` = '5e978b58-6854-4e95-9f46-03f1ab538dad' ORDER BY `Notification`.`createdAt` DESC LIMIT 20;
Executing (default): CREATE TABLE IF NOT EXISTS `Notifications` (`id` INTEGER PRIMARY KEY, `userId` UUID REFERENCES `Users` (`id`), `type` VARCHAR(255), `title` VARCHAR(255), `message` TEXT, `isRead` TINYINT(1), `data` JSON, `createdAt` DATETIME NOT NULL, `updatedAt` DATETIME NOT NULL);
Executing (default): INSERT INTO `Notifications` SELECT `id`, `userId`, `type`, `title`, `message`, `isRead`, `data`, `createdAt`, `updatedAt` FROM `Notifications_backup`;
Executing (default): SELECT `Diary`.* FROM (SELECT * FROM (SELECT `id`, `date`, `projectId`, `clientId`, `workerId`, `jobId`, `invoiceId`, `start`, `finish`, `breakMins`, `totalHours`, `ordinaryHours`, `ot1Hours`, `ot2Hours`, `costs`, `revenues`, `marginPct`, `canvasData`, `additionalCosts`, `attachments`, `gpsData`, `weatherData`, `totalCost`, `totalRevenue`, `productivityScore`, `notes`, `diaryType`, `version`, `createdAt`, `updatedAt` FROM `Diaries` AS `Diary` WHERE `Diary`.`projectId` = '770ae3d5-309e-4f4c-bf40-52f2217b6bc1' ORDER BY `Diary`.`date` DESC LIMIT 5) AS sub UNION SELECT * FROM (SELECT `id`, `date`, `projectId`, `clientId`, `workerId`, `jobId`, `invoiceId`, `start`, `finish`, `breakMins`, `totalHours`, `ordinaryHours`, `ot1Hours`, `ot2Hours`, `costs`, `revenues`, `marginPct`, `canvasData`, `additionalCosts`, `attachments`, `gpsData`, `weatherData`, `totalCost`, `totalRevenue`, `productivityScore`, `notes`, `diaryType`, `version`, `createdAt`, `updatedAt` FROM `Diaries` AS `Diary` WHERE `Diary`.`projectId` = '38b29d9e-2d5e-4fa6-a7f2-b9cf0949915a' ORDER BY `Diary`.`date` DESC LIMIT 5) AS sub UNION SELECT * FROM (SELECT `id`, `date`, `projectId`, `clientId`, `workerId`, `jobId`, `invoiceId`, `start`, `finish`, `breakMins`, `totalHours`, `ordinaryHours`, `ot1Hours`, `ot2Hours`, `costs`, `revenues`, `marginPct`, `canvasData`, `additionalCosts`, `attachments`, `gpsData`, `weatherData`, `totalCost`, `totalRevenue`, `productivityScore`, `notes`, `diaryType`, `version`, `createdAt`, `updatedAt` FROM `Diaries` AS `Diary` WHERE `Diary`.`projectId` = '8f9ceb10-e296-4ec2-bcf1-55c8112dd903' ORDER BY `Diary`.`date` DESC LIMIT 5) AS sub UNION SELECT * FROM (SELECT `id`, `date`, `projectId`, `clientId`, `workerId`, `jobId`, `invoiceId`, `start`, `finish`, `breakMins`, `totalHours`, `ordinaryHours`, `ot1Hours`, `ot2Hours`, `costs`, `revenues`, `marginPct`, `canvasData`, `additionalCosts`, `attachments`, `gpsData`, `weatherData`, `totalCost`, `totalRevenue`, `productivityScore`, `notes`, `diaryType`, `version`, `createdAt`, `updatedAt` FROM `Diaries` AS `Diary` WHERE `Diary`.`projectId` = '6543d753-eebd-4cd4-84d1-b8290bbe2936' ORDER BY `Diary`.`date` DESC LIMIT 5) AS sub UNION SELECT * FROM (SELECT `id`, `date`, `projectId`, `clientId`, `workerId`, `jobId`, `invoiceId`, `start`, `finish`, `breakMins`, `totalHours`, `ordinaryHours`, `ot1Hours`, `ot2Hours`, `costs`, `revenues`, `marginPct`, `canvasData`, `additionalCosts`, `attachments`, `gpsData`, `weatherData`, `totalCost`, `totalRevenue`, `productivityScore`, `notes`, `diaryType`, `version`, `createdAt`, `updatedAt` FROM `Diaries` AS `Diary` WHERE `Diary`.`projectId` = '36e11af6-1119-4c40-b6ee-ae9bffbeaff3' ORDER BY `Diary`.`date` DESC LIMIT 5) AS sub UNION SELECT * FROM (SELECT `id`, `date`, `projectId`, `clientId`, `workerId`, `jobId`, `invoiceId`, `start`, `finish`, `breakMins`, `totalHours`, `ordinaryHours`, `ot1Hours`, `ot2Hours`, `costs`, `revenues`, `marginPct`, `canvasData`, `additionalCosts`, `attachments`, `gpsData`, `weatherData`, `totalCost`, `totalRevenue`, `productivityScore`, `notes`, `diaryType`, `version`, `createdAt`, `updatedAt` FROM `Diaries` AS `Diary` WHERE `Diary`.`projectId` = 'dead99df-f7c0-42f3-b591-f17427663bbc' ORDER BY `Diary`.`date` DESC LIMIT 5) AS sub UNION SELECT * FROM (SELECT `id`, `date`, `projectId`, `clientId`, `workerId`, `jobId`, `invoiceId`, `start`, `finish`, `breakMins`, `totalHours`, `ordinaryHours`, `ot1Hours`, `ot2Hours`, `costs`, `revenues`, `marginPct`, `canvasData`, `additionalCosts`, `attachments`, `gpsData`, `weatherData`, `totalCost`, `totalRevenue`, `productivityScore`, `notes`, `diaryType`, `version`, `createdAt`, `updatedAt` FROM `Diaries` AS `Diary` WHERE `Diary`.`projectId` = '690a79be-1b26-492b-bb96-1ee29a844354' ORDER BY `Diary`.`date` DESC LIMIT 5) AS sub) AS `Diary`;
Executing (default): DROP TABLE `Notifications_backup`;
Executing (default): PRAGMA TABLE_INFO(`Notifications`);
Executing (default): SELECT sum(`totalRevenue`) AS `sum` FROM `Quotes` AS `Quote` WHERE `Quote`.`status` = 'approved';
Executing (default): PRAGMA INDEX_LIST(`Notifications`)
Executing (default): PRAGMA foreign_key_list(`Notifications`)
Executing (default): SELECT sum(`totalCost`) AS `sum` FROM `Diaries` AS `Diary`;
Executing (default): CREATE TABLE IF NOT EXISTS `Notifications_backup` (`id` INTEGER PRIMARY KEY, `userId` UUID REFERENCES `Users` (`id`), `type` VARCHAR(255), `title` VARCHAR(255), `message` TEXT, `isRead` TINYINT(1), `data` JSON, `createdAt` DATETIME NOT NULL, `updatedAt` DATETIME NOT NULL);
Executing (default): INSERT INTO `Notifications_backup` SELECT `id`, `userId`, `type`, `title`, `message`, `isRead`, `data`, `createdAt`, `updatedAt` FROM `Notifications`;
Executing (default): SELECT `notes` FROM `Diaries` AS `Diary` LIMIT 50;
Executing (default): DROP TABLE `Notifications`;
Executing (default): CREATE TABLE IF NOT EXISTS `Notifications` (`id` INTEGER PRIMARY KEY, `userId` UUID REFERENCES `Users` (`id`), `type` VARCHAR(255), `title` VARCHAR(255), `message` TEXT, `isRead` TINYINT(1), `data` JSON, `createdAt` DATETIME NOT NULL, `updatedAt` DATETIME NOT NULL);
Executing (default): SELECT `id`, `name`, `category`, `unit`, `pricePerUnit`, `stockQuantity`, `userId`, `createdAt`, `updatedAt` FROM `Nodes` AS `Node` WHERE `Node`.`category` = 'material' ORDER BY `Node`.`pricePerUnit` DESC LIMIT 10;
Executing (default): INSERT INTO `Notifications` SELECT `id`, `userId`, `type`, `title`, `message`, `isRead`, `data`, `createdAt`, `updatedAt` FROM `Notifications_backup`;
Executing (default): DROP TABLE `Notifications_backup`;
Executing (default): SELECT `notes`, `totalCost`, `totalRevenue`, `date` FROM `Diaries` AS `Diary` ORDER BY `Diary`.`date` DESC LIMIT 20;
Executing (default): PRAGMA TABLE_INFO(`Notifications`);
Executing (default): PRAGMA INDEX_LIST(`Notifications`)
Executing (default): SELECT `id`, `type`, `title`, `description`, `isRead`, `relatedModel`, `relatedId`, `priority`, `createdAt`, `updatedAt` FROM `Insights` AS `Insight` WHERE `Insight`.`type` = 'recommendation' ORDER BY `Insight`.`createdAt` DESC LIMIT 5;
Executing (default): PRAGMA foreign_key_list(`Notifications`)
Executing (default): CREATE TABLE IF NOT EXISTS `Notifications_backup` (`id` INTEGER PRIMARY KEY, `userId` UUID REFERENCES `Users` (`id`), `type` VARCHAR(255), `title` VARCHAR(255), `message` TEXT, `isRead` TINYINT(1), `data` JSON, `createdAt` DATETIME NOT NULL, `updatedAt` DATETIME NOT NULL);
Executing (default): INSERT INTO `Notifications_backup` SELECT `id`, `userId`, `type`, `title`, `message`, `isRead`, `data`, `createdAt`, `updatedAt` FROM `Notifications`;
Executing (default): DROP TABLE `Notifications`;
Executing (default): CREATE TABLE IF NOT EXISTS `Notifications` (`id` INTEGER PRIMARY KEY, `userId` UUID REFERENCES `Users` (`id`), `type` VARCHAR(255), `title` VARCHAR(255), `message` TEXT, `isRead` TINYINT(1), `data` JSON, `createdAt` DATETIME NOT NULL, `updatedAt` DATETIME NOT NULL);
Executing (default): INSERT INTO `Notifications` SELECT `id`, `userId`, `type`, `title`, `message`, `isRead`, `data`, `createdAt`, `updatedAt` FROM `Notifications_backup`;
Executing (default): DROP TABLE `Notifications_backup`;
Executing (default): PRAGMA TABLE_INFO(`Notifications`);
Executing (default): PRAGMA INDEX_LIST(`Notifications`)
Executing (default): PRAGMA foreign_key_list(`Notifications`)
Executing (default): CREATE TABLE IF NOT EXISTS `Notifications_backup` (`id` INTEGER PRIMARY KEY, `userId` UUID REFERENCES `Users` (`id`), `type` VARCHAR(255), `title` VARCHAR(255), `message` TEXT, `isRead` TINYINT(1), `data` JSON, `createdAt` DATETIME NOT NULL, `updatedAt` DATETIME NOT NULL);
Executing (default): INSERT INTO `Notifications_backup` SELECT `id`, `userId`, `type`, `title`, `message`, `isRead`, `data`, `createdAt`, `updatedAt` FROM `Notifications`;
Executing (default): DROP TABLE `Notifications`;
Executing (default): CREATE TABLE IF NOT EXISTS `Notifications` (`id` INTEGER PRIMARY KEY, `userId` UUID REFERENCES `Users` (`id`), `type` VARCHAR(255), `title` VARCHAR(255), `message` TEXT, `isRead` TINYINT(1), `data` JSON, `createdAt` DATETIME NOT NULL, `updatedAt` DATETIME NOT NULL);
Executing (default): INSERT INTO `Notifications` SELECT `id`, `userId`, `type`, `title`, `message`, `isRead`, `data`, `createdAt`, `updatedAt` FROM `Notifications_backup`;
Executing (default): DROP TABLE `Notifications_backup`;
Executing (default): PRAGMA TABLE_INFO(`Notifications`);
Executing (default): PRAGMA INDEX_LIST(`Notifications`)
Executing (default): PRAGMA foreign_key_list(`Notifications`)
Executing (default): CREATE TABLE IF NOT EXISTS `Notifications_backup` (`id` INTEGER PRIMARY KEY, `userId` UUID REFERENCES `Users` (`id`), `type` VARCHAR(255), `title` VARCHAR(255), `message` TEXT, `isRead` TINYINT(1), `data` JSON, `createdAt` DATETIME NOT NULL, `updatedAt` DATETIME NOT NULL);
Executing (default): INSERT INTO `Notifications_backup` SELECT `id`, `userId`, `type`, `title`, `message`, `isRead`, `data`, `createdAt`, `updatedAt` FROM `Notifications`;
Executing (default): DROP TABLE `Notifications`;
Executing (default): CREATE TABLE IF NOT EXISTS `Notifications` (`id` INTEGER PRIMARY KEY, `userId` UUID REFERENCES `Users` (`id`), `type` VARCHAR(255), `title` VARCHAR(255), `message` TEXT, `isRead` TINYINT(1), `data` JSON, `createdAt` DATETIME NOT NULL, `updatedAt` DATETIME NOT NULL);
Executing (default): INSERT INTO `Notifications` SELECT `id`, `userId`, `type`, `title`, `message`, `isRead`, `data`, `createdAt`, `updatedAt` FROM `Notifications_backup`;
Executing (default): DROP TABLE `Notifications_backup`;
Executing (default): PRAGMA TABLE_INFO(`Notifications`);
Executing (default): PRAGMA INDEX_LIST(`Notifications`)
Executing (default): PRAGMA foreign_key_list(`Notifications`)
Executing (default): CREATE TABLE IF NOT EXISTS `Notifications_backup` (`id` INTEGER PRIMARY KEY, `userId` UUID REFERENCES `Users` (`id`), `type` VARCHAR(255), `title` VARCHAR(255), `message` TEXT, `isRead` TINYINT(1), `data` JSON, `createdAt` DATETIME NOT NULL, `updatedAt` DATETIME NOT NULL);
Executing (default): INSERT INTO `Notifications_backup` SELECT `id`, `userId`, `type`, `title`, `message`, `isRead`, `data`, `createdAt`, `updatedAt` FROM `Notifications`;
Executing (default): DROP TABLE `Notifications`;
Executing (default): CREATE TABLE IF NOT EXISTS `Notifications` (`id` INTEGER PRIMARY KEY, `userId` UUID REFERENCES `Users` (`id`), `type` VARCHAR(255), `title` VARCHAR(255), `message` TEXT, `isRead` TINYINT(1), `data` JSON, `createdAt` DATETIME NOT NULL, `updatedAt` DATETIME NOT NULL);
Executing (default): INSERT INTO `Notifications` SELECT `id`, `userId`, `type`, `title`, `message`, `isRead`, `data`, `createdAt`, `updatedAt` FROM `Notifications_backup`;
Executing (default): DROP TABLE `Notifications_backup`;
Executing (default): PRAGMA INDEX_LIST(`Notifications`)
Executing (default): SELECT name FROM sqlite_master WHERE type='table' AND name='Projects';
Executing (default): PRAGMA TABLE_INFO(`Projects`);
Executing (default): PRAGMA foreign_key_list(`Projects`)
Executing (default): PRAGMA INDEX_LIST(`Projects`)
Executing (default): PRAGMA INDEX_INFO(`sqlite_autoindex_Projects_1`)
Executing (default): PRAGMA foreign_key_list(`Projects`)
Executing (default): PRAGMA TABLE_INFO(`Projects`);
Executing (default): PRAGMA INDEX_LIST(`Projects`)
Executing (default): PRAGMA INDEX_INFO(`sqlite_autoindex_Projects_1`)
Executing (default): PRAGMA foreign_key_list(`Projects`)
Executing (default): CREATE TABLE IF NOT EXISTS `Projects_backup` (`id` UUID UNIQUE PRIMARY KEY, `name` VARCHAR(255) NOT NULL, `client` VARCHAR(255), `status` VARCHAR(255) DEFAULT 'active', `value` DECIMAL(15,2), `description` TEXT, `startDate` DATE, `endDate` DATE, `site` VARCHAR(255) NOT NULL, `userId` UUID REFERENCES `Users` (`id`), `latitude` DECIMAL(10,7), `longitude` DECIMAL(11,8), `createdAt` DATETIME NOT NULL, `updatedAt` DATETIME NOT NULL, `clientId` UUID REFERENCES `Clients` (`id`), `version` INTEGER NOT NULL DEFAULT '0');
Executing (default): INSERT INTO `Projects_backup` SELECT `id`, `name`, `client`, `status`, `value`, `description`, `startDate`, `endDate`, `site`, `userId`, `latitude`, `longitude`, `createdAt`, `updatedAt`, `clientId`, `version` FROM `Projects`;
Executing (default): DROP TABLE `Projects`;
Executing (default): CREATE TABLE IF NOT EXISTS `Projects` (`id` UUID UNIQUE PRIMARY KEY, `name` VARCHAR(255) NOT NULL, `client` VARCHAR(255), `status` VARCHAR(255) DEFAULT 'active', `value` DECIMAL(15,2), `description` TEXT, `startDate` DATE, `endDate` DATE, `site` VARCHAR(255) NOT NULL, `userId` UUID REFERENCES `Users` (`id`), `latitude` DECIMAL(10,7), `longitude` DECIMAL(11,8), `createdAt` DATETIME NOT NULL, `updatedAt` DATETIME NOT NULL, `clientId` UUID REFERENCES `Clients` (`id`), `version` INTEGER NOT NULL DEFAULT '0');
Executing (default): INSERT INTO `Projects` SELECT `id`, `name`, `client`, `status`, `value`, `description`, `startDate`, `endDate`, `site`, `userId`, `latitude`, `longitude`, `createdAt`, `updatedAt`, `clientId`, `version` FROM `Projects_backup`;
Executing (default): DROP TABLE `Projects_backup`;
Executing (default): PRAGMA TABLE_INFO(`Projects`);
Executing (default): PRAGMA INDEX_LIST(`Projects`)
Executing (default): PRAGMA INDEX_INFO(`sqlite_autoindex_Projects_1`)
Executing (default): PRAGMA foreign_key_list(`Projects`)
Executing (default): CREATE TABLE IF NOT EXISTS `Projects_backup` (`id` UUID UNIQUE PRIMARY KEY, `name` VARCHAR(255) NOT NULL, `client` VARCHAR(255), `status` VARCHAR(255) DEFAULT 'active', `value` DECIMAL(15,2), `description` TEXT, `startDate` DATE, `endDate` DATE, `site` VARCHAR(255) NOT NULL, `userId` UUID REFERENCES `Users` (`id`), `latitude` DECIMAL(10,7), `longitude` DECIMAL(11,8), `createdAt` DATETIME NOT NULL, `updatedAt` DATETIME NOT NULL, `clientId` UUID REFERENCES `Clients` (`id`), `version` INTEGER NOT NULL DEFAULT '0');
Executing (default): INSERT INTO `Projects_backup` SELECT `id`, `name`, `client`, `status`, `value`, `description`, `startDate`, `endDate`, `site`, `userId`, `latitude`, `longitude`, `createdAt`, `updatedAt`, `clientId`, `version` FROM `Projects`;
Executing (default): DROP TABLE `Projects`;
Executing (default): CREATE TABLE IF NOT EXISTS `Projects` (`id` UUID UNIQUE PRIMARY KEY, `name` VARCHAR(255) NOT NULL, `client` VARCHAR(255), `status` VARCHAR(255) DEFAULT 'active', `value` DECIMAL(15,2), `description` TEXT, `startDate` DATE, `endDate` DATE, `site` VARCHAR(255) NOT NULL, `userId` UUID REFERENCES `Users` (`id`), `latitude` DECIMAL(10,7), `longitude` DECIMAL(11,8), `createdAt` DATETIME NOT NULL, `updatedAt` DATETIME NOT NULL, `clientId` UUID REFERENCES `Clients` (`id`), `version` INTEGER NOT NULL DEFAULT '0');
Executing (default): INSERT INTO `Projects` SELECT `id`, `name`, `client`, `status`, `value`, `description`, `startDate`, `endDate`, `site`, `userId`, `latitude`, `longitude`, `createdAt`, `updatedAt`, `clientId`, `version` FROM `Projects_backup`;
Executing (default): DROP TABLE `Projects_backup`;
Executing (default): PRAGMA TABLE_INFO(`Projects`);
Executing (default): PRAGMA INDEX_LIST(`Projects`)
Executing (default): PRAGMA INDEX_INFO(`sqlite_autoindex_Projects_1`)
Executing (default): PRAGMA foreign_key_list(`Projects`)
Executing (default): CREATE TABLE IF NOT EXISTS `Projects_backup` (`id` UUID UNIQUE PRIMARY KEY, `name` VARCHAR(255) NOT NULL, `client` VARCHAR(255), `status` VARCHAR(255) DEFAULT 'active', `value` DECIMAL(15,2), `description` TEXT, `startDate` DATE, `endDate` DATE, `site` VARCHAR(255) NOT NULL, `userId` UUID REFERENCES `Users` (`id`), `latitude` DECIMAL(10,7), `longitude` DECIMAL(11,8), `createdAt` DATETIME NOT NULL, `updatedAt` DATETIME NOT NULL, `clientId` UUID REFERENCES `Clients` (`id`), `version` INTEGER NOT NULL DEFAULT '0');
Executing (default): INSERT INTO `Projects_backup` SELECT `id`, `name`, `client`, `status`, `value`, `description`, `startDate`, `endDate`, `site`, `userId`, `latitude`, `longitude`, `createdAt`, `updatedAt`, `clientId`, `version` FROM `Projects`;
Executing (default): DROP TABLE `Projects`;
Executing (default): CREATE TABLE IF NOT EXISTS `Projects` (`id` UUID UNIQUE PRIMARY KEY, `name` VARCHAR(255) NOT NULL, `client` VARCHAR(255), `status` VARCHAR(255) DEFAULT 'active', `value` DECIMAL(15,2), `description` TEXT, `startDate` DATE, `endDate` DATE, `site` VARCHAR(255) NOT NULL, `userId` UUID REFERENCES `Users` (`id`), `latitude` DECIMAL(10,7), `longitude` DECIMAL(11,8), `createdAt` DATETIME NOT NULL, `updatedAt` DATETIME NOT NULL, `clientId` UUID REFERENCES `Clients` (`id`), `version` INTEGER NOT NULL DEFAULT '0');
Executing (default): INSERT INTO `Projects` SELECT `id`, `name`, `client`, `status`, `value`, `description`, `startDate`, `endDate`, `site`, `userId`, `latitude`, `longitude`, `createdAt`, `updatedAt`, `clientId`, `version` FROM `Projects_backup`;
Executing (default): DROP TABLE `Projects_backup`;
Executing (default): PRAGMA TABLE_INFO(`Projects`);
Executing (default): PRAGMA INDEX_LIST(`Projects`)
Executing (default): PRAGMA INDEX_INFO(`sqlite_autoindex_Projects_1`)
Executing (default): PRAGMA foreign_key_list(`Projects`)
Executing (default): CREATE TABLE IF NOT EXISTS `Projects_backup` (`id` UUID UNIQUE PRIMARY KEY, `name` VARCHAR(255) NOT NULL, `client` VARCHAR(255), `status` VARCHAR(255) DEFAULT 'active', `value` DECIMAL(15,2), `description` TEXT, `startDate` DATE, `endDate` DATE, `site` VARCHAR(255) NOT NULL, `userId` UUID REFERENCES `Users` (`id`), `latitude` DECIMAL(10,7), `longitude` DECIMAL(11,8), `createdAt` DATETIME NOT NULL, `updatedAt` DATETIME NOT NULL, `clientId` UUID REFERENCES `Clients` (`id`), `version` INTEGER NOT NULL DEFAULT '0');
Executing (default): INSERT INTO `Projects_backup` SELECT `id`, `name`, `client`, `status`, `value`, `description`, `startDate`, `endDate`, `site`, `userId`, `latitude`, `longitude`, `createdAt`, `updatedAt`, `clientId`, `version` FROM `Projects`;
Executing (default): DROP TABLE `Projects`;
Executing (default): CREATE TABLE IF NOT EXISTS `Projects` (`id` UUID UNIQUE PRIMARY KEY, `name` VARCHAR(255) NOT NULL, `client` VARCHAR(255), `status` VARCHAR(255) DEFAULT 'active', `value` DECIMAL(15,2), `description` TEXT, `startDate` DATE, `endDate` DATE, `site` VARCHAR(255) NOT NULL, `userId` UUID REFERENCES `Users` (`id`), `latitude` DECIMAL(10,7), `longitude` DECIMAL(11,8), `createdAt` DATETIME NOT NULL, `updatedAt` DATETIME NOT NULL, `clientId` UUID REFERENCES `Clients` (`id`), `version` INTEGER NOT NULL DEFAULT '0');
Executing (default): INSERT INTO `Projects` SELECT `id`, `name`, `client`, `status`, `value`, `description`, `startDate`, `endDate`, `site`, `userId`, `latitude`, `longitude`, `createdAt`, `updatedAt`, `clientId`, `version` FROM `Projects_backup`;
Executing (default): DROP TABLE `Projects_backup`;
Executing (default): PRAGMA TABLE_INFO(`Projects`);
Executing (default): PRAGMA INDEX_LIST(`Projects`)
Executing (default): PRAGMA INDEX_INFO(`sqlite_autoindex_Projects_1`)
Executing (default): PRAGMA foreign_key_list(`Projects`)
Executing (default): CREATE TABLE IF NOT EXISTS `Projects_backup` (`id` UUID UNIQUE PRIMARY KEY, `name` VARCHAR(255) NOT NULL, `client` VARCHAR(255), `status` VARCHAR(255) DEFAULT 'active', `value` DECIMAL(15,2), `description` TEXT, `startDate` DATE, `endDate` DATE, `site` VARCHAR(255) NOT NULL, `userId` UUID REFERENCES `Users` (`id`), `latitude` DECIMAL(10,7), `longitude` DECIMAL(11,8), `createdAt` DATETIME NOT NULL, `updatedAt` DATETIME NOT NULL, `clientId` UUID REFERENCES `Clients` (`id`), `version` INTEGER NOT NULL DEFAULT '0');
Executing (default): INSERT INTO `Projects_backup` SELECT `id`, `name`, `client`, `status`, `value`, `description`, `startDate`, `endDate`, `site`, `userId`, `latitude`, `longitude`, `createdAt`, `updatedAt`, `clientId`, `version` FROM `Projects`;
Executing (default): DROP TABLE `Projects`;
Executing (default): CREATE TABLE IF NOT EXISTS `Projects` (`id` UUID UNIQUE PRIMARY KEY, `name` VARCHAR(255) NOT NULL, `client` VARCHAR(255), `status` VARCHAR(255) DEFAULT 'active', `value` DECIMAL(15,2), `description` TEXT, `startDate` DATE, `endDate` DATE, `site` VARCHAR(255) NOT NULL, `userId` UUID REFERENCES `Users` (`id`), `latitude` DECIMAL(10,7), `longitude` DECIMAL(11,8), `createdAt` DATETIME NOT NULL, `updatedAt` DATETIME NOT NULL, `clientId` UUID REFERENCES `Clients` (`id`), `version` INTEGER NOT NULL DEFAULT '0');
Executing (default): INSERT INTO `Projects` SELECT `id`, `name`, `client`, `status`, `value`, `description`, `startDate`, `endDate`, `site`, `userId`, `latitude`, `longitude`, `createdAt`, `updatedAt`, `clientId`, `version` FROM `Projects_backup`;
Executing (default): DROP TABLE `Projects_backup`;
Executing (default): PRAGMA TABLE_INFO(`Projects`);
Executing (default): PRAGMA INDEX_LIST(`Projects`)
Executing (default): PRAGMA INDEX_INFO(`sqlite_autoindex_Projects_1`)
Executing (default): PRAGMA foreign_key_list(`Projects`)
Executing (default): CREATE TABLE IF NOT EXISTS `Projects_backup` (`id` UUID UNIQUE PRIMARY KEY, `name` VARCHAR(255) NOT NULL, `client` VARCHAR(255), `status` VARCHAR(255) DEFAULT 'active', `value` DECIMAL(15,2), `description` TEXT, `startDate` DATE, `endDate` DATE, `site` VARCHAR(255) NOT NULL, `userId` UUID REFERENCES `Users` (`id`), `latitude` DECIMAL(10,7), `longitude` DECIMAL(11,8), `createdAt` DATETIME NOT NULL, `updatedAt` DATETIME NOT NULL, `clientId` UUID REFERENCES `Clients` (`id`), `version` INTEGER NOT NULL DEFAULT '0');
Executing (default): INSERT INTO `Projects_backup` SELECT `id`, `name`, `client`, `status`, `value`, `description`, `startDate`, `endDate`, `site`, `userId`, `latitude`, `longitude`, `createdAt`, `updatedAt`, `clientId`, `version` FROM `Projects`;
Executing (default): DROP TABLE `Projects`;
Executing (default): CREATE TABLE IF NOT EXISTS `Projects` (`id` UUID UNIQUE PRIMARY KEY, `name` VARCHAR(255) NOT NULL, `client` VARCHAR(255), `status` VARCHAR(255) DEFAULT 'active', `value` DECIMAL(15,2), `description` TEXT, `startDate` DATE, `endDate` DATE, `site` VARCHAR(255) NOT NULL, `userId` UUID REFERENCES `Users` (`id`), `latitude` DECIMAL(10,7), `longitude` DECIMAL(11,8), `createdAt` DATETIME NOT NULL, `updatedAt` DATETIME NOT NULL, `clientId` UUID REFERENCES `Clients` (`id`), `version` INTEGER NOT NULL DEFAULT '0');
Executing (default): INSERT INTO `Projects` SELECT `id`, `name`, `client`, `status`, `value`, `description`, `startDate`, `endDate`, `site`, `userId`, `latitude`, `longitude`, `createdAt`, `updatedAt`, `clientId`, `version` FROM `Projects_backup`;
Executing (default): DROP TABLE `Projects_backup`;
Executing (default): PRAGMA TABLE_INFO(`Projects`);
Executing (default): PRAGMA INDEX_LIST(`Projects`)
Executing (default): PRAGMA INDEX_INFO(`sqlite_autoindex_Projects_1`)
Executing (default): PRAGMA foreign_key_list(`Projects`)
Executing (default): CREATE TABLE IF NOT EXISTS `Projects_backup` (`id` UUID UNIQUE PRIMARY KEY, `name` VARCHAR(255) NOT NULL, `client` VARCHAR(255), `status` VARCHAR(255) DEFAULT 'active', `value` DECIMAL(15,2), `description` TEXT, `startDate` DATE, `endDate` DATE, `site` VARCHAR(255) NOT NULL, `userId` UUID REFERENCES `Users` (`id`), `latitude` DECIMAL(10,7), `longitude` DECIMAL(11,8), `createdAt` DATETIME NOT NULL, `updatedAt` DATETIME NOT NULL, `clientId` UUID REFERENCES `Clients` (`id`), `version` INTEGER NOT NULL DEFAULT '0');
Executing (default): INSERT INTO `Projects_backup` SELECT `id`, `name`, `client`, `status`, `value`, `description`, `startDate`, `endDate`, `site`, `userId`, `latitude`, `longitude`, `createdAt`, `updatedAt`, `clientId`, `version` FROM `Projects`;
Executing (default): DROP TABLE `Projects`;
Executing (default): CREATE TABLE IF NOT EXISTS `Projects` (`id` UUID UNIQUE PRIMARY KEY, `name` VARCHAR(255) NOT NULL, `client` VARCHAR(255), `status` VARCHAR(255) DEFAULT 'active', `value` DECIMAL(15,2), `description` TEXT, `startDate` DATE, `endDate` DATE, `site` VARCHAR(255) NOT NULL, `userId` UUID REFERENCES `Users` (`id`), `latitude` DECIMAL(10,7), `longitude` DECIMAL(11,8), `createdAt` DATETIME NOT NULL, `updatedAt` DATETIME NOT NULL, `clientId` UUID REFERENCES `Clients` (`id`), `version` INTEGER NOT NULL DEFAULT '0');
Executing (default): INSERT INTO `Projects` SELECT `id`, `name`, `client`, `status`, `value`, `description`, `startDate`, `endDate`, `site`, `userId`, `latitude`, `longitude`, `createdAt`, `updatedAt`, `clientId`, `version` FROM `Projects_backup`;
Executing (default): DROP TABLE `Projects_backup`;
Executing (default): PRAGMA TABLE_INFO(`Projects`);
Executing (default): PRAGMA INDEX_LIST(`Projects`)
Executing (default): PRAGMA INDEX_INFO(`sqlite_autoindex_Projects_1`)
Executing (default): PRAGMA foreign_key_list(`Projects`)
Executing (default): CREATE TABLE IF NOT EXISTS `Projects_backup` (`id` UUID UNIQUE PRIMARY KEY, `name` VARCHAR(255) NOT NULL, `client` VARCHAR(255), `status` VARCHAR(255) DEFAULT 'active', `value` DECIMAL(15,2), `description` TEXT, `startDate` DATE, `endDate` DATE, `site` VARCHAR(255) NOT NULL, `userId` UUID REFERENCES `Users` (`id`), `latitude` DECIMAL(10,7), `longitude` DECIMAL(11,8), `createdAt` DATETIME NOT NULL, `updatedAt` DATETIME NOT NULL, `clientId` UUID REFERENCES `Clients` (`id`), `version` INTEGER NOT NULL DEFAULT '0');
Executing (default): INSERT INTO `Projects_backup` SELECT `id`, `name`, `client`, `status`, `value`, `description`, `startDate`, `endDate`, `site`, `userId`, `latitude`, `longitude`, `createdAt`, `updatedAt`, `clientId`, `version` FROM `Projects`;
Executing (default): DROP TABLE `Projects`;
Executing (default): CREATE TABLE IF NOT EXISTS `Projects` (`id` UUID UNIQUE PRIMARY KEY, `name` VARCHAR(255) NOT NULL, `client` VARCHAR(255), `status` VARCHAR(255) DEFAULT 'active', `value` DECIMAL(15,2), `description` TEXT, `startDate` DATE, `endDate` DATE, `site` VARCHAR(255) NOT NULL, `userId` UUID REFERENCES `Users` (`id`), `latitude` DECIMAL(10,7), `longitude` DECIMAL(11,8), `createdAt` DATETIME NOT NULL, `updatedAt` DATETIME NOT NULL, `clientId` UUID REFERENCES `Clients` (`id`), `version` INTEGER NOT NULL DEFAULT '0');
Executing (default): INSERT INTO `Projects` SELECT `id`, `name`, `client`, `status`, `value`, `description`, `startDate`, `endDate`, `site`, `userId`, `latitude`, `longitude`, `createdAt`, `updatedAt`, `clientId`, `version` FROM `Projects_backup`;
Executing (default): DROP TABLE `Projects_backup`;
Executing (default): PRAGMA TABLE_INFO(`Projects`);
Executing (default): PRAGMA INDEX_LIST(`Projects`)
Executing (default): PRAGMA INDEX_INFO(`sqlite_autoindex_Projects_1`)
Executing (default): PRAGMA foreign_key_list(`Projects`)
Executing (default): CREATE TABLE IF NOT EXISTS `Projects_backup` (`id` UUID UNIQUE PRIMARY KEY, `name` VARCHAR(255) NOT NULL, `client` VARCHAR(255), `status` VARCHAR(255) DEFAULT 'active', `value` DECIMAL(15,2), `description` TEXT, `startDate` DATE, `endDate` DATE, `site` VARCHAR(255) NOT NULL, `userId` UUID REFERENCES `Users` (`id`) ON DELETE SET NULL ON UPDATE CASCADE, `latitude` DECIMAL(10,7), `longitude` DECIMAL(11,8), `createdAt` DATETIME NOT NULL, `updatedAt` DATETIME NOT NULL, `clientId` UUID REFERENCES `Clients` (`id`), `version` INTEGER NOT NULL DEFAULT '0');
Executing (default): INSERT INTO `Projects_backup` SELECT `id`, `name`, `client`, `status`, `value`, `description`, `startDate`, `endDate`, `site`, `userId`, `latitude`, `longitude`, `createdAt`, `updatedAt`, `clientId`, `version` FROM `Projects`;
Executing (default): DROP TABLE `Projects`;
Executing (default): CREATE TABLE IF NOT EXISTS `Projects` (`id` UUID UNIQUE PRIMARY KEY, `name` VARCHAR(255) NOT NULL, `client` VARCHAR(255), `status` VARCHAR(255) DEFAULT 'active', `value` DECIMAL(15,2), `description` TEXT, `startDate` DATE, `endDate` DATE, `site` VARCHAR(255) NOT NULL, `userId` UUID REFERENCES `Users` (`id`) ON DELETE SET NULL ON UPDATE CASCADE, `latitude` DECIMAL(10,7), `longitude` DECIMAL(11,8), `createdAt` DATETIME NOT NULL, `updatedAt` DATETIME NOT NULL, `clientId` UUID REFERENCES `Clients` (`id`), `version` INTEGER NOT NULL DEFAULT '0');
Executing (default): INSERT INTO `Projects` SELECT `id`, `name`, `client`, `status`, `value`, `description`, `startDate`, `endDate`, `site`, `userId`, `latitude`, `longitude`, `createdAt`, `updatedAt`, `clientId`, `version` FROM `Projects_backup`;
Executing (default): DROP TABLE `Projects_backup`;
Executing (default): PRAGMA TABLE_INFO(`Projects`);
Executing (default): PRAGMA INDEX_LIST(`Projects`)
Executing (default): PRAGMA INDEX_INFO(`sqlite_autoindex_Projects_1`)
Executing (default): PRAGMA foreign_key_list(`Projects`)
Executing (default): CREATE TABLE IF NOT EXISTS `Projects_backup` (`id` UUID UNIQUE PRIMARY KEY, `name` VARCHAR(255) NOT NULL, `client` VARCHAR(255), `status` VARCHAR(255) DEFAULT 'active', `value` DECIMAL(15,2), `description` TEXT, `startDate` DATE, `endDate` DATE, `site` VARCHAR(255) NOT NULL, `userId` UUID REFERENCES `Users` (`id`), `latitude` DECIMAL(10,7), `longitude` DECIMAL(11,8), `createdAt` DATETIME NOT NULL, `updatedAt` DATETIME NOT NULL, `clientId` UUID REFERENCES `Clients` (`id`), `version` INTEGER NOT NULL DEFAULT '0');
Executing (default): INSERT INTO `Projects_backup` SELECT `id`, `name`, `client`, `status`, `value`, `description`, `startDate`, `endDate`, `site`, `userId`, `latitude`, `longitude`, `createdAt`, `updatedAt`, `clientId`, `version` FROM `Projects`;
Executing (default): DROP TABLE `Projects`;
Executing (default): CREATE TABLE IF NOT EXISTS `Projects` (`id` UUID UNIQUE PRIMARY KEY, `name` VARCHAR(255) NOT NULL, `client` VARCHAR(255), `status` VARCHAR(255) DEFAULT 'active', `value` DECIMAL(15,2), `description` TEXT, `startDate` DATE, `endDate` DATE, `site` VARCHAR(255) NOT NULL, `userId` UUID REFERENCES `Users` (`id`), `latitude` DECIMAL(10,7), `longitude` DECIMAL(11,8), `createdAt` DATETIME NOT NULL, `updatedAt` DATETIME NOT NULL, `clientId` UUID REFERENCES `Clients` (`id`), `version` INTEGER NOT NULL DEFAULT '0');
Executing (default): INSERT INTO `Projects` SELECT `id`, `name`, `client`, `status`, `value`, `description`, `startDate`, `endDate`, `site`, `userId`, `latitude`, `longitude`, `createdAt`, `updatedAt`, `clientId`, `version` FROM `Projects_backup`;
Executing (default): DROP TABLE `Projects_backup`;
Executing (default): PRAGMA TABLE_INFO(`Projects`);
Executing (default): PRAGMA INDEX_LIST(`Projects`)
Executing (default): PRAGMA INDEX_INFO(`sqlite_autoindex_Projects_1`)
Executing (default): PRAGMA foreign_key_list(`Projects`)
Executing (default): CREATE TABLE IF NOT EXISTS `Projects_backup` (`id` UUID UNIQUE PRIMARY KEY, `name` VARCHAR(255) NOT NULL, `client` VARCHAR(255), `status` VARCHAR(255) DEFAULT 'active', `value` DECIMAL(15,2), `description` TEXT, `startDate` DATE, `endDate` DATE, `site` VARCHAR(255) NOT NULL, `userId` UUID REFERENCES `Users` (`id`), `latitude` DECIMAL(10,7), `longitude` DECIMAL(11,8), `createdAt` DATETIME NOT NULL, `updatedAt` DATETIME NOT NULL, `clientId` UUID REFERENCES `Clients` (`id`), `version` INTEGER NOT NULL DEFAULT '0');
Executing (default): INSERT INTO `Projects_backup` SELECT `id`, `name`, `client`, `status`, `value`, `description`, `startDate`, `endDate`, `site`, `userId`, `latitude`, `longitude`, `createdAt`, `updatedAt`, `clientId`, `version` FROM `Projects`;
Executing (default): DROP TABLE `Projects`;
Executing (default): CREATE TABLE IF NOT EXISTS `Projects` (`id` UUID UNIQUE PRIMARY KEY, `name` VARCHAR(255) NOT NULL, `client` VARCHAR(255), `status` VARCHAR(255) DEFAULT 'active', `value` DECIMAL(15,2), `description` TEXT, `startDate` DATE, `endDate` DATE, `site` VARCHAR(255) NOT NULL, `userId` UUID REFERENCES `Users` (`id`), `latitude` DECIMAL(10,7), `longitude` DECIMAL(11,8), `createdAt` DATETIME NOT NULL, `updatedAt` DATETIME NOT NULL, `clientId` UUID REFERENCES `Clients` (`id`), `version` INTEGER NOT NULL DEFAULT '0');
Executing (default): INSERT INTO `Projects` SELECT `id`, `name`, `client`, `status`, `value`, `description`, `startDate`, `endDate`, `site`, `userId`, `latitude`, `longitude`, `createdAt`, `updatedAt`, `clientId`, `version` FROM `Projects_backup`;
Executing (default): DROP TABLE `Projects_backup`;
Executing (default): PRAGMA TABLE_INFO(`Projects`);
Executing (default): PRAGMA INDEX_LIST(`Projects`)
Executing (default): PRAGMA INDEX_INFO(`sqlite_autoindex_Projects_1`)
Executing (default): PRAGMA foreign_key_list(`Projects`)
Executing (default): CREATE TABLE IF NOT EXISTS `Projects_backup` (`id` UUID UNIQUE PRIMARY KEY, `name` VARCHAR(255) NOT NULL, `client` VARCHAR(255), `status` VARCHAR(255) DEFAULT 'active', `value` DECIMAL(15,2), `description` TEXT, `startDate` DATE, `endDate` DATE, `site` VARCHAR(255) NOT NULL, `userId` UUID REFERENCES `Users` (`id`), `latitude` DECIMAL(10,7), `longitude` DECIMAL(11,8), `createdAt` DATETIME NOT NULL, `updatedAt` DATETIME NOT NULL, `clientId` UUID REFERENCES `Clients` (`id`), `version` INTEGER NOT NULL DEFAULT '0');
Executing (default): INSERT INTO `Projects_backup` SELECT `id`, `name`, `client`, `status`, `value`, `description`, `startDate`, `endDate`, `site`, `userId`, `latitude`, `longitude`, `createdAt`, `updatedAt`, `clientId`, `version` FROM `Projects`;
Executing (default): DROP TABLE `Projects`;
Executing (default): CREATE TABLE IF NOT EXISTS `Projects` (`id` UUID UNIQUE PRIMARY KEY, `name` VARCHAR(255) NOT NULL, `client` VARCHAR(255), `status` VARCHAR(255) DEFAULT 'active', `value` DECIMAL(15,2), `description` TEXT, `startDate` DATE, `endDate` DATE, `site` VARCHAR(255) NOT NULL, `userId` UUID REFERENCES `Users` (`id`), `latitude` DECIMAL(10,7), `longitude` DECIMAL(11,8), `createdAt` DATETIME NOT NULL, `updatedAt` DATETIME NOT NULL, `clientId` UUID REFERENCES `Clients` (`id`), `version` INTEGER NOT NULL DEFAULT '0');
Executing (default): INSERT INTO `Projects` SELECT `id`, `name`, `client`, `status`, `value`, `description`, `startDate`, `endDate`, `site`, `userId`, `latitude`, `longitude`, `createdAt`, `updatedAt`, `clientId`, `version` FROM `Projects_backup`;
Executing (default): DROP TABLE `Projects_backup`;
Executing (default): PRAGMA TABLE_INFO(`Projects`);
Executing (default): PRAGMA INDEX_LIST(`Projects`)
Executing (default): PRAGMA INDEX_INFO(`sqlite_autoindex_Projects_1`)
Executing (default): PRAGMA foreign_key_list(`Projects`)
Executing (default): CREATE TABLE IF NOT EXISTS `Projects_backup` (`id` UUID UNIQUE PRIMARY KEY, `name` VARCHAR(255) NOT NULL, `client` VARCHAR(255), `status` VARCHAR(255) DEFAULT 'active', `value` DECIMAL(15,2), `description` TEXT, `startDate` DATE, `endDate` DATE, `site` VARCHAR(255) NOT NULL, `userId` UUID REFERENCES `Users` (`id`), `latitude` DECIMAL(10,7), `longitude` DECIMAL(11,8), `createdAt` DATETIME NOT NULL, `updatedAt` DATETIME NOT NULL, `clientId` UUID REFERENCES `Clients` (`id`), `version` INTEGER NOT NULL DEFAULT '0');
Executing (default): INSERT INTO `Projects_backup` SELECT `id`, `name`, `client`, `status`, `value`, `description`, `startDate`, `endDate`, `site`, `userId`, `latitude`, `longitude`, `createdAt`, `updatedAt`, `clientId`, `version` FROM `Projects`;
Executing (default): DROP TABLE `Projects`;
Executing (default): CREATE TABLE IF NOT EXISTS `Projects` (`id` UUID UNIQUE PRIMARY KEY, `name` VARCHAR(255) NOT NULL, `client` VARCHAR(255), `status` VARCHAR(255) DEFAULT 'active', `value` DECIMAL(15,2), `description` TEXT, `startDate` DATE, `endDate` DATE, `site` VARCHAR(255) NOT NULL, `userId` UUID REFERENCES `Users` (`id`), `latitude` DECIMAL(10,7), `longitude` DECIMAL(11,8), `createdAt` DATETIME NOT NULL, `updatedAt` DATETIME NOT NULL, `clientId` UUID REFERENCES `Clients` (`id`), `version` INTEGER NOT NULL DEFAULT '0');
Executing (default): INSERT INTO `Projects` SELECT `id`, `name`, `client`, `status`, `value`, `description`, `startDate`, `endDate`, `site`, `userId`, `latitude`, `longitude`, `createdAt`, `updatedAt`, `clientId`, `version` FROM `Projects_backup`;
Executing (default): DROP TABLE `Projects_backup`;
Executing (default): PRAGMA TABLE_INFO(`Projects`);
Executing (default): PRAGMA INDEX_LIST(`Projects`)
Executing (default): PRAGMA INDEX_INFO(`sqlite_autoindex_Projects_1`)
Executing (default): PRAGMA foreign_key_list(`Projects`)
Executing (default): CREATE TABLE IF NOT EXISTS `Projects_backup` (`id` UUID UNIQUE PRIMARY KEY, `name` VARCHAR(255) NOT NULL, `client` VARCHAR(255), `status` VARCHAR(255) DEFAULT 'active', `value` DECIMAL(15,2), `description` TEXT, `startDate` DATE, `endDate` DATE, `site` VARCHAR(255) NOT NULL, `userId` UUID REFERENCES `Users` (`id`), `latitude` DECIMAL(10,7), `longitude` DECIMAL(11,8), `createdAt` DATETIME NOT NULL, `updatedAt` DATETIME NOT NULL, `clientId` UUID REFERENCES `Clients` (`id`) ON DELETE SET NULL ON UPDATE CASCADE, `version` INTEGER NOT NULL DEFAULT '0');
Executing (default): INSERT INTO `Projects_backup` SELECT `id`, `name`, `client`, `status`, `value`, `description`, `startDate`, `endDate`, `site`, `userId`, `latitude`, `longitude`, `createdAt`, `updatedAt`, `clientId`, `version` FROM `Projects`;
Executing (default): DROP TABLE `Projects`;
Executing (default): CREATE TABLE IF NOT EXISTS `Projects` (`id` UUID UNIQUE PRIMARY KEY, `name` VARCHAR(255) NOT NULL, `client` VARCHAR(255), `status` VARCHAR(255) DEFAULT 'active', `value` DECIMAL(15,2), `description` TEXT, `startDate` DATE, `endDate` DATE, `site` VARCHAR(255) NOT NULL, `userId` UUID REFERENCES `Users` (`id`), `latitude` DECIMAL(10,7), `longitude` DECIMAL(11,8), `createdAt` DATETIME NOT NULL, `updatedAt` DATETIME NOT NULL, `clientId` UUID REFERENCES `Clients` (`id`) ON DELETE SET NULL ON UPDATE CASCADE, `version` INTEGER NOT NULL DEFAULT '0');
Executing (default): INSERT INTO `Projects` SELECT `id`, `name`, `client`, `status`, `value`, `description`, `startDate`, `endDate`, `site`, `userId`, `latitude`, `longitude`, `createdAt`, `updatedAt`, `clientId`, `version` FROM `Projects_backup`;
Executing (default): DROP TABLE `Projects_backup`;
Executing (default): PRAGMA TABLE_INFO(`Projects`);
Executing (default): PRAGMA INDEX_LIST(`Projects`)
Executing (default): PRAGMA INDEX_INFO(`sqlite_autoindex_Projects_1`)
Executing (default): PRAGMA foreign_key_list(`Projects`)
Executing (default): CREATE TABLE IF NOT EXISTS `Projects_backup` (`id` UUID UNIQUE PRIMARY KEY, `name` VARCHAR(255) NOT NULL, `client` VARCHAR(255), `status` VARCHAR(255) DEFAULT 'active', `value` DECIMAL(15,2), `description` TEXT, `startDate` DATE, `endDate` DATE, `site` VARCHAR(255) NOT NULL, `userId` UUID REFERENCES `Users` (`id`), `latitude` DECIMAL(10,7), `longitude` DECIMAL(11,8), `createdAt` DATETIME NOT NULL, `updatedAt` DATETIME NOT NULL, `clientId` UUID REFERENCES `Clients` (`id`), `version` INTEGER NOT NULL DEFAULT 0);
Executing (default): INSERT INTO `Projects_backup` SELECT `id`, `name`, `client`, `status`, `value`, `description`, `startDate`, `endDate`, `site`, `userId`, `latitude`, `longitude`, `createdAt`, `updatedAt`, `clientId`, `version` FROM `Projects`;
Executing (default): DROP TABLE `Projects`;
Executing (default): CREATE TABLE IF NOT EXISTS `Projects` (`id` UUID UNIQUE PRIMARY KEY, `name` VARCHAR(255) NOT NULL, `client` VARCHAR(255), `status` VARCHAR(255) DEFAULT 'active', `value` DECIMAL(15,2), `description` TEXT, `startDate` DATE, `endDate` DATE, `site` VARCHAR(255) NOT NULL, `userId` UUID REFERENCES `Users` (`id`), `latitude` DECIMAL(10,7), `longitude` DECIMAL(11,8), `createdAt` DATETIME NOT NULL, `updatedAt` DATETIME NOT NULL, `clientId` UUID REFERENCES `Clients` (`id`), `version` INTEGER NOT NULL DEFAULT 0);
Executing (default): INSERT INTO `Projects` SELECT `id`, `name`, `client`, `status`, `value`, `description`, `startDate`, `endDate`, `site`, `userId`, `latitude`, `longitude`, `createdAt`, `updatedAt`, `clientId`, `version` FROM `Projects_backup`;
Executing (default): DROP TABLE `Projects_backup`;
Executing (default): PRAGMA INDEX_LIST(`Projects`)
Executing (default): PRAGMA INDEX_INFO(`sqlite_autoindex_Projects_1`)
Executing (default): SELECT name FROM sqlite_master WHERE type='table' AND name='Quotes';
Executing (default): PRAGMA TABLE_INFO(`Quotes`);
Executing (default): PRAGMA foreign_key_list(`Quotes`)
Executing (default): PRAGMA INDEX_LIST(`Quotes`)
Executing (default): PRAGMA INDEX_INFO(`sqlite_autoindex_Quotes_1`)
Executing (default): PRAGMA foreign_key_list(`Quotes`)
Executing (default): PRAGMA TABLE_INFO(`Quotes`);
Executing (default): PRAGMA INDEX_LIST(`Quotes`)
Executing (default): PRAGMA INDEX_INFO(`sqlite_autoindex_Quotes_1`)
Executing (default): PRAGMA foreign_key_list(`Quotes`)
Executing (default): CREATE TABLE IF NOT EXISTS `Quotes_backup` (`id` UUID UNIQUE PRIMARY KEY, `name` VARCHAR(255) NOT NULL, `projectId` UUID NOT NULL REFERENCES `Projects` (`id`), `userId` UUID NOT NULL REFERENCES `Users` (`id`), `nodes` JSON NOT NULL DEFAULT '[]', `staff` JSON NOT NULL DEFAULT '[]', `equipment` JSON NOT NULL DEFAULT '[]', `totalCost` DECIMAL(10,2) NOT NULL DEFAULT '0', `totalRevenue` DECIMAL(10,2) NOT NULL DEFAULT '0', `marginPct` DECIMAL(5,2) NOT NULL DEFAULT '0', `createdAt` DATETIME NOT NULL, `updatedAt` DATETIME NOT NULL, `status` TEXT DEFAULT 'draft', `clientId` UUID REFERENCES `Clients` (`id`), `version` INTEGER NOT NULL DEFAULT '0');
Executing (default): INSERT INTO `Quotes_backup` SELECT `id`, `name`, `projectId`, `userId`, `nodes`, `staff`, `equipment`, `totalCost`, `totalRevenue`, `marginPct`, `createdAt`, `updatedAt`, `status`, `clientId`, `version` FROM `Quotes`;
Executing (default): DROP TABLE `Quotes`;
Executing (default): CREATE TABLE IF NOT EXISTS `Quotes` (`id` UUID UNIQUE PRIMARY KEY, `name` VARCHAR(255) NOT NULL, `projectId` UUID NOT NULL REFERENCES `Projects` (`id`), `userId` UUID NOT NULL REFERENCES `Users` (`id`), `nodes` JSON NOT NULL DEFAULT '[]', `staff` JSON NOT NULL DEFAULT '[]', `equipment` JSON NOT NULL DEFAULT '[]', `totalCost` DECIMAL(10,2) NOT NULL DEFAULT '0', `totalRevenue` DECIMAL(10,2) NOT NULL DEFAULT '0', `marginPct` DECIMAL(5,2) NOT NULL DEFAULT '0', `createdAt` DATETIME NOT NULL, `updatedAt` DATETIME NOT NULL, `status` TEXT DEFAULT 'draft', `clientId` UUID REFERENCES `Clients` (`id`), `version` INTEGER NOT NULL DEFAULT '0');
Executing (default): INSERT INTO `Quotes` SELECT `id`, `name`, `projectId`, `userId`, `nodes`, `staff`, `equipment`, `totalCost`, `totalRevenue`, `marginPct`, `createdAt`, `updatedAt`, `status`, `clientId`, `version` FROM `Quotes_backup`;
Executing (default): DROP TABLE `Quotes_backup`;
Executing (default): PRAGMA TABLE_INFO(`Quotes`);
Executing (default): PRAGMA INDEX_LIST(`Quotes`)
Executing (default): PRAGMA INDEX_INFO(`sqlite_autoindex_Quotes_1`)
Executing (default): PRAGMA foreign_key_list(`Quotes`)
Executing (default): CREATE TABLE IF NOT EXISTS `Quotes_backup` (`id` UUID UNIQUE PRIMARY KEY, `name` VARCHAR(255) NOT NULL, `projectId` UUID NOT NULL REFERENCES `Projects` (`id`) ON DELETE CASCADE ON UPDATE CASCADE, `userId` UUID NOT NULL REFERENCES `Users` (`id`), `nodes` JSON NOT NULL DEFAULT '[]', `staff` JSON NOT NULL DEFAULT '[]', `equipment` JSON NOT NULL DEFAULT '[]', `totalCost` DECIMAL(10,2) NOT NULL DEFAULT '0', `totalRevenue` DECIMAL(10,2) NOT NULL DEFAULT '0', `marginPct` DECIMAL(5,2) NOT NULL DEFAULT '0', `createdAt` DATETIME NOT NULL, `updatedAt` DATETIME NOT NULL, `status` TEXT DEFAULT 'draft', `clientId` UUID REFERENCES `Clients` (`id`), `version` INTEGER NOT NULL DEFAULT '0');
Executing (default): INSERT INTO `Quotes_backup` SELECT `id`, `name`, `projectId`, `userId`, `nodes`, `staff`, `equipment`, `totalCost`, `totalRevenue`, `marginPct`, `createdAt`, `updatedAt`, `status`, `clientId`, `version` FROM `Quotes`;
Executing (default): DROP TABLE `Quotes`;
Executing (default): CREATE TABLE IF NOT EXISTS `Quotes` (`id` UUID UNIQUE PRIMARY KEY, `name` VARCHAR(255) NOT NULL, `projectId` UUID NOT NULL REFERENCES `Projects` (`id`) ON DELETE CASCADE ON UPDATE CASCADE, `userId` UUID NOT NULL REFERENCES `Users` (`id`), `nodes` JSON NOT NULL DEFAULT '[]', `staff` JSON NOT NULL DEFAULT '[]', `equipment` JSON NOT NULL DEFAULT '[]', `totalCost` DECIMAL(10,2) NOT NULL DEFAULT '0', `totalRevenue` DECIMAL(10,2) NOT NULL DEFAULT '0', `marginPct` DECIMAL(5,2) NOT NULL DEFAULT '0', `createdAt` DATETIME NOT NULL, `updatedAt` DATETIME NOT NULL, `status` TEXT DEFAULT 'draft', `clientId` UUID REFERENCES `Clients` (`id`), `version` INTEGER NOT NULL DEFAULT '0');
Executing (default): INSERT INTO `Quotes` SELECT `id`, `name`, `projectId`, `userId`, `nodes`, `staff`, `equipment`, `totalCost`, `totalRevenue`, `marginPct`, `createdAt`, `updatedAt`, `status`, `clientId`, `version` FROM `Quotes_backup`;
Executing (default): DROP TABLE `Quotes_backup`;
Executing (default): PRAGMA TABLE_INFO(`Quotes`);
Executing (default): PRAGMA INDEX_LIST(`Quotes`)
Executing (default): PRAGMA INDEX_INFO(`sqlite_autoindex_Quotes_1`)
Executing (default): PRAGMA foreign_key_list(`Quotes`)
Executing (default): CREATE TABLE IF NOT EXISTS `Quotes_backup` (`id` UUID UNIQUE PRIMARY KEY, `name` VARCHAR(255) NOT NULL, `projectId` UUID NOT NULL REFERENCES `Projects` (`id`), `userId` UUID NOT NULL REFERENCES `Users` (`id`) ON DELETE NO ACTION ON UPDATE CASCADE, `nodes` JSON NOT NULL DEFAULT '[]', `staff` JSON NOT NULL DEFAULT '[]', `equipment` JSON NOT NULL DEFAULT '[]', `totalCost` DECIMAL(10,2) NOT NULL DEFAULT '0', `totalRevenue` DECIMAL(10,2) NOT NULL DEFAULT '0', `marginPct` DECIMAL(5,2) NOT NULL DEFAULT '0', `createdAt` DATETIME NOT NULL, `updatedAt` DATETIME NOT NULL, `status` TEXT DEFAULT 'draft', `clientId` UUID REFERENCES `Clients` (`id`), `version` INTEGER NOT NULL DEFAULT '0');
Executing (default): INSERT INTO `Quotes_backup` SELECT `id`, `name`, `projectId`, `userId`, `nodes`, `staff`, `equipment`, `totalCost`, `totalRevenue`, `marginPct`, `createdAt`, `updatedAt`, `status`, `clientId`, `version` FROM `Quotes`;
Executing (default): DROP TABLE `Quotes`;
Executing (default): CREATE TABLE IF NOT EXISTS `Quotes` (`id` UUID UNIQUE PRIMARY KEY, `name` VARCHAR(255) NOT NULL, `projectId` UUID NOT NULL REFERENCES `Projects` (`id`), `userId` UUID NOT NULL REFERENCES `Users` (`id`) ON DELETE NO ACTION ON UPDATE CASCADE, `nodes` JSON NOT NULL DEFAULT '[]', `staff` JSON NOT NULL DEFAULT '[]', `equipment` JSON NOT NULL DEFAULT '[]', `totalCost` DECIMAL(10,2) NOT NULL DEFAULT '0', `totalRevenue` DECIMAL(10,2) NOT NULL DEFAULT '0', `marginPct` DECIMAL(5,2) NOT NULL DEFAULT '0', `createdAt` DATETIME NOT NULL, `updatedAt` DATETIME NOT NULL, `status` TEXT DEFAULT 'draft', `clientId` UUID REFERENCES `Clients` (`id`), `version` INTEGER NOT NULL DEFAULT '0');
Executing (default): INSERT INTO `Quotes` SELECT `id`, `name`, `projectId`, `userId`, `nodes`, `staff`, `equipment`, `totalCost`, `totalRevenue`, `marginPct`, `createdAt`, `updatedAt`, `status`, `clientId`, `version` FROM `Quotes_backup`;
Executing (default): DROP TABLE `Quotes_backup`;
Executing (default): PRAGMA TABLE_INFO(`Quotes`);
Executing (default): PRAGMA INDEX_LIST(`Quotes`)
Executing (default): PRAGMA INDEX_INFO(`sqlite_autoindex_Quotes_1`)
Executing (default): PRAGMA foreign_key_list(`Quotes`)
Executing (default): CREATE TABLE IF NOT EXISTS `Quotes_backup` (`id` UUID UNIQUE PRIMARY KEY, `name` VARCHAR(255) NOT NULL, `projectId` UUID NOT NULL REFERENCES `Projects` (`id`), `userId` UUID NOT NULL REFERENCES `Users` (`id`), `nodes` JSON NOT NULL DEFAULT '[]', `staff` JSON NOT NULL DEFAULT '[]', `equipment` JSON NOT NULL DEFAULT '[]', `totalCost` DECIMAL(10,2) NOT NULL DEFAULT '0', `totalRevenue` DECIMAL(10,2) NOT NULL DEFAULT '0', `marginPct` DECIMAL(5,2) NOT NULL DEFAULT '0', `createdAt` DATETIME NOT NULL, `updatedAt` DATETIME NOT NULL, `status` TEXT DEFAULT 'draft', `clientId` UUID REFERENCES `Clients` (`id`), `version` INTEGER NOT NULL DEFAULT '0');
Executing (default): INSERT INTO `Quotes_backup` SELECT `id`, `name`, `projectId`, `userId`, `nodes`, `staff`, `equipment`, `totalCost`, `totalRevenue`, `marginPct`, `createdAt`, `updatedAt`, `status`, `clientId`, `version` FROM `Quotes`;
Executing (default): DROP TABLE `Quotes`;
Executing (default): CREATE TABLE IF NOT EXISTS `Quotes` (`id` UUID UNIQUE PRIMARY KEY, `name` VARCHAR(255) NOT NULL, `projectId` UUID NOT NULL REFERENCES `Projects` (`id`), `userId` UUID NOT NULL REFERENCES `Users` (`id`), `nodes` JSON NOT NULL DEFAULT '[]', `staff` JSON NOT NULL DEFAULT '[]', `equipment` JSON NOT NULL DEFAULT '[]', `totalCost` DECIMAL(10,2) NOT NULL DEFAULT '0', `totalRevenue` DECIMAL(10,2) NOT NULL DEFAULT '0', `marginPct` DECIMAL(5,2) NOT NULL DEFAULT '0', `createdAt` DATETIME NOT NULL, `updatedAt` DATETIME NOT NULL, `status` TEXT DEFAULT 'draft', `clientId` UUID REFERENCES `Clients` (`id`), `version` INTEGER NOT NULL DEFAULT '0');
Executing (default): INSERT INTO `Quotes` SELECT `id`, `name`, `projectId`, `userId`, `nodes`, `staff`, `equipment`, `totalCost`, `totalRevenue`, `marginPct`, `createdAt`, `updatedAt`, `status`, `clientId`, `version` FROM `Quotes_backup`;
Executing (default): DROP TABLE `Quotes_backup`;
Executing (default): PRAGMA TABLE_INFO(`Quotes`);
Executing (default): PRAGMA INDEX_LIST(`Quotes`)
Executing (default): PRAGMA INDEX_INFO(`sqlite_autoindex_Quotes_1`)
Executing (default): PRAGMA foreign_key_list(`Quotes`)
Executing (default): CREATE TABLE IF NOT EXISTS `Quotes_backup` (`id` UUID UNIQUE PRIMARY KEY, `name` VARCHAR(255) NOT NULL, `projectId` UUID NOT NULL REFERENCES `Projects` (`id`), `userId` UUID NOT NULL REFERENCES `Users` (`id`), `nodes` JSON NOT NULL DEFAULT '[]', `staff` JSON NOT NULL DEFAULT '[]', `equipment` JSON NOT NULL DEFAULT '[]', `totalCost` DECIMAL(10,2) NOT NULL DEFAULT '0', `totalRevenue` DECIMAL(10,2) NOT NULL DEFAULT '0', `marginPct` DECIMAL(5,2) NOT NULL DEFAULT '0', `createdAt` DATETIME NOT NULL, `updatedAt` DATETIME NOT NULL, `status` TEXT DEFAULT 'draft', `clientId` UUID REFERENCES `Clients` (`id`), `version` INTEGER NOT NULL DEFAULT '0');
Executing (default): INSERT INTO `Quotes_backup` SELECT `id`, `name`, `projectId`, `userId`, `nodes`, `staff`, `equipment`, `totalCost`, `totalRevenue`, `marginPct`, `createdAt`, `updatedAt`, `status`, `clientId`, `version` FROM `Quotes`;
Executing (default): DROP TABLE `Quotes`;
Executing (default): CREATE TABLE IF NOT EXISTS `Quotes` (`id` UUID UNIQUE PRIMARY KEY, `name` VARCHAR(255) NOT NULL, `projectId` UUID NOT NULL REFERENCES `Projects` (`id`), `userId` UUID NOT NULL REFERENCES `Users` (`id`), `nodes` JSON NOT NULL DEFAULT '[]', `staff` JSON NOT NULL DEFAULT '[]', `equipment` JSON NOT NULL DEFAULT '[]', `totalCost` DECIMAL(10,2) NOT NULL DEFAULT '0', `totalRevenue` DECIMAL(10,2) NOT NULL DEFAULT '0', `marginPct` DECIMAL(5,2) NOT NULL DEFAULT '0', `createdAt` DATETIME NOT NULL, `updatedAt` DATETIME NOT NULL, `status` TEXT DEFAULT 'draft', `clientId` UUID REFERENCES `Clients` (`id`), `version` INTEGER NOT NULL DEFAULT '0');
Executing (default): INSERT INTO `Quotes` SELECT `id`, `name`, `projectId`, `userId`, `nodes`, `staff`, `equipment`, `totalCost`, `totalRevenue`, `marginPct`, `createdAt`, `updatedAt`, `status`, `clientId`, `version` FROM `Quotes_backup`;
Executing (default): DROP TABLE `Quotes_backup`;
Executing (default): PRAGMA TABLE_INFO(`Quotes`);
Executing (default): PRAGMA INDEX_LIST(`Quotes`)
Executing (default): PRAGMA INDEX_INFO(`sqlite_autoindex_Quotes_1`)
Executing (default): PRAGMA foreign_key_list(`Quotes`)
Executing (default): CREATE TABLE IF NOT EXISTS `Quotes_backup` (`id` UUID UNIQUE PRIMARY KEY, `name` VARCHAR(255) NOT NULL, `projectId` UUID NOT NULL REFERENCES `Projects` (`id`), `userId` UUID NOT NULL REFERENCES `Users` (`id`), `nodes` JSON NOT NULL DEFAULT '[]', `staff` JSON NOT NULL DEFAULT '[]', `equipment` JSON NOT NULL DEFAULT '[]', `totalCost` DECIMAL(10,2) NOT NULL DEFAULT '0', `totalRevenue` DECIMAL(10,2) NOT NULL DEFAULT '0', `marginPct` DECIMAL(5,2) NOT NULL DEFAULT '0', `createdAt` DATETIME NOT NULL, `updatedAt` DATETIME NOT NULL, `status` TEXT DEFAULT 'draft', `clientId` UUID REFERENCES `Clients` (`id`), `version` INTEGER NOT NULL DEFAULT '0');
Executing (default): INSERT INTO `Quotes_backup` SELECT `id`, `name`, `projectId`, `userId`, `nodes`, `staff`, `equipment`, `totalCost`, `totalRevenue`, `marginPct`, `createdAt`, `updatedAt`, `status`, `clientId`, `version` FROM `Quotes`;
Executing (default): DROP TABLE `Quotes`;
Executing (default): CREATE TABLE IF NOT EXISTS `Quotes` (`id` UUID UNIQUE PRIMARY KEY, `name` VARCHAR(255) NOT NULL, `projectId` UUID NOT NULL REFERENCES `Projects` (`id`), `userId` UUID NOT NULL REFERENCES `Users` (`id`), `nodes` JSON NOT NULL DEFAULT '[]', `staff` JSON NOT NULL DEFAULT '[]', `equipment` JSON NOT NULL DEFAULT '[]', `totalCost` DECIMAL(10,2) NOT NULL DEFAULT '0', `totalRevenue` DECIMAL(10,2) NOT NULL DEFAULT '0', `marginPct` DECIMAL(5,2) NOT NULL DEFAULT '0', `createdAt` DATETIME NOT NULL, `updatedAt` DATETIME NOT NULL, `status` TEXT DEFAULT 'draft', `clientId` UUID REFERENCES `Clients` (`id`), `version` INTEGER NOT NULL DEFAULT '0');
Executing (default): INSERT INTO `Quotes` SELECT `id`, `name`, `projectId`, `userId`, `nodes`, `staff`, `equipment`, `totalCost`, `totalRevenue`, `marginPct`, `createdAt`, `updatedAt`, `status`, `clientId`, `version` FROM `Quotes_backup`;
Executing (default): DROP TABLE `Quotes_backup`;
Executing (default): PRAGMA TABLE_INFO(`Quotes`);
Executing (default): PRAGMA INDEX_LIST(`Quotes`)
Executing (default): PRAGMA INDEX_INFO(`sqlite_autoindex_Quotes_1`)
Executing (default): PRAGMA foreign_key_list(`Quotes`)
Executing (default): CREATE TABLE IF NOT EXISTS `Quotes_backup` (`id` UUID UNIQUE PRIMARY KEY, `name` VARCHAR(255) NOT NULL, `projectId` UUID NOT NULL REFERENCES `Projects` (`id`), `userId` UUID NOT NULL REFERENCES `Users` (`id`), `nodes` JSON NOT NULL DEFAULT '[]', `staff` JSON NOT NULL DEFAULT '[]', `equipment` JSON NOT NULL DEFAULT '[]', `totalCost` DECIMAL(10,2) NOT NULL DEFAULT 0, `totalRevenue` DECIMAL(10,2) NOT NULL DEFAULT '0', `marginPct` DECIMAL(5,2) NOT NULL DEFAULT '0', `createdAt` DATETIME NOT NULL, `updatedAt` DATETIME NOT NULL, `status` TEXT DEFAULT 'draft', `clientId` UUID REFERENCES `Clients` (`id`), `version` INTEGER NOT NULL DEFAULT '0');
Executing (default): INSERT INTO `Quotes_backup` SELECT `id`, `name`, `projectId`, `userId`, `nodes`, `staff`, `equipment`, `totalCost`, `totalRevenue`, `marginPct`, `createdAt`, `updatedAt`, `status`, `clientId`, `version` FROM `Quotes`;
Executing (default): DROP TABLE `Quotes`;
Executing (default): CREATE TABLE IF NOT EXISTS `Quotes` (`id` UUID UNIQUE PRIMARY KEY, `name` VARCHAR(255) NOT NULL, `projectId` UUID NOT NULL REFERENCES `Projects` (`id`), `userId` UUID NOT NULL REFERENCES `Users` (`id`), `nodes` JSON NOT NULL DEFAULT '[]', `staff` JSON NOT NULL DEFAULT '[]', `equipment` JSON NOT NULL DEFAULT '[]', `totalCost` DECIMAL(10,2) NOT NULL DEFAULT 0, `totalRevenue` DECIMAL(10,2) NOT NULL DEFAULT '0', `marginPct` DECIMAL(5,2) NOT NULL DEFAULT '0', `createdAt` DATETIME NOT NULL, `updatedAt` DATETIME NOT NULL, `status` TEXT DEFAULT 'draft', `clientId` UUID REFERENCES `Clients` (`id`), `version` INTEGER NOT NULL DEFAULT '0');
Executing (default): INSERT INTO `Quotes` SELECT `id`, `name`, `projectId`, `userId`, `nodes`, `staff`, `equipment`, `totalCost`, `totalRevenue`, `marginPct`, `createdAt`, `updatedAt`, `status`, `clientId`, `version` FROM `Quotes_backup`;
Executing (default): DROP TABLE `Quotes_backup`;
Executing (default): PRAGMA TABLE_INFO(`Quotes`);
Executing (default): PRAGMA INDEX_LIST(`Quotes`)
Executing (default): PRAGMA INDEX_INFO(`sqlite_autoindex_Quotes_1`)
Executing (default): PRAGMA foreign_key_list(`Quotes`)
Executing (default): CREATE TABLE IF NOT EXISTS `Quotes_backup` (`id` UUID UNIQUE PRIMARY KEY, `name` VARCHAR(255) NOT NULL, `projectId` UUID NOT NULL REFERENCES `Projects` (`id`), `userId` UUID NOT NULL REFERENCES `Users` (`id`), `nodes` JSON NOT NULL DEFAULT '[]', `staff` JSON NOT NULL DEFAULT '[]', `equipment` JSON NOT NULL DEFAULT '[]', `totalCost` DECIMAL(10,2) NOT NULL DEFAULT '0', `totalRevenue` DECIMAL(10,2) NOT NULL DEFAULT 0, `marginPct` DECIMAL(5,2) NOT NULL DEFAULT '0', `createdAt` DATETIME NOT NULL, `updatedAt` DATETIME NOT NULL, `status` TEXT DEFAULT 'draft', `clientId` UUID REFERENCES `Clients` (`id`), `version` INTEGER NOT NULL DEFAULT '0');
Executing (default): INSERT INTO `Quotes_backup` SELECT `id`, `name`, `projectId`, `userId`, `nodes`, `staff`, `equipment`, `totalCost`, `totalRevenue`, `marginPct`, `createdAt`, `updatedAt`, `status`, `clientId`, `version` FROM `Quotes`;
Executing (default): DROP TABLE `Quotes`;
Executing (default): CREATE TABLE IF NOT EXISTS `Quotes` (`id` UUID UNIQUE PRIMARY KEY, `name` VARCHAR(255) NOT NULL, `projectId` UUID NOT NULL REFERENCES `Projects` (`id`), `userId` UUID NOT NULL REFERENCES `Users` (`id`), `nodes` JSON NOT NULL DEFAULT '[]', `staff` JSON NOT NULL DEFAULT '[]', `equipment` JSON NOT NULL DEFAULT '[]', `totalCost` DECIMAL(10,2) NOT NULL DEFAULT '0', `totalRevenue` DECIMAL(10,2) NOT NULL DEFAULT 0, `marginPct` DECIMAL(5,2) NOT NULL DEFAULT '0', `createdAt` DATETIME NOT NULL, `updatedAt` DATETIME NOT NULL, `status` TEXT DEFAULT 'draft', `clientId` UUID REFERENCES `Clients` (`id`), `version` INTEGER NOT NULL DEFAULT '0');
Executing (default): INSERT INTO `Quotes` SELECT `id`, `name`, `projectId`, `userId`, `nodes`, `staff`, `equipment`, `totalCost`, `totalRevenue`, `marginPct`, `createdAt`, `updatedAt`, `status`, `clientId`, `version` FROM `Quotes_backup`;
Executing (default): DROP TABLE `Quotes_backup`;
Executing (default): PRAGMA TABLE_INFO(`Quotes`);
Executing (default): PRAGMA INDEX_LIST(`Quotes`)
Executing (default): PRAGMA INDEX_INFO(`sqlite_autoindex_Quotes_1`)
Executing (default): PRAGMA foreign_key_list(`Quotes`)
Executing (default): CREATE TABLE IF NOT EXISTS `Quotes_backup` (`id` UUID UNIQUE PRIMARY KEY, `name` VARCHAR(255) NOT NULL, `projectId` UUID NOT NULL REFERENCES `Projects` (`id`), `userId` UUID NOT NULL REFERENCES `Users` (`id`), `nodes` JSON NOT NULL DEFAULT '[]', `staff` JSON NOT NULL DEFAULT '[]', `equipment` JSON NOT NULL DEFAULT '[]', `totalCost` DECIMAL(10,2) NOT NULL DEFAULT '0', `totalRevenue` DECIMAL(10,2) NOT NULL DEFAULT '0', `marginPct` DECIMAL(5,2) NOT NULL DEFAULT 0, `createdAt` DATETIME NOT NULL, `updatedAt` DATETIME NOT NULL, `status` TEXT DEFAULT 'draft', `clientId` UUID REFERENCES `Clients` (`id`), `version` INTEGER NOT NULL DEFAULT '0');
Executing (default): INSERT INTO `Quotes_backup` SELECT `id`, `name`, `projectId`, `userId`, `nodes`, `staff`, `equipment`, `totalCost`, `totalRevenue`, `marginPct`, `createdAt`, `updatedAt`, `status`, `clientId`, `version` FROM `Quotes`;
Executing (default): DROP TABLE `Quotes`;
Executing (default): CREATE TABLE IF NOT EXISTS `Quotes` (`id` UUID UNIQUE PRIMARY KEY, `name` VARCHAR(255) NOT NULL, `projectId` UUID NOT NULL REFERENCES `Projects` (`id`), `userId` UUID NOT NULL REFERENCES `Users` (`id`), `nodes` JSON NOT NULL DEFAULT '[]', `staff` JSON NOT NULL DEFAULT '[]', `equipment` JSON NOT NULL DEFAULT '[]', `totalCost` DECIMAL(10,2) NOT NULL DEFAULT '0', `totalRevenue` DECIMAL(10,2) NOT NULL DEFAULT '0', `marginPct` DECIMAL(5,2) NOT NULL DEFAULT 0, `createdAt` DATETIME NOT NULL, `updatedAt` DATETIME NOT NULL, `status` TEXT DEFAULT 'draft', `clientId` UUID REFERENCES `Clients` (`id`), `version` INTEGER NOT NULL DEFAULT '0');
Executing (default): INSERT INTO `Quotes` SELECT `id`, `name`, `projectId`, `userId`, `nodes`, `staff`, `equipment`, `totalCost`, `totalRevenue`, `marginPct`, `createdAt`, `updatedAt`, `status`, `clientId`, `version` FROM `Quotes_backup`;
Executing (default): DROP TABLE `Quotes_backup`;
Executing (default): PRAGMA TABLE_INFO(`Quotes`);
Executing (default): PRAGMA INDEX_LIST(`Quotes`)
Executing (default): PRAGMA INDEX_INFO(`sqlite_autoindex_Quotes_1`)
Executing (default): PRAGMA foreign_key_list(`Quotes`)
Executing (default): CREATE TABLE IF NOT EXISTS `Quotes_backup` (`id` UUID UNIQUE PRIMARY KEY, `name` VARCHAR(255) NOT NULL, `projectId` UUID NOT NULL REFERENCES `Projects` (`id`), `userId` UUID NOT NULL REFERENCES `Users` (`id`), `nodes` JSON NOT NULL DEFAULT '[]', `staff` JSON NOT NULL DEFAULT '[]', `equipment` JSON NOT NULL DEFAULT '[]', `totalCost` DECIMAL(10,2) NOT NULL DEFAULT '0', `totalRevenue` DECIMAL(10,2) NOT NULL DEFAULT '0', `marginPct` DECIMAL(5,2) NOT NULL DEFAULT '0', `createdAt` DATETIME NOT NULL, `updatedAt` DATETIME NOT NULL, `status` TEXT DEFAULT 'draft', `clientId` UUID REFERENCES `Clients` (`id`), `version` INTEGER NOT NULL DEFAULT '0');
Executing (default): INSERT INTO `Quotes_backup` SELECT `id`, `name`, `projectId`, `userId`, `nodes`, `staff`, `equipment`, `totalCost`, `totalRevenue`, `marginPct`, `createdAt`, `updatedAt`, `status`, `clientId`, `version` FROM `Quotes`;
Executing (default): DROP TABLE `Quotes`;
Executing (default): CREATE TABLE IF NOT EXISTS `Quotes` (`id` UUID UNIQUE PRIMARY KEY, `name` VARCHAR(255) NOT NULL, `projectId` UUID NOT NULL REFERENCES `Projects` (`id`), `userId` UUID NOT NULL REFERENCES `Users` (`id`), `nodes` JSON NOT NULL DEFAULT '[]', `staff` JSON NOT NULL DEFAULT '[]', `equipment` JSON NOT NULL DEFAULT '[]', `totalCost` DECIMAL(10,2) NOT NULL DEFAULT '0', `totalRevenue` DECIMAL(10,2) NOT NULL DEFAULT '0', `marginPct` DECIMAL(5,2) NOT NULL DEFAULT '0', `createdAt` DATETIME NOT NULL, `updatedAt` DATETIME NOT NULL, `status` TEXT DEFAULT 'draft', `clientId` UUID REFERENCES `Clients` (`id`), `version` INTEGER NOT NULL DEFAULT '0');
Executing (default): INSERT INTO `Quotes` SELECT `id`, `name`, `projectId`, `userId`, `nodes`, `staff`, `equipment`, `totalCost`, `totalRevenue`, `marginPct`, `createdAt`, `updatedAt`, `status`, `clientId`, `version` FROM `Quotes_backup`;
Executing (default): DROP TABLE `Quotes_backup`;
Executing (default): PRAGMA TABLE_INFO(`Quotes`);
Executing (default): PRAGMA INDEX_LIST(`Quotes`)
Executing (default): PRAGMA INDEX_INFO(`sqlite_autoindex_Quotes_1`)
Executing (default): PRAGMA foreign_key_list(`Quotes`)
Executing (default): CREATE TABLE IF NOT EXISTS `Quotes_backup` (`id` UUID UNIQUE PRIMARY KEY, `name` VARCHAR(255) NOT NULL, `projectId` UUID NOT NULL REFERENCES `Projects` (`id`), `userId` UUID NOT NULL REFERENCES `Users` (`id`), `nodes` JSON NOT NULL DEFAULT '[]', `staff` JSON NOT NULL DEFAULT '[]', `equipment` JSON NOT NULL DEFAULT '[]', `totalCost` DECIMAL(10,2) NOT NULL DEFAULT '0', `totalRevenue` DECIMAL(10,2) NOT NULL DEFAULT '0', `marginPct` DECIMAL(5,2) NOT NULL DEFAULT '0', `createdAt` DATETIME NOT NULL, `updatedAt` DATETIME NOT NULL, `status` TEXT DEFAULT 'draft', `clientId` UUID REFERENCES `Clients` (`id`), `version` INTEGER NOT NULL DEFAULT '0');
Executing (default): INSERT INTO `Quotes_backup` SELECT `id`, `name`, `projectId`, `userId`, `nodes`, `staff`, `equipment`, `totalCost`, `totalRevenue`, `marginPct`, `createdAt`, `updatedAt`, `status`, `clientId`, `version` FROM `Quotes`;
Executing (default): DROP TABLE `Quotes`;
Executing (default): CREATE TABLE IF NOT EXISTS `Quotes` (`id` UUID UNIQUE PRIMARY KEY, `name` VARCHAR(255) NOT NULL, `projectId` UUID NOT NULL REFERENCES `Projects` (`id`), `userId` UUID NOT NULL REFERENCES `Users` (`id`), `nodes` JSON NOT NULL DEFAULT '[]', `staff` JSON NOT NULL DEFAULT '[]', `equipment` JSON NOT NULL DEFAULT '[]', `totalCost` DECIMAL(10,2) NOT NULL DEFAULT '0', `totalRevenue` DECIMAL(10,2) NOT NULL DEFAULT '0', `marginPct` DECIMAL(5,2) NOT NULL DEFAULT '0', `createdAt` DATETIME NOT NULL, `updatedAt` DATETIME NOT NULL, `status` TEXT DEFAULT 'draft', `clientId` UUID REFERENCES `Clients` (`id`), `version` INTEGER NOT NULL DEFAULT '0');
Executing (default): INSERT INTO `Quotes` SELECT `id`, `name`, `projectId`, `userId`, `nodes`, `staff`, `equipment`, `totalCost`, `totalRevenue`, `marginPct`, `createdAt`, `updatedAt`, `status`, `clientId`, `version` FROM `Quotes_backup`;
Executing (default): DROP TABLE `Quotes_backup`;
Executing (default): PRAGMA TABLE_INFO(`Quotes`);
Executing (default): PRAGMA INDEX_LIST(`Quotes`)
Executing (default): PRAGMA INDEX_INFO(`sqlite_autoindex_Quotes_1`)
Executing (default): PRAGMA foreign_key_list(`Quotes`)
Executing (default): CREATE TABLE IF NOT EXISTS `Quotes_backup` (`id` UUID UNIQUE PRIMARY KEY, `name` VARCHAR(255) NOT NULL, `projectId` UUID NOT NULL REFERENCES `Projects` (`id`), `userId` UUID NOT NULL REFERENCES `Users` (`id`), `nodes` JSON NOT NULL DEFAULT '[]', `staff` JSON NOT NULL DEFAULT '[]', `equipment` JSON NOT NULL DEFAULT '[]', `totalCost` DECIMAL(10,2) NOT NULL DEFAULT '0', `totalRevenue` DECIMAL(10,2) NOT NULL DEFAULT '0', `marginPct` DECIMAL(5,2) NOT NULL DEFAULT '0', `createdAt` DATETIME NOT NULL, `updatedAt` DATETIME NOT NULL, `status` TEXT DEFAULT 'draft', `clientId` UUID REFERENCES `Clients` (`id`), `version` INTEGER NOT NULL DEFAULT '0');
Executing (default): INSERT INTO `Quotes_backup` SELECT `id`, `name`, `projectId`, `userId`, `nodes`, `staff`, `equipment`, `totalCost`, `totalRevenue`, `marginPct`, `createdAt`, `updatedAt`, `status`, `clientId`, `version` FROM `Quotes`;
Executing (default): DROP TABLE `Quotes`;
Executing (default): CREATE TABLE IF NOT EXISTS `Quotes` (`id` UUID UNIQUE PRIMARY KEY, `name` VARCHAR(255) NOT NULL, `projectId` UUID NOT NULL REFERENCES `Projects` (`id`), `userId` UUID NOT NULL REFERENCES `Users` (`id`), `nodes` JSON NOT NULL DEFAULT '[]', `staff` JSON NOT NULL DEFAULT '[]', `equipment` JSON NOT NULL DEFAULT '[]', `totalCost` DECIMAL(10,2) NOT NULL DEFAULT '0', `totalRevenue` DECIMAL(10,2) NOT NULL DEFAULT '0', `marginPct` DECIMAL(5,2) NOT NULL DEFAULT '0', `createdAt` DATETIME NOT NULL, `updatedAt` DATETIME NOT NULL, `status` TEXT DEFAULT 'draft', `clientId` UUID REFERENCES `Clients` (`id`), `version` INTEGER NOT NULL DEFAULT '0');
Executing (default): INSERT INTO `Quotes` SELECT `id`, `name`, `projectId`, `userId`, `nodes`, `staff`, `equipment`, `totalCost`, `totalRevenue`, `marginPct`, `createdAt`, `updatedAt`, `status`, `clientId`, `version` FROM `Quotes_backup`;
Executing (default): DROP TABLE `Quotes_backup`;
Executing (default): PRAGMA TABLE_INFO(`Quotes`);
Executing (default): PRAGMA INDEX_LIST(`Quotes`)
Executing (default): PRAGMA INDEX_INFO(`sqlite_autoindex_Quotes_1`)
Executing (default): PRAGMA foreign_key_list(`Quotes`)
Executing (default): CREATE TABLE IF NOT EXISTS `Quotes_backup` (`id` UUID UNIQUE PRIMARY KEY, `name` VARCHAR(255) NOT NULL, `projectId` UUID NOT NULL REFERENCES `Projects` (`id`), `userId` UUID NOT NULL REFERENCES `Users` (`id`), `nodes` JSON NOT NULL DEFAULT '[]', `staff` JSON NOT NULL DEFAULT '[]', `equipment` JSON NOT NULL DEFAULT '[]', `totalCost` DECIMAL(10,2) NOT NULL DEFAULT '0', `totalRevenue` DECIMAL(10,2) NOT NULL DEFAULT '0', `marginPct` DECIMAL(5,2) NOT NULL DEFAULT '0', `createdAt` DATETIME NOT NULL, `updatedAt` DATETIME NOT NULL, `status` TEXT DEFAULT 'draft', `clientId` UUID REFERENCES `Clients` (`id`) ON DELETE SET NULL ON UPDATE CASCADE, `version` INTEGER NOT NULL DEFAULT '0');
Executing (default): INSERT INTO `Quotes_backup` SELECT `id`, `name`, `projectId`, `userId`, `nodes`, `staff`, `equipment`, `totalCost`, `totalRevenue`, `marginPct`, `createdAt`, `updatedAt`, `status`, `clientId`, `version` FROM `Quotes`;
Executing (default): DROP TABLE `Quotes`;
Executing (default): CREATE TABLE IF NOT EXISTS `Quotes` (`id` UUID UNIQUE PRIMARY KEY, `name` VARCHAR(255) NOT NULL, `projectId` UUID NOT NULL REFERENCES `Projects` (`id`), `userId` UUID NOT NULL REFERENCES `Users` (`id`), `nodes` JSON NOT NULL DEFAULT '[]', `staff` JSON NOT NULL DEFAULT '[]', `equipment` JSON NOT NULL DEFAULT '[]', `totalCost` DECIMAL(10,2) NOT NULL DEFAULT '0', `totalRevenue` DECIMAL(10,2) NOT NULL DEFAULT '0', `marginPct` DECIMAL(5,2) NOT NULL DEFAULT '0', `createdAt` DATETIME NOT NULL, `updatedAt` DATETIME NOT NULL, `status` TEXT DEFAULT 'draft', `clientId` UUID REFERENCES `Clients` (`id`) ON DELETE SET NULL ON UPDATE CASCADE, `version` INTEGER NOT NULL DEFAULT '0');
Executing (default): INSERT INTO `Quotes` SELECT `id`, `name`, `projectId`, `userId`, `nodes`, `staff`, `equipment`, `totalCost`, `totalRevenue`, `marginPct`, `createdAt`, `updatedAt`, `status`, `clientId`, `version` FROM `Quotes_backup`;
Executing (default): DROP TABLE `Quotes_backup`;
Executing (default): PRAGMA TABLE_INFO(`Quotes`);
Executing (default): PRAGMA INDEX_LIST(`Quotes`)
Executing (default): PRAGMA INDEX_INFO(`sqlite_autoindex_Quotes_1`)
Executing (default): PRAGMA foreign_key_list(`Quotes`)
Executing (default): CREATE TABLE IF NOT EXISTS `Quotes_backup` (`id` UUID UNIQUE PRIMARY KEY, `name` VARCHAR(255) NOT NULL, `projectId` UUID NOT NULL REFERENCES `Projects` (`id`), `userId` UUID NOT NULL REFERENCES `Users` (`id`), `nodes` JSON NOT NULL DEFAULT '[]', `staff` JSON NOT NULL DEFAULT '[]', `equipment` JSON NOT NULL DEFAULT '[]', `totalCost` DECIMAL(10,2) NOT NULL DEFAULT '0', `totalRevenue` DECIMAL(10,2) NOT NULL DEFAULT '0', `marginPct` DECIMAL(5,2) NOT NULL DEFAULT '0', `createdAt` DATETIME NOT NULL, `updatedAt` DATETIME NOT NULL, `status` TEXT DEFAULT 'draft', `clientId` UUID REFERENCES `Clients` (`id`), `version` INTEGER NOT NULL DEFAULT 0);
Executing (default): INSERT INTO `Quotes_backup` SELECT `id`, `name`, `projectId`, `userId`, `nodes`, `staff`, `equipment`, `totalCost`, `totalRevenue`, `marginPct`, `createdAt`, `updatedAt`, `status`, `clientId`, `version` FROM `Quotes`;
Executing (default): DROP TABLE `Quotes`;
Executing (default): CREATE TABLE IF NOT EXISTS `Quotes` (`id` UUID UNIQUE PRIMARY KEY, `name` VARCHAR(255) NOT NULL, `projectId` UUID NOT NULL REFERENCES `Projects` (`id`), `userId` UUID NOT NULL REFERENCES `Users` (`id`), `nodes` JSON NOT NULL DEFAULT '[]', `staff` JSON NOT NULL DEFAULT '[]', `equipment` JSON NOT NULL DEFAULT '[]', `totalCost` DECIMAL(10,2) NOT NULL DEFAULT '0', `totalRevenue` DECIMAL(10,2) NOT NULL DEFAULT '0', `marginPct` DECIMAL(5,2) NOT NULL DEFAULT '0', `createdAt` DATETIME NOT NULL, `updatedAt` DATETIME NOT NULL, `status` TEXT DEFAULT 'draft', `clientId` UUID REFERENCES `Clients` (`id`), `version` INTEGER NOT NULL DEFAULT 0);
Executing (default): INSERT INTO `Quotes` SELECT `id`, `name`, `projectId`, `userId`, `nodes`, `staff`, `equipment`, `totalCost`, `totalRevenue`, `marginPct`, `createdAt`, `updatedAt`, `status`, `clientId`, `version` FROM `Quotes_backup`;
Executing (default): DROP TABLE `Quotes_backup`;
Executing (default): PRAGMA INDEX_LIST(`Quotes`)
Executing (default): PRAGMA INDEX_INFO(`sqlite_autoindex_Quotes_1`)
Executing (default): SELECT name FROM sqlite_master WHERE type='table' AND name='SafetyForms';
Executing (default): PRAGMA TABLE_INFO(`SafetyForms`);
Executing (default): PRAGMA foreign_key_list(`SafetyForms`)
Executing (default): PRAGMA INDEX_LIST(`SafetyForms`)
Executing (default): PRAGMA INDEX_INFO(`sqlite_autoindex_SafetyForms_1`)
Executing (default): PRAGMA foreign_key_list(`SafetyForms`)
Executing (default): PRAGMA TABLE_INFO(`SafetyForms`);
Executing (default): PRAGMA INDEX_LIST(`SafetyForms`)
Executing (default): PRAGMA INDEX_INFO(`sqlite_autoindex_SafetyForms_1`)
Executing (default): PRAGMA foreign_key_list(`SafetyForms`)
Executing (default): CREATE TABLE IF NOT EXISTS `SafetyForms_backup` (`id` UUID UNIQUE PRIMARY KEY, `title` VARCHAR(255) NOT NULL, `type` TEXT DEFAULT 'SWMS', `status` TEXT DEFAULT 'DRAFT', `data` JSON DEFAULT '{}', `signatures` JSON DEFAULT '[]', `latitude` DECIMAL(10,7), `longitude` DECIMAL(10,7), `locationDetails` VARCHAR(255), `riskLevel` TEXT DEFAULT 'LOW', `approvedBy` UUID, `approvedAt` DATETIME, `projectId` UUID REFERENCES `Projects` (`id`), `templateId` UUID REFERENCES `SafetyTemplates` (`id`), `version` INTEGER DEFAULT '1', `createdBy` UUID REFERENCES `Users` (`id`), `createdAt` DATETIME NOT NULL, `updatedAt` DATETIME NOT NULL);
Executing (default): INSERT INTO `SafetyForms_backup` SELECT `id`, `title`, `type`, `status`, `data`, `signatures`, `latitude`, `longitude`, `locationDetails`, `riskLevel`, `approvedBy`, `approvedAt`, `projectId`, `templateId`, `version`, `createdBy`, `createdAt`, `updatedAt` FROM `SafetyForms`;
Executing (default): DROP TABLE `SafetyForms`;
Executing (default): CREATE TABLE IF NOT EXISTS `SafetyForms` (`id` UUID UNIQUE PRIMARY KEY, `title` VARCHAR(255) NOT NULL, `type` TEXT DEFAULT 'SWMS', `status` TEXT DEFAULT 'DRAFT', `data` JSON DEFAULT '{}', `signatures` JSON DEFAULT '[]', `latitude` DECIMAL(10,7), `longitude` DECIMAL(10,7), `locationDetails` VARCHAR(255), `riskLevel` TEXT DEFAULT 'LOW', `approvedBy` UUID, `approvedAt` DATETIME, `projectId` UUID REFERENCES `Projects` (`id`), `templateId` UUID REFERENCES `SafetyTemplates` (`id`), `version` INTEGER DEFAULT '1', `createdBy` UUID REFERENCES `Users` (`id`), `createdAt` DATETIME NOT NULL, `updatedAt` DATETIME NOT NULL);
Executing (default): INSERT INTO `SafetyForms` SELECT `id`, `title`, `type`, `status`, `data`, `signatures`, `latitude`, `longitude`, `locationDetails`, `riskLevel`, `approvedBy`, `approvedAt`, `projectId`, `templateId`, `version`, `createdBy`, `createdAt`, `updatedAt` FROM `SafetyForms_backup`;
Executing (default): DROP TABLE `SafetyForms_backup`;
Executing (default): PRAGMA TABLE_INFO(`SafetyForms`);
Executing (default): PRAGMA INDEX_LIST(`SafetyForms`)
Executing (default): PRAGMA INDEX_INFO(`sqlite_autoindex_SafetyForms_1`)
Executing (default): PRAGMA foreign_key_list(`SafetyForms`)
Executing (default): CREATE TABLE IF NOT EXISTS `SafetyForms_backup` (`id` UUID UNIQUE PRIMARY KEY, `title` VARCHAR(255) NOT NULL, `type` TEXT DEFAULT 'SWMS', `status` TEXT DEFAULT 'DRAFT', `data` JSON DEFAULT '{}', `signatures` JSON DEFAULT '[]', `latitude` DECIMAL(10,7), `longitude` DECIMAL(10,7), `locationDetails` VARCHAR(255), `riskLevel` TEXT DEFAULT 'LOW', `approvedBy` UUID, `approvedAt` DATETIME, `projectId` UUID REFERENCES `Projects` (`id`), `templateId` UUID REFERENCES `SafetyTemplates` (`id`), `version` INTEGER DEFAULT '1', `createdBy` UUID REFERENCES `Users` (`id`), `createdAt` DATETIME NOT NULL, `updatedAt` DATETIME NOT NULL);
Executing (default): INSERT INTO `SafetyForms_backup` SELECT `id`, `title`, `type`, `status`, `data`, `signatures`, `latitude`, `longitude`, `locationDetails`, `riskLevel`, `approvedBy`, `approvedAt`, `projectId`, `templateId`, `version`, `createdBy`, `createdAt`, `updatedAt` FROM `SafetyForms`;
Executing (default): DROP TABLE `SafetyForms`;
Executing (default): CREATE TABLE IF NOT EXISTS `SafetyForms` (`id` UUID UNIQUE PRIMARY KEY, `title` VARCHAR(255) NOT NULL, `type` TEXT DEFAULT 'SWMS', `status` TEXT DEFAULT 'DRAFT', `data` JSON DEFAULT '{}', `signatures` JSON DEFAULT '[]', `latitude` DECIMAL(10,7), `longitude` DECIMAL(10,7), `locationDetails` VARCHAR(255), `riskLevel` TEXT DEFAULT 'LOW', `approvedBy` UUID, `approvedAt` DATETIME, `projectId` UUID REFERENCES `Projects` (`id`), `templateId` UUID REFERENCES `SafetyTemplates` (`id`), `version` INTEGER DEFAULT '1', `createdBy` UUID REFERENCES `Users` (`id`), `createdAt` DATETIME NOT NULL, `updatedAt` DATETIME NOT NULL);
Executing (default): INSERT INTO `SafetyForms` SELECT `id`, `title`, `type`, `status`, `data`, `signatures`, `latitude`, `longitude`, `locationDetails`, `riskLevel`, `approvedBy`, `approvedAt`, `projectId`, `templateId`, `version`, `createdBy`, `createdAt`, `updatedAt` FROM `SafetyForms_backup`;
Executing (default): DROP TABLE `SafetyForms_backup`;
Executing (default): PRAGMA TABLE_INFO(`SafetyForms`);
Executing (default): PRAGMA INDEX_LIST(`SafetyForms`)
Executing (default): PRAGMA INDEX_INFO(`sqlite_autoindex_SafetyForms_1`)
Executing (default): PRAGMA foreign_key_list(`SafetyForms`)
Executing (default): CREATE TABLE IF NOT EXISTS `SafetyForms_backup` (`id` UUID UNIQUE PRIMARY KEY, `title` VARCHAR(255) NOT NULL, `type` TEXT DEFAULT 'SWMS', `status` TEXT DEFAULT 'DRAFT', `data` JSON DEFAULT '{}', `signatures` JSON DEFAULT '[]', `latitude` DECIMAL(10,7), `longitude` DECIMAL(10,7), `locationDetails` VARCHAR(255), `riskLevel` TEXT DEFAULT 'LOW', `approvedBy` UUID, `approvedAt` DATETIME, `projectId` UUID REFERENCES `Projects` (`id`), `templateId` UUID REFERENCES `SafetyTemplates` (`id`), `version` INTEGER DEFAULT '1', `createdBy` UUID REFERENCES `Users` (`id`), `createdAt` DATETIME NOT NULL, `updatedAt` DATETIME NOT NULL);
Executing (default): INSERT INTO `SafetyForms_backup` SELECT `id`, `title`, `type`, `status`, `data`, `signatures`, `latitude`, `longitude`, `locationDetails`, `riskLevel`, `approvedBy`, `approvedAt`, `projectId`, `templateId`, `version`, `createdBy`, `createdAt`, `updatedAt` FROM `SafetyForms`;
Executing (default): DROP TABLE `SafetyForms`;
Executing (default): CREATE TABLE IF NOT EXISTS `SafetyForms` (`id` UUID UNIQUE PRIMARY KEY, `title` VARCHAR(255) NOT NULL, `type` TEXT DEFAULT 'SWMS', `status` TEXT DEFAULT 'DRAFT', `data` JSON DEFAULT '{}', `signatures` JSON DEFAULT '[]', `latitude` DECIMAL(10,7), `longitude` DECIMAL(10,7), `locationDetails` VARCHAR(255), `riskLevel` TEXT DEFAULT 'LOW', `approvedBy` UUID, `approvedAt` DATETIME, `projectId` UUID REFERENCES `Projects` (`id`), `templateId` UUID REFERENCES `SafetyTemplates` (`id`), `version` INTEGER DEFAULT '1', `createdBy` UUID REFERENCES `Users` (`id`), `createdAt` DATETIME NOT NULL, `updatedAt` DATETIME NOT NULL);
Executing (default): INSERT INTO `SafetyForms` SELECT `id`, `title`, `type`, `status`, `data`, `signatures`, `latitude`, `longitude`, `locationDetails`, `riskLevel`, `approvedBy`, `approvedAt`, `projectId`, `templateId`, `version`, `createdBy`, `createdAt`, `updatedAt` FROM `SafetyForms_backup`;
Executing (default): DROP TABLE `SafetyForms_backup`;
Executing (default): PRAGMA TABLE_INFO(`SafetyForms`);
Executing (default): PRAGMA INDEX_LIST(`SafetyForms`)
Executing (default): PRAGMA INDEX_INFO(`sqlite_autoindex_SafetyForms_1`)
Executing (default): PRAGMA foreign_key_list(`SafetyForms`)
Executing (default): CREATE TABLE IF NOT EXISTS `SafetyForms_backup` (`id` UUID UNIQUE PRIMARY KEY, `title` VARCHAR(255) NOT NULL, `type` TEXT DEFAULT 'SWMS', `status` TEXT DEFAULT 'DRAFT', `data` JSON DEFAULT '{}', `signatures` JSON DEFAULT '[]', `latitude` DECIMAL(10,7), `longitude` DECIMAL(10,7), `locationDetails` VARCHAR(255), `riskLevel` TEXT DEFAULT 'LOW', `approvedBy` UUID, `approvedAt` DATETIME, `projectId` UUID REFERENCES `Projects` (`id`), `templateId` UUID REFERENCES `SafetyTemplates` (`id`), `version` INTEGER DEFAULT '1', `createdBy` UUID REFERENCES `Users` (`id`), `createdAt` DATETIME NOT NULL, `updatedAt` DATETIME NOT NULL);
Executing (default): INSERT INTO `SafetyForms_backup` SELECT `id`, `title`, `type`, `status`, `data`, `signatures`, `latitude`, `longitude`, `locationDetails`, `riskLevel`, `approvedBy`, `approvedAt`, `projectId`, `templateId`, `version`, `createdBy`, `createdAt`, `updatedAt` FROM `SafetyForms`;
Executing (default): DROP TABLE `SafetyForms`;
Executing (default): CREATE TABLE IF NOT EXISTS `SafetyForms` (`id` UUID UNIQUE PRIMARY KEY, `title` VARCHAR(255) NOT NULL, `type` TEXT DEFAULT 'SWMS', `status` TEXT DEFAULT 'DRAFT', `data` JSON DEFAULT '{}', `signatures` JSON DEFAULT '[]', `latitude` DECIMAL(10,7), `longitude` DECIMAL(10,7), `locationDetails` VARCHAR(255), `riskLevel` TEXT DEFAULT 'LOW', `approvedBy` UUID, `approvedAt` DATETIME, `projectId` UUID REFERENCES `Projects` (`id`), `templateId` UUID REFERENCES `SafetyTemplates` (`id`), `version` INTEGER DEFAULT '1', `createdBy` UUID REFERENCES `Users` (`id`), `createdAt` DATETIME NOT NULL, `updatedAt` DATETIME NOT NULL);
Executing (default): INSERT INTO `SafetyForms` SELECT `id`, `title`, `type`, `status`, `data`, `signatures`, `latitude`, `longitude`, `locationDetails`, `riskLevel`, `approvedBy`, `approvedAt`, `projectId`, `templateId`, `version`, `createdBy`, `createdAt`, `updatedAt` FROM `SafetyForms_backup`;
Executing (default): DROP TABLE `SafetyForms_backup`;
Executing (default): PRAGMA TABLE_INFO(`SafetyForms`);
Executing (default): PRAGMA INDEX_LIST(`SafetyForms`)
Executing (default): PRAGMA INDEX_INFO(`sqlite_autoindex_SafetyForms_1`)
Executing (default): PRAGMA foreign_key_list(`SafetyForms`)
Executing (default): CREATE TABLE IF NOT EXISTS `SafetyForms_backup` (`id` UUID UNIQUE PRIMARY KEY, `title` VARCHAR(255) NOT NULL, `type` TEXT DEFAULT 'SWMS', `status` TEXT DEFAULT 'DRAFT', `data` JSON DEFAULT '{}', `signatures` JSON DEFAULT '[]', `latitude` DECIMAL(10,7), `longitude` DECIMAL(10,7), `locationDetails` VARCHAR(255), `riskLevel` TEXT DEFAULT 'LOW', `approvedBy` UUID, `approvedAt` DATETIME, `projectId` UUID REFERENCES `Projects` (`id`), `templateId` UUID REFERENCES `SafetyTemplates` (`id`), `version` INTEGER DEFAULT '1', `createdBy` UUID REFERENCES `Users` (`id`), `createdAt` DATETIME NOT NULL, `updatedAt` DATETIME NOT NULL);
Executing (default): INSERT INTO `SafetyForms_backup` SELECT `id`, `title`, `type`, `status`, `data`, `signatures`, `latitude`, `longitude`, `locationDetails`, `riskLevel`, `approvedBy`, `approvedAt`, `projectId`, `templateId`, `version`, `createdBy`, `createdAt`, `updatedAt` FROM `SafetyForms`;
Executing (default): DROP TABLE `SafetyForms`;
Executing (default): CREATE TABLE IF NOT EXISTS `SafetyForms` (`id` UUID UNIQUE PRIMARY KEY, `title` VARCHAR(255) NOT NULL, `type` TEXT DEFAULT 'SWMS', `status` TEXT DEFAULT 'DRAFT', `data` JSON DEFAULT '{}', `signatures` JSON DEFAULT '[]', `latitude` DECIMAL(10,7), `longitude` DECIMAL(10,7), `locationDetails` VARCHAR(255), `riskLevel` TEXT DEFAULT 'LOW', `approvedBy` UUID, `approvedAt` DATETIME, `projectId` UUID REFERENCES `Projects` (`id`), `templateId` UUID REFERENCES `SafetyTemplates` (`id`), `version` INTEGER DEFAULT '1', `createdBy` UUID REFERENCES `Users` (`id`), `createdAt` DATETIME NOT NULL, `updatedAt` DATETIME NOT NULL);
Executing (default): INSERT INTO `SafetyForms` SELECT `id`, `title`, `type`, `status`, `data`, `signatures`, `latitude`, `longitude`, `locationDetails`, `riskLevel`, `approvedBy`, `approvedAt`, `projectId`, `templateId`, `version`, `createdBy`, `createdAt`, `updatedAt` FROM `SafetyForms_backup`;
Executing (default): DROP TABLE `SafetyForms_backup`;
Executing (default): PRAGMA TABLE_INFO(`SafetyForms`);
Executing (default): PRAGMA INDEX_LIST(`SafetyForms`)
Executing (default): PRAGMA INDEX_INFO(`sqlite_autoindex_SafetyForms_1`)
Executing (default): PRAGMA foreign_key_list(`SafetyForms`)
Executing (default): CREATE TABLE IF NOT EXISTS `SafetyForms_backup` (`id` UUID UNIQUE PRIMARY KEY, `title` VARCHAR(255) NOT NULL, `type` TEXT DEFAULT 'SWMS', `status` TEXT DEFAULT 'DRAFT', `data` JSON DEFAULT '{}', `signatures` JSON DEFAULT '[]', `latitude` DECIMAL(10,7), `longitude` DECIMAL(10,7), `locationDetails` VARCHAR(255), `riskLevel` TEXT DEFAULT 'LOW', `approvedBy` UUID, `approvedAt` DATETIME, `projectId` UUID REFERENCES `Projects` (`id`), `templateId` UUID REFERENCES `SafetyTemplates` (`id`), `version` INTEGER DEFAULT '1', `createdBy` UUID REFERENCES `Users` (`id`), `createdAt` DATETIME NOT NULL, `updatedAt` DATETIME NOT NULL);
Executing (default): INSERT INTO `SafetyForms_backup` SELECT `id`, `title`, `type`, `status`, `data`, `signatures`, `latitude`, `longitude`, `locationDetails`, `riskLevel`, `approvedBy`, `approvedAt`, `projectId`, `templateId`, `version`, `createdBy`, `createdAt`, `updatedAt` FROM `SafetyForms`;
Executing (default): DROP TABLE `SafetyForms`;
Executing (default): CREATE TABLE IF NOT EXISTS `SafetyForms` (`id` UUID UNIQUE PRIMARY KEY, `title` VARCHAR(255) NOT NULL, `type` TEXT DEFAULT 'SWMS', `status` TEXT DEFAULT 'DRAFT', `data` JSON DEFAULT '{}', `signatures` JSON DEFAULT '[]', `latitude` DECIMAL(10,7), `longitude` DECIMAL(10,7), `locationDetails` VARCHAR(255), `riskLevel` TEXT DEFAULT 'LOW', `approvedBy` UUID, `approvedAt` DATETIME, `projectId` UUID REFERENCES `Projects` (`id`), `templateId` UUID REFERENCES `SafetyTemplates` (`id`), `version` INTEGER DEFAULT '1', `createdBy` UUID REFERENCES `Users` (`id`), `createdAt` DATETIME NOT NULL, `updatedAt` DATETIME NOT NULL);
Executing (default): INSERT INTO `SafetyForms` SELECT `id`, `title`, `type`, `status`, `data`, `signatures`, `latitude`, `longitude`, `locationDetails`, `riskLevel`, `approvedBy`, `approvedAt`, `projectId`, `templateId`, `version`, `createdBy`, `createdAt`, `updatedAt` FROM `SafetyForms_backup`;
Executing (default): DROP TABLE `SafetyForms_backup`;
Executing (default): PRAGMA TABLE_INFO(`SafetyForms`);
Executing (default): PRAGMA INDEX_LIST(`SafetyForms`)
Executing (default): PRAGMA INDEX_INFO(`sqlite_autoindex_SafetyForms_1`)
Executing (default): PRAGMA foreign_key_list(`SafetyForms`)
Executing (default): CREATE TABLE IF NOT EXISTS `SafetyForms_backup` (`id` UUID UNIQUE PRIMARY KEY, `title` VARCHAR(255) NOT NULL, `type` TEXT DEFAULT 'SWMS', `status` TEXT DEFAULT 'DRAFT', `data` JSON DEFAULT '{}', `signatures` JSON DEFAULT '[]', `latitude` DECIMAL(10,7), `longitude` DECIMAL(10,7), `locationDetails` VARCHAR(255), `riskLevel` TEXT DEFAULT 'LOW', `approvedBy` UUID, `approvedAt` DATETIME, `projectId` UUID REFERENCES `Projects` (`id`), `templateId` UUID REFERENCES `SafetyTemplates` (`id`), `version` INTEGER DEFAULT '1', `createdBy` UUID REFERENCES `Users` (`id`), `createdAt` DATETIME NOT NULL, `updatedAt` DATETIME NOT NULL);
Executing (default): INSERT INTO `SafetyForms_backup` SELECT `id`, `title`, `type`, `status`, `data`, `signatures`, `latitude`, `longitude`, `locationDetails`, `riskLevel`, `approvedBy`, `approvedAt`, `projectId`, `templateId`, `version`, `createdBy`, `createdAt`, `updatedAt` FROM `SafetyForms`;
Executing (default): DROP TABLE `SafetyForms`;
Executing (default): CREATE TABLE IF NOT EXISTS `SafetyForms` (`id` UUID UNIQUE PRIMARY KEY, `title` VARCHAR(255) NOT NULL, `type` TEXT DEFAULT 'SWMS', `status` TEXT DEFAULT 'DRAFT', `data` JSON DEFAULT '{}', `signatures` JSON DEFAULT '[]', `latitude` DECIMAL(10,7), `longitude` DECIMAL(10,7), `locationDetails` VARCHAR(255), `riskLevel` TEXT DEFAULT 'LOW', `approvedBy` UUID, `approvedAt` DATETIME, `projectId` UUID REFERENCES `Projects` (`id`), `templateId` UUID REFERENCES `SafetyTemplates` (`id`), `version` INTEGER DEFAULT '1', `createdBy` UUID REFERENCES `Users` (`id`), `createdAt` DATETIME NOT NULL, `updatedAt` DATETIME NOT NULL);
Executing (default): INSERT INTO `SafetyForms` SELECT `id`, `title`, `type`, `status`, `data`, `signatures`, `latitude`, `longitude`, `locationDetails`, `riskLevel`, `approvedBy`, `approvedAt`, `projectId`, `templateId`, `version`, `createdBy`, `createdAt`, `updatedAt` FROM `SafetyForms_backup`;
Executing (default): DROP TABLE `SafetyForms_backup`;
Executing (default): PRAGMA TABLE_INFO(`SafetyForms`);
Executing (default): PRAGMA INDEX_LIST(`SafetyForms`)
Executing (default): PRAGMA INDEX_INFO(`sqlite_autoindex_SafetyForms_1`)
Executing (default): PRAGMA foreign_key_list(`SafetyForms`)
Executing (default): CREATE TABLE IF NOT EXISTS `SafetyForms_backup` (`id` UUID UNIQUE PRIMARY KEY, `title` VARCHAR(255) NOT NULL, `type` TEXT DEFAULT 'SWMS', `status` TEXT DEFAULT 'DRAFT', `data` JSON DEFAULT '{}', `signatures` JSON DEFAULT '[]', `latitude` DECIMAL(10,7), `longitude` DECIMAL(10,7), `locationDetails` VARCHAR(255), `riskLevel` TEXT DEFAULT 'LOW', `approvedBy` UUID, `approvedAt` DATETIME, `projectId` UUID REFERENCES `Projects` (`id`), `templateId` UUID REFERENCES `SafetyTemplates` (`id`), `version` INTEGER DEFAULT '1', `createdBy` UUID REFERENCES `Users` (`id`), `createdAt` DATETIME NOT NULL, `updatedAt` DATETIME NOT NULL);
Executing (default): INSERT INTO `SafetyForms_backup` SELECT `id`, `title`, `type`, `status`, `data`, `signatures`, `latitude`, `longitude`, `locationDetails`, `riskLevel`, `approvedBy`, `approvedAt`, `projectId`, `templateId`, `version`, `createdBy`, `createdAt`, `updatedAt` FROM `SafetyForms`;
Executing (default): DROP TABLE `SafetyForms`;
Executing (default): CREATE TABLE IF NOT EXISTS `SafetyForms` (`id` UUID UNIQUE PRIMARY KEY, `title` VARCHAR(255) NOT NULL, `type` TEXT DEFAULT 'SWMS', `status` TEXT DEFAULT 'DRAFT', `data` JSON DEFAULT '{}', `signatures` JSON DEFAULT '[]', `latitude` DECIMAL(10,7), `longitude` DECIMAL(10,7), `locationDetails` VARCHAR(255), `riskLevel` TEXT DEFAULT 'LOW', `approvedBy` UUID, `approvedAt` DATETIME, `projectId` UUID REFERENCES `Projects` (`id`), `templateId` UUID REFERENCES `SafetyTemplates` (`id`), `version` INTEGER DEFAULT '1', `createdBy` UUID REFERENCES `Users` (`id`), `createdAt` DATETIME NOT NULL, `updatedAt` DATETIME NOT NULL);
Executing (default): INSERT INTO `SafetyForms` SELECT `id`, `title`, `type`, `status`, `data`, `signatures`, `latitude`, `longitude`, `locationDetails`, `riskLevel`, `approvedBy`, `approvedAt`, `projectId`, `templateId`, `version`, `createdBy`, `createdAt`, `updatedAt` FROM `SafetyForms_backup`;
Executing (default): DROP TABLE `SafetyForms_backup`;
Executing (default): PRAGMA TABLE_INFO(`SafetyForms`);
Executing (default): PRAGMA INDEX_LIST(`SafetyForms`)
Executing (default): PRAGMA INDEX_INFO(`sqlite_autoindex_SafetyForms_1`)
Executing (default): PRAGMA foreign_key_list(`SafetyForms`)
Executing (default): CREATE TABLE IF NOT EXISTS `SafetyForms_backup` (`id` UUID UNIQUE PRIMARY KEY, `title` VARCHAR(255) NOT NULL, `type` TEXT DEFAULT 'SWMS', `status` TEXT DEFAULT 'DRAFT', `data` JSON DEFAULT '{}', `signatures` JSON DEFAULT '[]', `latitude` DECIMAL(10,7), `longitude` DECIMAL(10,7), `locationDetails` VARCHAR(255), `riskLevel` TEXT DEFAULT 'LOW', `approvedBy` UUID, `approvedAt` DATETIME, `projectId` UUID REFERENCES `Projects` (`id`), `templateId` UUID REFERENCES `SafetyTemplates` (`id`), `version` INTEGER DEFAULT '1', `createdBy` UUID REFERENCES `Users` (`id`), `createdAt` DATETIME NOT NULL, `updatedAt` DATETIME NOT NULL);
Executing (default): INSERT INTO `SafetyForms_backup` SELECT `id`, `title`, `type`, `status`, `data`, `signatures`, `latitude`, `longitude`, `locationDetails`, `riskLevel`, `approvedBy`, `approvedAt`, `projectId`, `templateId`, `version`, `createdBy`, `createdAt`, `updatedAt` FROM `SafetyForms`;
Executing (default): DROP TABLE `SafetyForms`;
Executing (default): CREATE TABLE IF NOT EXISTS `SafetyForms` (`id` UUID UNIQUE PRIMARY KEY, `title` VARCHAR(255) NOT NULL, `type` TEXT DEFAULT 'SWMS', `status` TEXT DEFAULT 'DRAFT', `data` JSON DEFAULT '{}', `signatures` JSON DEFAULT '[]', `latitude` DECIMAL(10,7), `longitude` DECIMAL(10,7), `locationDetails` VARCHAR(255), `riskLevel` TEXT DEFAULT 'LOW', `approvedBy` UUID, `approvedAt` DATETIME, `projectId` UUID REFERENCES `Projects` (`id`), `templateId` UUID REFERENCES `SafetyTemplates` (`id`), `version` INTEGER DEFAULT '1', `createdBy` UUID REFERENCES `Users` (`id`), `createdAt` DATETIME NOT NULL, `updatedAt` DATETIME NOT NULL);
Executing (default): INSERT INTO `SafetyForms` SELECT `id`, `title`, `type`, `status`, `data`, `signatures`, `latitude`, `longitude`, `locationDetails`, `riskLevel`, `approvedBy`, `approvedAt`, `projectId`, `templateId`, `version`, `createdBy`, `createdAt`, `updatedAt` FROM `SafetyForms_backup`;
Executing (default): DROP TABLE `SafetyForms_backup`;
Executing (default): PRAGMA TABLE_INFO(`SafetyForms`);
Executing (default): PRAGMA INDEX_LIST(`SafetyForms`)
Executing (default): PRAGMA INDEX_INFO(`sqlite_autoindex_SafetyForms_1`)
Executing (default): PRAGMA foreign_key_list(`SafetyForms`)
Executing (default): CREATE TABLE IF NOT EXISTS `SafetyForms_backup` (`id` UUID UNIQUE PRIMARY KEY, `title` VARCHAR(255) NOT NULL, `type` TEXT DEFAULT 'SWMS', `status` TEXT DEFAULT 'DRAFT', `data` JSON DEFAULT '{}', `signatures` JSON DEFAULT '[]', `latitude` DECIMAL(10,7), `longitude` DECIMAL(10,7), `locationDetails` VARCHAR(255), `riskLevel` TEXT DEFAULT 'LOW', `approvedBy` UUID, `approvedAt` DATETIME, `projectId` UUID REFERENCES `Projects` (`id`), `templateId` UUID REFERENCES `SafetyTemplates` (`id`), `version` INTEGER DEFAULT '1', `createdBy` UUID REFERENCES `Users` (`id`), `createdAt` DATETIME NOT NULL, `updatedAt` DATETIME NOT NULL);
Executing (default): INSERT INTO `SafetyForms_backup` SELECT `id`, `title`, `type`, `status`, `data`, `signatures`, `latitude`, `longitude`, `locationDetails`, `riskLevel`, `approvedBy`, `approvedAt`, `projectId`, `templateId`, `version`, `createdBy`, `createdAt`, `updatedAt` FROM `SafetyForms`;
Executing (default): DROP TABLE `SafetyForms`;
Executing (default): CREATE TABLE IF NOT EXISTS `SafetyForms` (`id` UUID UNIQUE PRIMARY KEY, `title` VARCHAR(255) NOT NULL, `type` TEXT DEFAULT 'SWMS', `status` TEXT DEFAULT 'DRAFT', `data` JSON DEFAULT '{}', `signatures` JSON DEFAULT '[]', `latitude` DECIMAL(10,7), `longitude` DECIMAL(10,7), `locationDetails` VARCHAR(255), `riskLevel` TEXT DEFAULT 'LOW', `approvedBy` UUID, `approvedAt` DATETIME, `projectId` UUID REFERENCES `Projects` (`id`), `templateId` UUID REFERENCES `SafetyTemplates` (`id`), `version` INTEGER DEFAULT '1', `createdBy` UUID REFERENCES `Users` (`id`), `createdAt` DATETIME NOT NULL, `updatedAt` DATETIME NOT NULL);
Executing (default): INSERT INTO `SafetyForms` SELECT `id`, `title`, `type`, `status`, `data`, `signatures`, `latitude`, `longitude`, `locationDetails`, `riskLevel`, `approvedBy`, `approvedAt`, `projectId`, `templateId`, `version`, `createdBy`, `createdAt`, `updatedAt` FROM `SafetyForms_backup`;
Executing (default): DROP TABLE `SafetyForms_backup`;
Executing (default): PRAGMA TABLE_INFO(`SafetyForms`);
Executing (default): PRAGMA INDEX_LIST(`SafetyForms`)
Executing (default): PRAGMA INDEX_INFO(`sqlite_autoindex_SafetyForms_1`)
Executing (default): PRAGMA foreign_key_list(`SafetyForms`)
Executing (default): CREATE TABLE IF NOT EXISTS `SafetyForms_backup` (`id` UUID UNIQUE PRIMARY KEY, `title` VARCHAR(255) NOT NULL, `type` TEXT DEFAULT 'SWMS', `status` TEXT DEFAULT 'DRAFT', `data` JSON DEFAULT '{}', `signatures` JSON DEFAULT '[]', `latitude` DECIMAL(10,7), `longitude` DECIMAL(10,7), `locationDetails` VARCHAR(255), `riskLevel` TEXT DEFAULT 'LOW', `approvedBy` UUID, `approvedAt` DATETIME, `projectId` UUID REFERENCES `Projects` (`id`), `templateId` UUID REFERENCES `SafetyTemplates` (`id`), `version` INTEGER DEFAULT '1', `createdBy` UUID REFERENCES `Users` (`id`), `createdAt` DATETIME NOT NULL, `updatedAt` DATETIME NOT NULL);
Executing (default): INSERT INTO `SafetyForms_backup` SELECT `id`, `title`, `type`, `status`, `data`, `signatures`, `latitude`, `longitude`, `locationDetails`, `riskLevel`, `approvedBy`, `approvedAt`, `projectId`, `templateId`, `version`, `createdBy`, `createdAt`, `updatedAt` FROM `SafetyForms`;
Executing (default): DROP TABLE `SafetyForms`;
Executing (default): CREATE TABLE IF NOT EXISTS `SafetyForms` (`id` UUID UNIQUE PRIMARY KEY, `title` VARCHAR(255) NOT NULL, `type` TEXT DEFAULT 'SWMS', `status` TEXT DEFAULT 'DRAFT', `data` JSON DEFAULT '{}', `signatures` JSON DEFAULT '[]', `latitude` DECIMAL(10,7), `longitude` DECIMAL(10,7), `locationDetails` VARCHAR(255), `riskLevel` TEXT DEFAULT 'LOW', `approvedBy` UUID, `approvedAt` DATETIME, `projectId` UUID REFERENCES `Projects` (`id`), `templateId` UUID REFERENCES `SafetyTemplates` (`id`), `version` INTEGER DEFAULT '1', `createdBy` UUID REFERENCES `Users` (`id`), `createdAt` DATETIME NOT NULL, `updatedAt` DATETIME NOT NULL);
Executing (default): INSERT INTO `SafetyForms` SELECT `id`, `title`, `type`, `status`, `data`, `signatures`, `latitude`, `longitude`, `locationDetails`, `riskLevel`, `approvedBy`, `approvedAt`, `projectId`, `templateId`, `version`, `createdBy`, `createdAt`, `updatedAt` FROM `SafetyForms_backup`;
Executing (default): DROP TABLE `SafetyForms_backup`;
Executing (default): PRAGMA TABLE_INFO(`SafetyForms`);
Executing (default): PRAGMA INDEX_LIST(`SafetyForms`)
Executing (default): PRAGMA INDEX_INFO(`sqlite_autoindex_SafetyForms_1`)
Executing (default): PRAGMA foreign_key_list(`SafetyForms`)
Executing (default): CREATE TABLE IF NOT EXISTS `SafetyForms_backup` (`id` UUID UNIQUE PRIMARY KEY, `title` VARCHAR(255) NOT NULL, `type` TEXT DEFAULT 'SWMS', `status` TEXT DEFAULT 'DRAFT', `data` JSON DEFAULT '{}', `signatures` JSON DEFAULT '[]', `latitude` DECIMAL(10,7), `longitude` DECIMAL(10,7), `locationDetails` VARCHAR(255), `riskLevel` TEXT DEFAULT 'LOW', `approvedBy` UUID, `approvedAt` DATETIME, `projectId` UUID REFERENCES `Projects` (`id`) ON DELETE SET NULL ON UPDATE CASCADE, `templateId` UUID REFERENCES `SafetyTemplates` (`id`), `version` INTEGER DEFAULT '1', `createdBy` UUID REFERENCES `Users` (`id`), `createdAt` DATETIME NOT NULL, `updatedAt` DATETIME NOT NULL);
Executing (default): INSERT INTO `SafetyForms_backup` SELECT `id`, `title`, `type`, `status`, `data`, `signatures`, `latitude`, `longitude`, `locationDetails`, `riskLevel`, `approvedBy`, `approvedAt`, `projectId`, `templateId`, `version`, `createdBy`, `createdAt`, `updatedAt` FROM `SafetyForms`;
Executing (default): DROP TABLE `SafetyForms`;
Executing (default): CREATE TABLE IF NOT EXISTS `SafetyForms` (`id` UUID UNIQUE PRIMARY KEY, `title` VARCHAR(255) NOT NULL, `type` TEXT DEFAULT 'SWMS', `status` TEXT DEFAULT 'DRAFT', `data` JSON DEFAULT '{}', `signatures` JSON DEFAULT '[]', `latitude` DECIMAL(10,7), `longitude` DECIMAL(10,7), `locationDetails` VARCHAR(255), `riskLevel` TEXT DEFAULT 'LOW', `approvedBy` UUID, `approvedAt` DATETIME, `projectId` UUID REFERENCES `Projects` (`id`) ON DELETE SET NULL ON UPDATE CASCADE, `templateId` UUID REFERENCES `SafetyTemplates` (`id`), `version` INTEGER DEFAULT '1', `createdBy` UUID REFERENCES `Users` (`id`), `createdAt` DATETIME NOT NULL, `updatedAt` DATETIME NOT NULL);
Executing (default): INSERT INTO `SafetyForms` SELECT `id`, `title`, `type`, `status`, `data`, `signatures`, `latitude`, `longitude`, `locationDetails`, `riskLevel`, `approvedBy`, `approvedAt`, `projectId`, `templateId`, `version`, `createdBy`, `createdAt`, `updatedAt` FROM `SafetyForms_backup`;
Executing (default): DROP TABLE `SafetyForms_backup`;
Executing (default): PRAGMA TABLE_INFO(`SafetyForms`);
Executing (default): PRAGMA INDEX_LIST(`SafetyForms`)
Executing (default): PRAGMA INDEX_INFO(`sqlite_autoindex_SafetyForms_1`)
Executing (default): PRAGMA foreign_key_list(`SafetyForms`)
Executing (default): CREATE TABLE IF NOT EXISTS `SafetyForms_backup` (`id` UUID UNIQUE PRIMARY KEY, `title` VARCHAR(255) NOT NULL, `type` TEXT DEFAULT 'SWMS', `status` TEXT DEFAULT 'DRAFT', `data` JSON DEFAULT '{}', `signatures` JSON DEFAULT '[]', `latitude` DECIMAL(10,7), `longitude` DECIMAL(10,7), `locationDetails` VARCHAR(255), `riskLevel` TEXT DEFAULT 'LOW', `approvedBy` UUID, `approvedAt` DATETIME, `projectId` UUID REFERENCES `Projects` (`id`), `templateId` UUID REFERENCES `SafetyTemplates` (`id`) ON DELETE SET NULL ON UPDATE CASCADE, `version` INTEGER DEFAULT '1', `createdBy` UUID REFERENCES `Users` (`id`), `createdAt` DATETIME NOT NULL, `updatedAt` DATETIME NOT NULL);
Executing (default): INSERT INTO `SafetyForms_backup` SELECT `id`, `title`, `type`, `status`, `data`, `signatures`, `latitude`, `longitude`, `locationDetails`, `riskLevel`, `approvedBy`, `approvedAt`, `projectId`, `templateId`, `version`, `createdBy`, `createdAt`, `updatedAt` FROM `SafetyForms`;
Executing (default): DROP TABLE `SafetyForms`;
Executing (default): CREATE TABLE IF NOT EXISTS `SafetyForms` (`id` UUID UNIQUE PRIMARY KEY, `title` VARCHAR(255) NOT NULL, `type` TEXT DEFAULT 'SWMS', `status` TEXT DEFAULT 'DRAFT', `data` JSON DEFAULT '{}', `signatures` JSON DEFAULT '[]', `latitude` DECIMAL(10,7), `longitude` DECIMAL(10,7), `locationDetails` VARCHAR(255), `riskLevel` TEXT DEFAULT 'LOW', `approvedBy` UUID, `approvedAt` DATETIME, `projectId` UUID REFERENCES `Projects` (`id`), `templateId` UUID REFERENCES `SafetyTemplates` (`id`) ON DELETE SET NULL ON UPDATE CASCADE, `version` INTEGER DEFAULT '1', `createdBy` UUID REFERENCES `Users` (`id`), `createdAt` DATETIME NOT NULL, `updatedAt` DATETIME NOT NULL);
Executing (default): INSERT INTO `SafetyForms` SELECT `id`, `title`, `type`, `status`, `data`, `signatures`, `latitude`, `longitude`, `locationDetails`, `riskLevel`, `approvedBy`, `approvedAt`, `projectId`, `templateId`, `version`, `createdBy`, `createdAt`, `updatedAt` FROM `SafetyForms_backup`;
Executing (default): DROP TABLE `SafetyForms_backup`;
Executing (default): PRAGMA TABLE_INFO(`SafetyForms`);
Executing (default): PRAGMA INDEX_LIST(`SafetyForms`)
Executing (default): PRAGMA INDEX_INFO(`sqlite_autoindex_SafetyForms_1`)
Executing (default): PRAGMA foreign_key_list(`SafetyForms`)
Executing (default): CREATE TABLE IF NOT EXISTS `SafetyForms_backup` (`id` UUID UNIQUE PRIMARY KEY, `title` VARCHAR(255) NOT NULL, `type` TEXT DEFAULT 'SWMS', `status` TEXT DEFAULT 'DRAFT', `data` JSON DEFAULT '{}', `signatures` JSON DEFAULT '[]', `latitude` DECIMAL(10,7), `longitude` DECIMAL(10,7), `locationDetails` VARCHAR(255), `riskLevel` TEXT DEFAULT 'LOW', `approvedBy` UUID, `approvedAt` DATETIME, `projectId` UUID REFERENCES `Projects` (`id`), `templateId` UUID REFERENCES `SafetyTemplates` (`id`), `version` INTEGER DEFAULT 1, `createdBy` UUID REFERENCES `Users` (`id`), `createdAt` DATETIME NOT NULL, `updatedAt` DATETIME NOT NULL);
Executing (default): INSERT INTO `SafetyForms_backup` SELECT `id`, `title`, `type`, `status`, `data`, `signatures`, `latitude`, `longitude`, `locationDetails`, `riskLevel`, `approvedBy`, `approvedAt`, `projectId`, `templateId`, `version`, `createdBy`, `createdAt`, `updatedAt` FROM `SafetyForms`;
Executing (default): DROP TABLE `SafetyForms`;
Executing (default): CREATE TABLE IF NOT EXISTS `SafetyForms` (`id` UUID UNIQUE PRIMARY KEY, `title` VARCHAR(255) NOT NULL, `type` TEXT DEFAULT 'SWMS', `status` TEXT DEFAULT 'DRAFT', `data` JSON DEFAULT '{}', `signatures` JSON DEFAULT '[]', `latitude` DECIMAL(10,7), `longitude` DECIMAL(10,7), `locationDetails` VARCHAR(255), `riskLevel` TEXT DEFAULT 'LOW', `approvedBy` UUID, `approvedAt` DATETIME, `projectId` UUID REFERENCES `Projects` (`id`), `templateId` UUID REFERENCES `SafetyTemplates` (`id`), `version` INTEGER DEFAULT 1, `createdBy` UUID REFERENCES `Users` (`id`), `createdAt` DATETIME NOT NULL, `updatedAt` DATETIME NOT NULL);
Executing (default): INSERT INTO `SafetyForms` SELECT `id`, `title`, `type`, `status`, `data`, `signatures`, `latitude`, `longitude`, `locationDetails`, `riskLevel`, `approvedBy`, `approvedAt`, `projectId`, `templateId`, `version`, `createdBy`, `createdAt`, `updatedAt` FROM `SafetyForms_backup`;
Executing (default): DROP TABLE `SafetyForms_backup`;
Executing (default): PRAGMA TABLE_INFO(`SafetyForms`);
Executing (default): PRAGMA INDEX_LIST(`SafetyForms`)
Executing (default): PRAGMA INDEX_INFO(`sqlite_autoindex_SafetyForms_1`)
Executing (default): PRAGMA foreign_key_list(`SafetyForms`)
Executing (default): CREATE TABLE IF NOT EXISTS `SafetyForms_backup` (`id` UUID UNIQUE PRIMARY KEY, `title` VARCHAR(255) NOT NULL, `type` TEXT DEFAULT 'SWMS', `status` TEXT DEFAULT 'DRAFT', `data` JSON DEFAULT '{}', `signatures` JSON DEFAULT '[]', `latitude` DECIMAL(10,7), `longitude` DECIMAL(10,7), `locationDetails` VARCHAR(255), `riskLevel` TEXT DEFAULT 'LOW', `approvedBy` UUID, `approvedAt` DATETIME, `projectId` UUID REFERENCES `Projects` (`id`), `templateId` UUID REFERENCES `SafetyTemplates` (`id`), `version` INTEGER DEFAULT '1', `createdBy` UUID REFERENCES `Users` (`id`) ON DELETE SET NULL ON UPDATE CASCADE, `createdAt` DATETIME NOT NULL, `updatedAt` DATETIME NOT NULL);
Executing (default): INSERT INTO `SafetyForms_backup` SELECT `id`, `title`, `type`, `status`, `data`, `signatures`, `latitude`, `longitude`, `locationDetails`, `riskLevel`, `approvedBy`, `approvedAt`, `projectId`, `templateId`, `version`, `createdBy`, `createdAt`, `updatedAt` FROM `SafetyForms`;
Executing (default): DROP TABLE `SafetyForms`;
Executing (default): CREATE TABLE IF NOT EXISTS `SafetyForms` (`id` UUID UNIQUE PRIMARY KEY, `title` VARCHAR(255) NOT NULL, `type` TEXT DEFAULT 'SWMS', `status` TEXT DEFAULT 'DRAFT', `data` JSON DEFAULT '{}', `signatures` JSON DEFAULT '[]', `latitude` DECIMAL(10,7), `longitude` DECIMAL(10,7), `locationDetails` VARCHAR(255), `riskLevel` TEXT DEFAULT 'LOW', `approvedBy` UUID, `approvedAt` DATETIME, `projectId` UUID REFERENCES `Projects` (`id`), `templateId` UUID REFERENCES `SafetyTemplates` (`id`), `version` INTEGER DEFAULT '1', `createdBy` UUID REFERENCES `Users` (`id`) ON DELETE SET NULL ON UPDATE CASCADE, `createdAt` DATETIME NOT NULL, `updatedAt` DATETIME NOT NULL);
Executing (default): INSERT INTO `SafetyForms` SELECT `id`, `title`, `type`, `status`, `data`, `signatures`, `latitude`, `longitude`, `locationDetails`, `riskLevel`, `approvedBy`, `approvedAt`, `projectId`, `templateId`, `version`, `createdBy`, `createdAt`, `updatedAt` FROM `SafetyForms_backup`;
Executing (default): DROP TABLE `SafetyForms_backup`;
Executing (default): PRAGMA TABLE_INFO(`SafetyForms`);
Executing (default): PRAGMA INDEX_LIST(`SafetyForms`)
Executing (default): PRAGMA INDEX_INFO(`sqlite_autoindex_SafetyForms_1`)
Executing (default): PRAGMA foreign_key_list(`SafetyForms`)
Executing (default): CREATE TABLE IF NOT EXISTS `SafetyForms_backup` (`id` UUID UNIQUE PRIMARY KEY, `title` VARCHAR(255) NOT NULL, `type` TEXT DEFAULT 'SWMS', `status` TEXT DEFAULT 'DRAFT', `data` JSON DEFAULT '{}', `signatures` JSON DEFAULT '[]', `latitude` DECIMAL(10,7), `longitude` DECIMAL(10,7), `locationDetails` VARCHAR(255), `riskLevel` TEXT DEFAULT 'LOW', `approvedBy` UUID, `approvedAt` DATETIME, `projectId` UUID REFERENCES `Projects` (`id`), `templateId` UUID REFERENCES `SafetyTemplates` (`id`), `version` INTEGER DEFAULT '1', `createdBy` UUID REFERENCES `Users` (`id`), `createdAt` DATETIME NOT NULL, `updatedAt` DATETIME NOT NULL);
Executing (default): INSERT INTO `SafetyForms_backup` SELECT `id`, `title`, `type`, `status`, `data`, `signatures`, `latitude`, `longitude`, `locationDetails`, `riskLevel`, `approvedBy`, `approvedAt`, `projectId`, `templateId`, `version`, `createdBy`, `createdAt`, `updatedAt` FROM `SafetyForms`;
Executing (default): DROP TABLE `SafetyForms`;
Executing (default): CREATE TABLE IF NOT EXISTS `SafetyForms` (`id` UUID UNIQUE PRIMARY KEY, `title` VARCHAR(255) NOT NULL, `type` TEXT DEFAULT 'SWMS', `status` TEXT DEFAULT 'DRAFT', `data` JSON DEFAULT '{}', `signatures` JSON DEFAULT '[]', `latitude` DECIMAL(10,7), `longitude` DECIMAL(10,7), `locationDetails` VARCHAR(255), `riskLevel` TEXT DEFAULT 'LOW', `approvedBy` UUID, `approvedAt` DATETIME, `projectId` UUID REFERENCES `Projects` (`id`), `templateId` UUID REFERENCES `SafetyTemplates` (`id`), `version` INTEGER DEFAULT '1', `createdBy` UUID REFERENCES `Users` (`id`), `createdAt` DATETIME NOT NULL, `updatedAt` DATETIME NOT NULL);
Executing (default): INSERT INTO `SafetyForms` SELECT `id`, `title`, `type`, `status`, `data`, `signatures`, `latitude`, `longitude`, `locationDetails`, `riskLevel`, `approvedBy`, `approvedAt`, `projectId`, `templateId`, `version`, `createdBy`, `createdAt`, `updatedAt` FROM `SafetyForms_backup`;
Executing (default): DROP TABLE `SafetyForms_backup`;
Executing (default): PRAGMA TABLE_INFO(`SafetyForms`);
Executing (default): PRAGMA INDEX_LIST(`SafetyForms`)
Executing (default): PRAGMA INDEX_INFO(`sqlite_autoindex_SafetyForms_1`)
Executing (default): PRAGMA foreign_key_list(`SafetyForms`)
Executing (default): CREATE TABLE IF NOT EXISTS `SafetyForms_backup` (`id` UUID UNIQUE PRIMARY KEY, `title` VARCHAR(255) NOT NULL, `type` TEXT DEFAULT 'SWMS', `status` TEXT DEFAULT 'DRAFT', `data` JSON DEFAULT '{}', `signatures` JSON DEFAULT '[]', `latitude` DECIMAL(10,7), `longitude` DECIMAL(10,7), `locationDetails` VARCHAR(255), `riskLevel` TEXT DEFAULT 'LOW', `approvedBy` UUID, `approvedAt` DATETIME, `projectId` UUID REFERENCES `Projects` (`id`), `templateId` UUID REFERENCES `SafetyTemplates` (`id`), `version` INTEGER DEFAULT '1', `createdBy` UUID REFERENCES `Users` (`id`), `createdAt` DATETIME NOT NULL, `updatedAt` DATETIME NOT NULL);
Executing (default): INSERT INTO `SafetyForms_backup` SELECT `id`, `title`, `type`, `status`, `data`, `signatures`, `latitude`, `longitude`, `locationDetails`, `riskLevel`, `approvedBy`, `approvedAt`, `projectId`, `templateId`, `version`, `createdBy`, `createdAt`, `updatedAt` FROM `SafetyForms`;
Executing (default): DROP TABLE `SafetyForms`;
Executing (default): CREATE TABLE IF NOT EXISTS `SafetyForms` (`id` UUID UNIQUE PRIMARY KEY, `title` VARCHAR(255) NOT NULL, `type` TEXT DEFAULT 'SWMS', `status` TEXT DEFAULT 'DRAFT', `data` JSON DEFAULT '{}', `signatures` JSON DEFAULT '[]', `latitude` DECIMAL(10,7), `longitude` DECIMAL(10,7), `locationDetails` VARCHAR(255), `riskLevel` TEXT DEFAULT 'LOW', `approvedBy` UUID, `approvedAt` DATETIME, `projectId` UUID REFERENCES `Projects` (`id`), `templateId` UUID REFERENCES `SafetyTemplates` (`id`), `version` INTEGER DEFAULT '1', `createdBy` UUID REFERENCES `Users` (`id`), `createdAt` DATETIME NOT NULL, `updatedAt` DATETIME NOT NULL);
Executing (default): INSERT INTO `SafetyForms` SELECT `id`, `title`, `type`, `status`, `data`, `signatures`, `latitude`, `longitude`, `locationDetails`, `riskLevel`, `approvedBy`, `approvedAt`, `projectId`, `templateId`, `version`, `createdBy`, `createdAt`, `updatedAt` FROM `SafetyForms_backup`;
Executing (default): DROP TABLE `SafetyForms_backup`;
Executing (default): PRAGMA INDEX_LIST(`SafetyForms`)
Executing (default): PRAGMA INDEX_INFO(`sqlite_autoindex_SafetyForms_1`)
Executing (default): SELECT name FROM sqlite_master WHERE type='table' AND name='SafetyTemplates';
Executing (default): PRAGMA TABLE_INFO(`SafetyTemplates`);
Executing (default): PRAGMA foreign_key_list(`SafetyTemplates`)
Executing (default): PRAGMA INDEX_LIST(`SafetyTemplates`)
Executing (default): PRAGMA INDEX_INFO(`sqlite_autoindex_SafetyTemplates_1`)
Executing (default): PRAGMA foreign_key_list(`SafetyTemplates`)
Executing (default): PRAGMA TABLE_INFO(`SafetyTemplates`);
Executing (default): PRAGMA INDEX_LIST(`SafetyTemplates`)
Executing (default): PRAGMA INDEX_INFO(`sqlite_autoindex_SafetyTemplates_1`)
Executing (default): PRAGMA foreign_key_list(`SafetyTemplates`)
Executing (default): CREATE TABLE IF NOT EXISTS `SafetyTemplates_backup` (`id` UUID UNIQUE PRIMARY KEY, `name` VARCHAR(255) NOT NULL, `type` TEXT DEFAULT 'SWMS', `description` TEXT, `structure` JSON NOT NULL DEFAULT '[]', `defaultData` JSON DEFAULT '{}', `isGlobal` TINYINT(1) DEFAULT 0, `createdBy` UUID REFERENCES `Users` (`id`), `createdAt` DATETIME NOT NULL, `updatedAt` DATETIME NOT NULL);
Executing (default): INSERT INTO `SafetyTemplates_backup` SELECT `id`, `name`, `type`, `description`, `structure`, `defaultData`, `isGlobal`, `createdBy`, `createdAt`, `updatedAt` FROM `SafetyTemplates`;
Executing (default): DROP TABLE `SafetyTemplates`;
Executing (default): CREATE TABLE IF NOT EXISTS `SafetyTemplates` (`id` UUID UNIQUE PRIMARY KEY, `name` VARCHAR(255) NOT NULL, `type` TEXT DEFAULT 'SWMS', `description` TEXT, `structure` JSON NOT NULL DEFAULT '[]', `defaultData` JSON DEFAULT '{}', `isGlobal` TINYINT(1) DEFAULT 0, `createdBy` UUID REFERENCES `Users` (`id`), `createdAt` DATETIME NOT NULL, `updatedAt` DATETIME NOT NULL);
Executing (default): INSERT INTO `SafetyTemplates` SELECT `id`, `name`, `type`, `description`, `structure`, `defaultData`, `isGlobal`, `createdBy`, `createdAt`, `updatedAt` FROM `SafetyTemplates_backup`;
Executing (default): DROP TABLE `SafetyTemplates_backup`;
Executing (default): PRAGMA TABLE_INFO(`SafetyTemplates`);
Executing (default): PRAGMA INDEX_LIST(`SafetyTemplates`)
Executing (default): PRAGMA INDEX_INFO(`sqlite_autoindex_SafetyTemplates_1`)
Executing (default): PRAGMA foreign_key_list(`SafetyTemplates`)
Executing (default): CREATE TABLE IF NOT EXISTS `SafetyTemplates_backup` (`id` UUID UNIQUE PRIMARY KEY, `name` VARCHAR(255) NOT NULL, `type` TEXT DEFAULT 'SWMS', `description` TEXT, `structure` JSON NOT NULL DEFAULT '[]', `defaultData` JSON DEFAULT '{}', `isGlobal` TINYINT(1) DEFAULT 0, `createdBy` UUID REFERENCES `Users` (`id`), `createdAt` DATETIME NOT NULL, `updatedAt` DATETIME NOT NULL);
Executing (default): INSERT INTO `SafetyTemplates_backup` SELECT `id`, `name`, `type`, `description`, `structure`, `defaultData`, `isGlobal`, `createdBy`, `createdAt`, `updatedAt` FROM `SafetyTemplates`;
Executing (default): DROP TABLE `SafetyTemplates`;
Executing (default): CREATE TABLE IF NOT EXISTS `SafetyTemplates` (`id` UUID UNIQUE PRIMARY KEY, `name` VARCHAR(255) NOT NULL, `type` TEXT DEFAULT 'SWMS', `description` TEXT, `structure` JSON NOT NULL DEFAULT '[]', `defaultData` JSON DEFAULT '{}', `isGlobal` TINYINT(1) DEFAULT 0, `createdBy` UUID REFERENCES `Users` (`id`), `createdAt` DATETIME NOT NULL, `updatedAt` DATETIME NOT NULL);
Executing (default): INSERT INTO `SafetyTemplates` SELECT `id`, `name`, `type`, `description`, `structure`, `defaultData`, `isGlobal`, `createdBy`, `createdAt`, `updatedAt` FROM `SafetyTemplates_backup`;
Executing (default): DROP TABLE `SafetyTemplates_backup`;
Executing (default): PRAGMA TABLE_INFO(`SafetyTemplates`);
Executing (default): PRAGMA INDEX_LIST(`SafetyTemplates`)
Executing (default): PRAGMA INDEX_INFO(`sqlite_autoindex_SafetyTemplates_1`)
Executing (default): PRAGMA foreign_key_list(`SafetyTemplates`)
Executing (default): CREATE TABLE IF NOT EXISTS `SafetyTemplates_backup` (`id` UUID UNIQUE PRIMARY KEY, `name` VARCHAR(255) NOT NULL, `type` TEXT DEFAULT 'SWMS', `description` TEXT, `structure` JSON NOT NULL DEFAULT '[]', `defaultData` JSON DEFAULT '{}', `isGlobal` TINYINT(1) DEFAULT 0, `createdBy` UUID REFERENCES `Users` (`id`), `createdAt` DATETIME NOT NULL, `updatedAt` DATETIME NOT NULL);
Executing (default): INSERT INTO `SafetyTemplates_backup` SELECT `id`, `name`, `type`, `description`, `structure`, `defaultData`, `isGlobal`, `createdBy`, `createdAt`, `updatedAt` FROM `SafetyTemplates`;
Executing (default): DROP TABLE `SafetyTemplates`;
Executing (default): CREATE TABLE IF NOT EXISTS `SafetyTemplates` (`id` UUID UNIQUE PRIMARY KEY, `name` VARCHAR(255) NOT NULL, `type` TEXT DEFAULT 'SWMS', `description` TEXT, `structure` JSON NOT NULL DEFAULT '[]', `defaultData` JSON DEFAULT '{}', `isGlobal` TINYINT(1) DEFAULT 0, `createdBy` UUID REFERENCES `Users` (`id`), `createdAt` DATETIME NOT NULL, `updatedAt` DATETIME NOT NULL);
Executing (default): INSERT INTO `SafetyTemplates` SELECT `id`, `name`, `type`, `description`, `structure`, `defaultData`, `isGlobal`, `createdBy`, `createdAt`, `updatedAt` FROM `SafetyTemplates_backup`;
Executing (default): DROP TABLE `SafetyTemplates_backup`;
Executing (default): PRAGMA TABLE_INFO(`SafetyTemplates`);
Executing (default): PRAGMA INDEX_LIST(`SafetyTemplates`)
Executing (default): PRAGMA INDEX_INFO(`sqlite_autoindex_SafetyTemplates_1`)
Executing (default): PRAGMA foreign_key_list(`SafetyTemplates`)
Executing (default): CREATE TABLE IF NOT EXISTS `SafetyTemplates_backup` (`id` UUID UNIQUE PRIMARY KEY, `name` VARCHAR(255) NOT NULL, `type` TEXT DEFAULT 'SWMS', `description` TEXT, `structure` JSON NOT NULL DEFAULT '[]', `defaultData` JSON DEFAULT '{}', `isGlobal` TINYINT(1) DEFAULT 0, `createdBy` UUID REFERENCES `Users` (`id`), `createdAt` DATETIME NOT NULL, `updatedAt` DATETIME NOT NULL);
Executing (default): INSERT INTO `SafetyTemplates_backup` SELECT `id`, `name`, `type`, `description`, `structure`, `defaultData`, `isGlobal`, `createdBy`, `createdAt`, `updatedAt` FROM `SafetyTemplates`;
Executing (default): DROP TABLE `SafetyTemplates`;
Executing (default): CREATE TABLE IF NOT EXISTS `SafetyTemplates` (`id` UUID UNIQUE PRIMARY KEY, `name` VARCHAR(255) NOT NULL, `type` TEXT DEFAULT 'SWMS', `description` TEXT, `structure` JSON NOT NULL DEFAULT '[]', `defaultData` JSON DEFAULT '{}', `isGlobal` TINYINT(1) DEFAULT 0, `createdBy` UUID REFERENCES `Users` (`id`), `createdAt` DATETIME NOT NULL, `updatedAt` DATETIME NOT NULL);
Executing (default): INSERT INTO `SafetyTemplates` SELECT `id`, `name`, `type`, `description`, `structure`, `defaultData`, `isGlobal`, `createdBy`, `createdAt`, `updatedAt` FROM `SafetyTemplates_backup`;
Executing (default): DROP TABLE `SafetyTemplates_backup`;
Executing (default): PRAGMA TABLE_INFO(`SafetyTemplates`);
Executing (default): PRAGMA INDEX_LIST(`SafetyTemplates`)
Executing (default): PRAGMA INDEX_INFO(`sqlite_autoindex_SafetyTemplates_1`)
Executing (default): PRAGMA foreign_key_list(`SafetyTemplates`)
Executing (default): CREATE TABLE IF NOT EXISTS `SafetyTemplates_backup` (`id` UUID UNIQUE PRIMARY KEY, `name` VARCHAR(255) NOT NULL, `type` TEXT DEFAULT 'SWMS', `description` TEXT, `structure` JSON NOT NULL DEFAULT '[]', `defaultData` JSON DEFAULT '{}', `isGlobal` TINYINT(1) DEFAULT 0, `createdBy` UUID REFERENCES `Users` (`id`), `createdAt` DATETIME NOT NULL, `updatedAt` DATETIME NOT NULL);
Executing (default): INSERT INTO `SafetyTemplates_backup` SELECT `id`, `name`, `type`, `description`, `structure`, `defaultData`, `isGlobal`, `createdBy`, `createdAt`, `updatedAt` FROM `SafetyTemplates`;
Executing (default): DROP TABLE `SafetyTemplates`;
Executing (default): CREATE TABLE IF NOT EXISTS `SafetyTemplates` (`id` UUID UNIQUE PRIMARY KEY, `name` VARCHAR(255) NOT NULL, `type` TEXT DEFAULT 'SWMS', `description` TEXT, `structure` JSON NOT NULL DEFAULT '[]', `defaultData` JSON DEFAULT '{}', `isGlobal` TINYINT(1) DEFAULT 0, `createdBy` UUID REFERENCES `Users` (`id`), `createdAt` DATETIME NOT NULL, `updatedAt` DATETIME NOT NULL);
Executing (default): INSERT INTO `SafetyTemplates` SELECT `id`, `name`, `type`, `description`, `structure`, `defaultData`, `isGlobal`, `createdBy`, `createdAt`, `updatedAt` FROM `SafetyTemplates_backup`;
Executing (default): DROP TABLE `SafetyTemplates_backup`;
Executing (default): PRAGMA TABLE_INFO(`SafetyTemplates`);
Executing (default): PRAGMA INDEX_LIST(`SafetyTemplates`)
Executing (default): PRAGMA INDEX_INFO(`sqlite_autoindex_SafetyTemplates_1`)
Executing (default): PRAGMA foreign_key_list(`SafetyTemplates`)
Executing (default): CREATE TABLE IF NOT EXISTS `SafetyTemplates_backup` (`id` UUID UNIQUE PRIMARY KEY, `name` VARCHAR(255) NOT NULL, `type` TEXT DEFAULT 'SWMS', `description` TEXT, `structure` JSON NOT NULL DEFAULT '[]', `defaultData` JSON DEFAULT '{}', `isGlobal` TINYINT(1) DEFAULT 0, `createdBy` UUID REFERENCES `Users` (`id`), `createdAt` DATETIME NOT NULL, `updatedAt` DATETIME NOT NULL);
Executing (default): INSERT INTO `SafetyTemplates_backup` SELECT `id`, `name`, `type`, `description`, `structure`, `defaultData`, `isGlobal`, `createdBy`, `createdAt`, `updatedAt` FROM `SafetyTemplates`;
Executing (default): DROP TABLE `SafetyTemplates`;
Executing (default): CREATE TABLE IF NOT EXISTS `SafetyTemplates` (`id` UUID UNIQUE PRIMARY KEY, `name` VARCHAR(255) NOT NULL, `type` TEXT DEFAULT 'SWMS', `description` TEXT, `structure` JSON NOT NULL DEFAULT '[]', `defaultData` JSON DEFAULT '{}', `isGlobal` TINYINT(1) DEFAULT 0, `createdBy` UUID REFERENCES `Users` (`id`), `createdAt` DATETIME NOT NULL, `updatedAt` DATETIME NOT NULL);
Executing (default): INSERT INTO `SafetyTemplates` SELECT `id`, `name`, `type`, `description`, `structure`, `defaultData`, `isGlobal`, `createdBy`, `createdAt`, `updatedAt` FROM `SafetyTemplates_backup`;
Executing (default): DROP TABLE `SafetyTemplates_backup`;
Executing (default): PRAGMA TABLE_INFO(`SafetyTemplates`);
Executing (default): PRAGMA INDEX_LIST(`SafetyTemplates`)
Executing (default): PRAGMA INDEX_INFO(`sqlite_autoindex_SafetyTemplates_1`)
Executing (default): PRAGMA foreign_key_list(`SafetyTemplates`)
Executing (default): CREATE TABLE IF NOT EXISTS `SafetyTemplates_backup` (`id` UUID UNIQUE PRIMARY KEY, `name` VARCHAR(255) NOT NULL, `type` TEXT DEFAULT 'SWMS', `description` TEXT, `structure` JSON NOT NULL DEFAULT '[]', `defaultData` JSON DEFAULT '{}', `isGlobal` TINYINT(1) DEFAULT 0, `createdBy` UUID REFERENCES `Users` (`id`) ON DELETE SET NULL ON UPDATE CASCADE, `createdAt` DATETIME NOT NULL, `updatedAt` DATETIME NOT NULL);
Executing (default): INSERT INTO `SafetyTemplates_backup` SELECT `id`, `name`, `type`, `description`, `structure`, `defaultData`, `isGlobal`, `createdBy`, `createdAt`, `updatedAt` FROM `SafetyTemplates`;
Executing (default): DROP TABLE `SafetyTemplates`;
Executing (default): CREATE TABLE IF NOT EXISTS `SafetyTemplates` (`id` UUID UNIQUE PRIMARY KEY, `name` VARCHAR(255) NOT NULL, `type` TEXT DEFAULT 'SWMS', `description` TEXT, `structure` JSON NOT NULL DEFAULT '[]', `defaultData` JSON DEFAULT '{}', `isGlobal` TINYINT(1) DEFAULT 0, `createdBy` UUID REFERENCES `Users` (`id`) ON DELETE SET NULL ON UPDATE CASCADE, `createdAt` DATETIME NOT NULL, `updatedAt` DATETIME NOT NULL);
Executing (default): INSERT INTO `SafetyTemplates` SELECT `id`, `name`, `type`, `description`, `structure`, `defaultData`, `isGlobal`, `createdBy`, `createdAt`, `updatedAt` FROM `SafetyTemplates_backup`;
Executing (default): DROP TABLE `SafetyTemplates_backup`;
Executing (default): PRAGMA TABLE_INFO(`SafetyTemplates`);
Executing (default): PRAGMA INDEX_LIST(`SafetyTemplates`)
Executing (default): PRAGMA INDEX_INFO(`sqlite_autoindex_SafetyTemplates_1`)
Executing (default): PRAGMA foreign_key_list(`SafetyTemplates`)
Executing (default): CREATE TABLE IF NOT EXISTS `SafetyTemplates_backup` (`id` UUID UNIQUE PRIMARY KEY, `name` VARCHAR(255) NOT NULL, `type` TEXT DEFAULT 'SWMS', `description` TEXT, `structure` JSON NOT NULL DEFAULT '[]', `defaultData` JSON DEFAULT '{}', `isGlobal` TINYINT(1) DEFAULT 0, `createdBy` UUID REFERENCES `Users` (`id`), `createdAt` DATETIME NOT NULL, `updatedAt` DATETIME NOT NULL);
Executing (default): INSERT INTO `SafetyTemplates_backup` SELECT `id`, `name`, `type`, `description`, `structure`, `defaultData`, `isGlobal`, `createdBy`, `createdAt`, `updatedAt` FROM `SafetyTemplates`;
Executing (default): DROP TABLE `SafetyTemplates`;
Executing (default): CREATE TABLE IF NOT EXISTS `SafetyTemplates` (`id` UUID UNIQUE PRIMARY KEY, `name` VARCHAR(255) NOT NULL, `type` TEXT DEFAULT 'SWMS', `description` TEXT, `structure` JSON NOT NULL DEFAULT '[]', `defaultData` JSON DEFAULT '{}', `isGlobal` TINYINT(1) DEFAULT 0, `createdBy` UUID REFERENCES `Users` (`id`), `createdAt` DATETIME NOT NULL, `updatedAt` DATETIME NOT NULL);
Executing (default): INSERT INTO `SafetyTemplates` SELECT `id`, `name`, `type`, `description`, `structure`, `defaultData`, `isGlobal`, `createdBy`, `createdAt`, `updatedAt` FROM `SafetyTemplates_backup`;
Executing (default): DROP TABLE `SafetyTemplates_backup`;
Executing (default): PRAGMA TABLE_INFO(`SafetyTemplates`);
Executing (default): PRAGMA INDEX_LIST(`SafetyTemplates`)
Executing (default): PRAGMA INDEX_INFO(`sqlite_autoindex_SafetyTemplates_1`)
Executing (default): PRAGMA foreign_key_list(`SafetyTemplates`)
Executing (default): CREATE TABLE IF NOT EXISTS `SafetyTemplates_backup` (`id` UUID UNIQUE PRIMARY KEY, `name` VARCHAR(255) NOT NULL, `type` TEXT DEFAULT 'SWMS', `description` TEXT, `structure` JSON NOT NULL DEFAULT '[]', `defaultData` JSON DEFAULT '{}', `isGlobal` TINYINT(1) DEFAULT 0, `createdBy` UUID REFERENCES `Users` (`id`), `createdAt` DATETIME NOT NULL, `updatedAt` DATETIME NOT NULL);
Executing (default): INSERT INTO `SafetyTemplates_backup` SELECT `id`, `name`, `type`, `description`, `structure`, `defaultData`, `isGlobal`, `createdBy`, `createdAt`, `updatedAt` FROM `SafetyTemplates`;
Executing (default): DROP TABLE `SafetyTemplates`;
Executing (default): CREATE TABLE IF NOT EXISTS `SafetyTemplates` (`id` UUID UNIQUE PRIMARY KEY, `name` VARCHAR(255) NOT NULL, `type` TEXT DEFAULT 'SWMS', `description` TEXT, `structure` JSON NOT NULL DEFAULT '[]', `defaultData` JSON DEFAULT '{}', `isGlobal` TINYINT(1) DEFAULT 0, `createdBy` UUID REFERENCES `Users` (`id`), `createdAt` DATETIME NOT NULL, `updatedAt` DATETIME NOT NULL);
Executing (default): INSERT INTO `SafetyTemplates` SELECT `id`, `name`, `type`, `description`, `structure`, `defaultData`, `isGlobal`, `createdBy`, `createdAt`, `updatedAt` FROM `SafetyTemplates_backup`;
Executing (default): DROP TABLE `SafetyTemplates_backup`;
Executing (default): PRAGMA INDEX_LIST(`SafetyTemplates`)
Executing (default): PRAGMA INDEX_INFO(`sqlite_autoindex_SafetyTemplates_1`)
Executing (default): SELECT name FROM sqlite_master WHERE type='table' AND name='Settings';
Executing (default): PRAGMA TABLE_INFO(`Settings`);
Executing (default): PRAGMA foreign_key_list(`Settings`)
Executing (default): PRAGMA INDEX_LIST(`Settings`)
Executing (default): PRAGMA INDEX_INFO(`sqlite_autoindex_Settings_1`)
Executing (default): PRAGMA INDEX_INFO(`sqlite_autoindex_Settings_2`)
Executing (default): PRAGMA foreign_key_list(`Settings`)
Executing (default): PRAGMA TABLE_INFO(`Settings`);
Executing (default): PRAGMA INDEX_LIST(`Settings`)
Executing (default): PRAGMA INDEX_INFO(`sqlite_autoindex_Settings_1`)
Executing (default): PRAGMA INDEX_INFO(`sqlite_autoindex_Settings_2`)
Executing (default): PRAGMA foreign_key_list(`Settings`)
Executing (default): CREATE TABLE IF NOT EXISTS `Settings_backup` (`id` UUID UNIQUE PRIMARY KEY, `parameter` VARCHAR(255) NOT NULL UNIQUE, `value` TEXT NOT NULL, `notes` TEXT, `createdAt` DATETIME NOT NULL, `updatedAt` DATETIME NOT NULL);
Executing (default): INSERT INTO `Settings_backup` SELECT `id`, `parameter`, `value`, `notes`, `createdAt`, `updatedAt` FROM `Settings`;
Executing (default): DROP TABLE `Settings`;
Executing (default): CREATE TABLE IF NOT EXISTS `Settings` (`id` UUID UNIQUE PRIMARY KEY, `parameter` VARCHAR(255) NOT NULL UNIQUE, `value` TEXT NOT NULL, `notes` TEXT, `createdAt` DATETIME NOT NULL, `updatedAt` DATETIME NOT NULL);
Executing (default): INSERT INTO `Settings` SELECT `id`, `parameter`, `value`, `notes`, `createdAt`, `updatedAt` FROM `Settings_backup`;
Executing (default): DROP TABLE `Settings_backup`;
Executing (default): PRAGMA TABLE_INFO(`Settings`);
Executing (default): PRAGMA INDEX_LIST(`Settings`)
Executing (default): PRAGMA INDEX_INFO(`sqlite_autoindex_Settings_1`)
Executing (default): PRAGMA INDEX_INFO(`sqlite_autoindex_Settings_2`)
Executing (default): PRAGMA foreign_key_list(`Settings`)
Executing (default): CREATE TABLE IF NOT EXISTS `Settings_backup` (`id` UUID UNIQUE PRIMARY KEY, `parameter` VARCHAR(255) NOT NULL UNIQUE, `value` TEXT NOT NULL, `notes` TEXT, `createdAt` DATETIME NOT NULL, `updatedAt` DATETIME NOT NULL);
Executing (default): INSERT INTO `Settings_backup` SELECT `id`, `parameter`, `value`, `notes`, `createdAt`, `updatedAt` FROM `Settings`;
Executing (default): DROP TABLE `Settings`;
Executing (default): CREATE TABLE IF NOT EXISTS `Settings` (`id` UUID UNIQUE PRIMARY KEY, `parameter` VARCHAR(255) NOT NULL UNIQUE, `value` TEXT NOT NULL, `notes` TEXT, `createdAt` DATETIME NOT NULL, `updatedAt` DATETIME NOT NULL);
Executing (default): INSERT INTO `Settings` SELECT `id`, `parameter`, `value`, `notes`, `createdAt`, `updatedAt` FROM `Settings_backup`;
Executing (default): DROP TABLE `Settings_backup`;
Executing (default): PRAGMA TABLE_INFO(`Settings`);
Executing (default): PRAGMA INDEX_LIST(`Settings`)
Executing (default): PRAGMA INDEX_INFO(`sqlite_autoindex_Settings_1`)
Executing (default): PRAGMA INDEX_INFO(`sqlite_autoindex_Settings_2`)
Executing (default): PRAGMA foreign_key_list(`Settings`)
Executing (default): CREATE TABLE IF NOT EXISTS `Settings_backup` (`id` UUID UNIQUE PRIMARY KEY, `parameter` VARCHAR(255) NOT NULL UNIQUE, `value` TEXT NOT NULL, `notes` TEXT, `createdAt` DATETIME NOT NULL, `updatedAt` DATETIME NOT NULL);
Executing (default): INSERT INTO `Settings_backup` SELECT `id`, `parameter`, `value`, `notes`, `createdAt`, `updatedAt` FROM `Settings`;
Executing (default): DROP TABLE `Settings`;
Executing (default): CREATE TABLE IF NOT EXISTS `Settings` (`id` UUID UNIQUE PRIMARY KEY, `parameter` VARCHAR(255) NOT NULL UNIQUE, `value` TEXT NOT NULL, `notes` TEXT, `createdAt` DATETIME NOT NULL, `updatedAt` DATETIME NOT NULL);
Executing (default): INSERT INTO `Settings` SELECT `id`, `parameter`, `value`, `notes`, `createdAt`, `updatedAt` FROM `Settings_backup`;
Executing (default): DROP TABLE `Settings_backup`;
Executing (default): PRAGMA TABLE_INFO(`Settings`);
Executing (default): PRAGMA INDEX_LIST(`Settings`)
Executing (default): PRAGMA INDEX_INFO(`sqlite_autoindex_Settings_1`)
Executing (default): PRAGMA INDEX_INFO(`sqlite_autoindex_Settings_2`)
Executing (default): PRAGMA foreign_key_list(`Settings`)
Executing (default): CREATE TABLE IF NOT EXISTS `Settings_backup` (`id` UUID UNIQUE PRIMARY KEY, `parameter` VARCHAR(255) NOT NULL UNIQUE, `value` TEXT NOT NULL, `notes` TEXT, `createdAt` DATETIME NOT NULL, `updatedAt` DATETIME NOT NULL);
Executing (default): INSERT INTO `Settings_backup` SELECT `id`, `parameter`, `value`, `notes`, `createdAt`, `updatedAt` FROM `Settings`;
Executing (default): DROP TABLE `Settings`;
Executing (default): CREATE TABLE IF NOT EXISTS `Settings` (`id` UUID UNIQUE PRIMARY KEY, `parameter` VARCHAR(255) NOT NULL UNIQUE, `value` TEXT NOT NULL, `notes` TEXT, `createdAt` DATETIME NOT NULL, `updatedAt` DATETIME NOT NULL);
Executing (default): INSERT INTO `Settings` SELECT `id`, `parameter`, `value`, `notes`, `createdAt`, `updatedAt` FROM `Settings_backup`;
Executing (default): DROP TABLE `Settings_backup`;
Executing (default): PRAGMA TABLE_INFO(`Settings`);
Executing (default): PRAGMA INDEX_LIST(`Settings`)
Executing (default): PRAGMA INDEX_INFO(`sqlite_autoindex_Settings_1`)
Executing (default): PRAGMA INDEX_INFO(`sqlite_autoindex_Settings_2`)
Executing (default): PRAGMA foreign_key_list(`Settings`)
Executing (default): CREATE TABLE IF NOT EXISTS `Settings_backup` (`id` UUID UNIQUE PRIMARY KEY, `parameter` VARCHAR(255) NOT NULL UNIQUE, `value` TEXT NOT NULL, `notes` TEXT, `createdAt` DATETIME NOT NULL, `updatedAt` DATETIME NOT NULL);
Executing (default): INSERT INTO `Settings_backup` SELECT `id`, `parameter`, `value`, `notes`, `createdAt`, `updatedAt` FROM `Settings`;
Executing (default): DROP TABLE `Settings`;
Executing (default): CREATE TABLE IF NOT EXISTS `Settings` (`id` UUID UNIQUE PRIMARY KEY, `parameter` VARCHAR(255) NOT NULL UNIQUE, `value` TEXT NOT NULL, `notes` TEXT, `createdAt` DATETIME NOT NULL, `updatedAt` DATETIME NOT NULL);
Executing (default): INSERT INTO `Settings` SELECT `id`, `parameter`, `value`, `notes`, `createdAt`, `updatedAt` FROM `Settings_backup`;
Executing (default): DROP TABLE `Settings_backup`;
Executing (default): PRAGMA INDEX_LIST(`Settings`)
Executing (default): PRAGMA INDEX_INFO(`sqlite_autoindex_Settings_1`)
Executing (default): PRAGMA INDEX_INFO(`sqlite_autoindex_Settings_2`)
Executing (default): SELECT name FROM sqlite_master WHERE type='table' AND name='SmartAssets';
Executing (default): PRAGMA TABLE_INFO(`SmartAssets`);
Executing (default): PRAGMA foreign_key_list(`SmartAssets`)
Executing (default): PRAGMA INDEX_LIST(`SmartAssets`)
Executing (default): PRAGMA INDEX_INFO(`sqlite_autoindex_SmartAssets_1`)
Executing (default): PRAGMA foreign_key_list(`SmartAssets`)
Executing (default): PRAGMA TABLE_INFO(`SmartAssets`);
Executing (default): PRAGMA INDEX_LIST(`SmartAssets`)
Executing (default): PRAGMA INDEX_INFO(`sqlite_autoindex_SmartAssets_1`)
Executing (default): PRAGMA foreign_key_list(`SmartAssets`)
Executing (default): CREATE TABLE IF NOT EXISTS `SmartAssets_backup` (`id` UUID UNIQUE PRIMARY KEY, `name` VARCHAR(255) NOT NULL, `category` TEXT NOT NULL, `baseCost` DECIMAL(10,2) DEFAULT '0', `baseCharge` DECIMAL(10,2) DEFAULT '0', `unit` VARCHAR(255) DEFAULT 'unit', `metadata` JSON, `systemTags` JSON, `createdAt` DATETIME NOT NULL, `updatedAt` DATETIME NOT NULL);
Executing (default): INSERT INTO `SmartAssets_backup` SELECT `id`, `name`, `category`, `baseCost`, `baseCharge`, `unit`, `metadata`, `systemTags`, `createdAt`, `updatedAt` FROM `SmartAssets`;
Executing (default): DROP TABLE `SmartAssets`;
Executing (default): CREATE TABLE IF NOT EXISTS `SmartAssets` (`id` UUID UNIQUE PRIMARY KEY, `name` VARCHAR(255) NOT NULL, `category` TEXT NOT NULL, `baseCost` DECIMAL(10,2) DEFAULT '0', `baseCharge` DECIMAL(10,2) DEFAULT '0', `unit` VARCHAR(255) DEFAULT 'unit', `metadata` JSON, `systemTags` JSON, `createdAt` DATETIME NOT NULL, `updatedAt` DATETIME NOT NULL);
Executing (default): INSERT INTO `SmartAssets` SELECT `id`, `name`, `category`, `baseCost`, `baseCharge`, `unit`, `metadata`, `systemTags`, `createdAt`, `updatedAt` FROM `SmartAssets_backup`;
Executing (default): DROP TABLE `SmartAssets_backup`;
Executing (default): PRAGMA TABLE_INFO(`SmartAssets`);
Executing (default): PRAGMA INDEX_LIST(`SmartAssets`)
Executing (default): PRAGMA INDEX_INFO(`sqlite_autoindex_SmartAssets_1`)
Executing (default): PRAGMA foreign_key_list(`SmartAssets`)
Executing (default): CREATE TABLE IF NOT EXISTS `SmartAssets_backup` (`id` UUID UNIQUE PRIMARY KEY, `name` VARCHAR(255) NOT NULL, `category` TEXT NOT NULL, `baseCost` DECIMAL(10,2) DEFAULT '0', `baseCharge` DECIMAL(10,2) DEFAULT '0', `unit` VARCHAR(255) DEFAULT 'unit', `metadata` JSON, `systemTags` JSON, `createdAt` DATETIME NOT NULL, `updatedAt` DATETIME NOT NULL);
Executing (default): INSERT INTO `SmartAssets_backup` SELECT `id`, `name`, `category`, `baseCost`, `baseCharge`, `unit`, `metadata`, `systemTags`, `createdAt`, `updatedAt` FROM `SmartAssets`;
Executing (default): DROP TABLE `SmartAssets`;
Executing (default): CREATE TABLE IF NOT EXISTS `SmartAssets` (`id` UUID UNIQUE PRIMARY KEY, `name` VARCHAR(255) NOT NULL, `category` TEXT NOT NULL, `baseCost` DECIMAL(10,2) DEFAULT '0', `baseCharge` DECIMAL(10,2) DEFAULT '0', `unit` VARCHAR(255) DEFAULT 'unit', `metadata` JSON, `systemTags` JSON, `createdAt` DATETIME NOT NULL, `updatedAt` DATETIME NOT NULL);
Executing (default): INSERT INTO `SmartAssets` SELECT `id`, `name`, `category`, `baseCost`, `baseCharge`, `unit`, `metadata`, `systemTags`, `createdAt`, `updatedAt` FROM `SmartAssets_backup`;
Executing (default): DROP TABLE `SmartAssets_backup`;
Executing (default): PRAGMA TABLE_INFO(`SmartAssets`);
Executing (default): PRAGMA INDEX_LIST(`SmartAssets`)
Executing (default): PRAGMA INDEX_INFO(`sqlite_autoindex_SmartAssets_1`)
Executing (default): PRAGMA foreign_key_list(`SmartAssets`)
Executing (default): CREATE TABLE IF NOT EXISTS `SmartAssets_backup` (`id` UUID UNIQUE PRIMARY KEY, `name` VARCHAR(255) NOT NULL, `category` TEXT NOT NULL, `baseCost` DECIMAL(10,2) DEFAULT 0, `baseCharge` DECIMAL(10,2) DEFAULT '0', `unit` VARCHAR(255) DEFAULT 'unit', `metadata` JSON, `systemTags` JSON, `createdAt` DATETIME NOT NULL, `updatedAt` DATETIME NOT NULL);
Executing (default): INSERT INTO `SmartAssets_backup` SELECT `id`, `name`, `category`, `baseCost`, `baseCharge`, `unit`, `metadata`, `systemTags`, `createdAt`, `updatedAt` FROM `SmartAssets`;
Executing (default): DROP TABLE `SmartAssets`;
Executing (default): CREATE TABLE IF NOT EXISTS `SmartAssets` (`id` UUID UNIQUE PRIMARY KEY, `name` VARCHAR(255) NOT NULL, `category` TEXT NOT NULL, `baseCost` DECIMAL(10,2) DEFAULT 0, `baseCharge` DECIMAL(10,2) DEFAULT '0', `unit` VARCHAR(255) DEFAULT 'unit', `metadata` JSON, `systemTags` JSON, `createdAt` DATETIME NOT NULL, `updatedAt` DATETIME NOT NULL);
Executing (default): INSERT INTO `SmartAssets` SELECT `id`, `name`, `category`, `baseCost`, `baseCharge`, `unit`, `metadata`, `systemTags`, `createdAt`, `updatedAt` FROM `SmartAssets_backup`;
Executing (default): DROP TABLE `SmartAssets_backup`;
Executing (default): PRAGMA TABLE_INFO(`SmartAssets`);
Executing (default): PRAGMA INDEX_LIST(`SmartAssets`)
Executing (default): PRAGMA INDEX_INFO(`sqlite_autoindex_SmartAssets_1`)
Executing (default): PRAGMA foreign_key_list(`SmartAssets`)
Executing (default): CREATE TABLE IF NOT EXISTS `SmartAssets_backup` (`id` UUID UNIQUE PRIMARY KEY, `name` VARCHAR(255) NOT NULL, `category` TEXT NOT NULL, `baseCost` DECIMAL(10,2) DEFAULT '0', `baseCharge` DECIMAL(10,2) DEFAULT 0, `unit` VARCHAR(255) DEFAULT 'unit', `metadata` JSON, `systemTags` JSON, `createdAt` DATETIME NOT NULL, `updatedAt` DATETIME NOT NULL);
Executing (default): INSERT INTO `SmartAssets_backup` SELECT `id`, `name`, `category`, `baseCost`, `baseCharge`, `unit`, `metadata`, `systemTags`, `createdAt`, `updatedAt` FROM `SmartAssets`;
Executing (default): DROP TABLE `SmartAssets`;
Executing (default): CREATE TABLE IF NOT EXISTS `SmartAssets` (`id` UUID UNIQUE PRIMARY KEY, `name` VARCHAR(255) NOT NULL, `category` TEXT NOT NULL, `baseCost` DECIMAL(10,2) DEFAULT '0', `baseCharge` DECIMAL(10,2) DEFAULT 0, `unit` VARCHAR(255) DEFAULT 'unit', `metadata` JSON, `systemTags` JSON, `createdAt` DATETIME NOT NULL, `updatedAt` DATETIME NOT NULL);
Executing (default): INSERT INTO `SmartAssets` SELECT `id`, `name`, `category`, `baseCost`, `baseCharge`, `unit`, `metadata`, `systemTags`, `createdAt`, `updatedAt` FROM `SmartAssets_backup`;
Executing (default): DROP TABLE `SmartAssets_backup`;
Executing (default): PRAGMA TABLE_INFO(`SmartAssets`);
Executing (default): PRAGMA INDEX_LIST(`SmartAssets`)
Executing (default): PRAGMA INDEX_INFO(`sqlite_autoindex_SmartAssets_1`)
Executing (default): PRAGMA foreign_key_list(`SmartAssets`)
Executing (default): CREATE TABLE IF NOT EXISTS `SmartAssets_backup` (`id` UUID UNIQUE PRIMARY KEY, `name` VARCHAR(255) NOT NULL, `category` TEXT NOT NULL, `baseCost` DECIMAL(10,2) DEFAULT '0', `baseCharge` DECIMAL(10,2) DEFAULT '0', `unit` VARCHAR(255) DEFAULT 'unit', `metadata` JSON, `systemTags` JSON, `createdAt` DATETIME NOT NULL, `updatedAt` DATETIME NOT NULL);
Executing (default): INSERT INTO `SmartAssets_backup` SELECT `id`, `name`, `category`, `baseCost`, `baseCharge`, `unit`, `metadata`, `systemTags`, `createdAt`, `updatedAt` FROM `SmartAssets`;
Executing (default): DROP TABLE `SmartAssets`;
Executing (default): CREATE TABLE IF NOT EXISTS `SmartAssets` (`id` UUID UNIQUE PRIMARY KEY, `name` VARCHAR(255) NOT NULL, `category` TEXT NOT NULL, `baseCost` DECIMAL(10,2) DEFAULT '0', `baseCharge` DECIMAL(10,2) DEFAULT '0', `unit` VARCHAR(255) DEFAULT 'unit', `metadata` JSON, `systemTags` JSON, `createdAt` DATETIME NOT NULL, `updatedAt` DATETIME NOT NULL);
Executing (default): INSERT INTO `SmartAssets` SELECT `id`, `name`, `category`, `baseCost`, `baseCharge`, `unit`, `metadata`, `systemTags`, `createdAt`, `updatedAt` FROM `SmartAssets_backup`;
Executing (default): DROP TABLE `SmartAssets_backup`;
Executing (default): PRAGMA TABLE_INFO(`SmartAssets`);
Executing (default): PRAGMA INDEX_LIST(`SmartAssets`)
Executing (default): PRAGMA INDEX_INFO(`sqlite_autoindex_SmartAssets_1`)
Executing (default): PRAGMA foreign_key_list(`SmartAssets`)
Executing (default): CREATE TABLE IF NOT EXISTS `SmartAssets_backup` (`id` UUID UNIQUE PRIMARY KEY, `name` VARCHAR(255) NOT NULL, `category` TEXT NOT NULL, `baseCost` DECIMAL(10,2) DEFAULT '0', `baseCharge` DECIMAL(10,2) DEFAULT '0', `unit` VARCHAR(255) DEFAULT 'unit', `metadata` JSON, `systemTags` JSON, `createdAt` DATETIME NOT NULL, `updatedAt` DATETIME NOT NULL);
Executing (default): INSERT INTO `SmartAssets_backup` SELECT `id`, `name`, `category`, `baseCost`, `baseCharge`, `unit`, `metadata`, `systemTags`, `createdAt`, `updatedAt` FROM `SmartAssets`;
Executing (default): DROP TABLE `SmartAssets`;
Executing (default): CREATE TABLE IF NOT EXISTS `SmartAssets` (`id` UUID UNIQUE PRIMARY KEY, `name` VARCHAR(255) NOT NULL, `category` TEXT NOT NULL, `baseCost` DECIMAL(10,2) DEFAULT '0', `baseCharge` DECIMAL(10,2) DEFAULT '0', `unit` VARCHAR(255) DEFAULT 'unit', `metadata` JSON, `systemTags` JSON, `createdAt` DATETIME NOT NULL, `updatedAt` DATETIME NOT NULL);
Executing (default): INSERT INTO `SmartAssets` SELECT `id`, `name`, `category`, `baseCost`, `baseCharge`, `unit`, `metadata`, `systemTags`, `createdAt`, `updatedAt` FROM `SmartAssets_backup`;
Executing (default): DROP TABLE `SmartAssets_backup`;
Executing (default): PRAGMA TABLE_INFO(`SmartAssets`);
Executing (default): PRAGMA INDEX_LIST(`SmartAssets`)
Executing (default): PRAGMA INDEX_INFO(`sqlite_autoindex_SmartAssets_1`)
Executing (default): PRAGMA foreign_key_list(`SmartAssets`)
Executing (default): CREATE TABLE IF NOT EXISTS `SmartAssets_backup` (`id` UUID UNIQUE PRIMARY KEY, `name` VARCHAR(255) NOT NULL, `category` TEXT NOT NULL, `baseCost` DECIMAL(10,2) DEFAULT '0', `baseCharge` DECIMAL(10,2) DEFAULT '0', `unit` VARCHAR(255) DEFAULT 'unit', `metadata` JSON, `systemTags` JSON, `createdAt` DATETIME NOT NULL, `updatedAt` DATETIME NOT NULL);
Executing (default): INSERT INTO `SmartAssets_backup` SELECT `id`, `name`, `category`, `baseCost`, `baseCharge`, `unit`, `metadata`, `systemTags`, `createdAt`, `updatedAt` FROM `SmartAssets`;
Executing (default): DROP TABLE `SmartAssets`;
Executing (default): CREATE TABLE IF NOT EXISTS `SmartAssets` (`id` UUID UNIQUE PRIMARY KEY, `name` VARCHAR(255) NOT NULL, `category` TEXT NOT NULL, `baseCost` DECIMAL(10,2) DEFAULT '0', `baseCharge` DECIMAL(10,2) DEFAULT '0', `unit` VARCHAR(255) DEFAULT 'unit', `metadata` JSON, `systemTags` JSON, `createdAt` DATETIME NOT NULL, `updatedAt` DATETIME NOT NULL);
Executing (default): INSERT INTO `SmartAssets` SELECT `id`, `name`, `category`, `baseCost`, `baseCharge`, `unit`, `metadata`, `systemTags`, `createdAt`, `updatedAt` FROM `SmartAssets_backup`;
Executing (default): DROP TABLE `SmartAssets_backup`;
Executing (default): PRAGMA TABLE_INFO(`SmartAssets`);
Executing (default): PRAGMA INDEX_LIST(`SmartAssets`)
Executing (default): PRAGMA INDEX_INFO(`sqlite_autoindex_SmartAssets_1`)
Executing (default): PRAGMA foreign_key_list(`SmartAssets`)
Executing (default): CREATE TABLE IF NOT EXISTS `SmartAssets_backup` (`id` UUID UNIQUE PRIMARY KEY, `name` VARCHAR(255) NOT NULL, `category` TEXT NOT NULL, `baseCost` DECIMAL(10,2) DEFAULT '0', `baseCharge` DECIMAL(10,2) DEFAULT '0', `unit` VARCHAR(255) DEFAULT 'unit', `metadata` JSON, `systemTags` JSON, `createdAt` DATETIME NOT NULL, `updatedAt` DATETIME NOT NULL);
Executing (default): INSERT INTO `SmartAssets_backup` SELECT `id`, `name`, `category`, `baseCost`, `baseCharge`, `unit`, `metadata`, `systemTags`, `createdAt`, `updatedAt` FROM `SmartAssets`;
Executing (default): DROP TABLE `SmartAssets`;
Executing (default): CREATE TABLE IF NOT EXISTS `SmartAssets` (`id` UUID UNIQUE PRIMARY KEY, `name` VARCHAR(255) NOT NULL, `category` TEXT NOT NULL, `baseCost` DECIMAL(10,2) DEFAULT '0', `baseCharge` DECIMAL(10,2) DEFAULT '0', `unit` VARCHAR(255) DEFAULT 'unit', `metadata` JSON, `systemTags` JSON, `createdAt` DATETIME NOT NULL, `updatedAt` DATETIME NOT NULL);
Executing (default): INSERT INTO `SmartAssets` SELECT `id`, `name`, `category`, `baseCost`, `baseCharge`, `unit`, `metadata`, `systemTags`, `createdAt`, `updatedAt` FROM `SmartAssets_backup`;
Executing (default): DROP TABLE `SmartAssets_backup`;
Executing (default): PRAGMA TABLE_INFO(`SmartAssets`);
Executing (default): PRAGMA INDEX_LIST(`SmartAssets`)
Executing (default): PRAGMA INDEX_INFO(`sqlite_autoindex_SmartAssets_1`)
Executing (default): PRAGMA foreign_key_list(`SmartAssets`)
Executing (default): CREATE TABLE IF NOT EXISTS `SmartAssets_backup` (`id` UUID UNIQUE PRIMARY KEY, `name` VARCHAR(255) NOT NULL, `category` TEXT NOT NULL, `baseCost` DECIMAL(10,2) DEFAULT '0', `baseCharge` DECIMAL(10,2) DEFAULT '0', `unit` VARCHAR(255) DEFAULT 'unit', `metadata` JSON, `systemTags` JSON, `createdAt` DATETIME NOT NULL, `updatedAt` DATETIME NOT NULL);
Executing (default): INSERT INTO `SmartAssets_backup` SELECT `id`, `name`, `category`, `baseCost`, `baseCharge`, `unit`, `metadata`, `systemTags`, `createdAt`, `updatedAt` FROM `SmartAssets`;
Executing (default): DROP TABLE `SmartAssets`;
Executing (default): CREATE TABLE IF NOT EXISTS `SmartAssets` (`id` UUID UNIQUE PRIMARY KEY, `name` VARCHAR(255) NOT NULL, `category` TEXT NOT NULL, `baseCost` DECIMAL(10,2) DEFAULT '0', `baseCharge` DECIMAL(10,2) DEFAULT '0', `unit` VARCHAR(255) DEFAULT 'unit', `metadata` JSON, `systemTags` JSON, `createdAt` DATETIME NOT NULL, `updatedAt` DATETIME NOT NULL);
Executing (default): INSERT INTO `SmartAssets` SELECT `id`, `name`, `category`, `baseCost`, `baseCharge`, `unit`, `metadata`, `systemTags`, `createdAt`, `updatedAt` FROM `SmartAssets_backup`;
Executing (default): DROP TABLE `SmartAssets_backup`;
Executing (default): PRAGMA INDEX_LIST(`SmartAssets`)
Executing (default): PRAGMA INDEX_INFO(`sqlite_autoindex_SmartAssets_1`)
Executing (default): SELECT name FROM sqlite_master WHERE type='table' AND name='Staff';
Executing (default): PRAGMA TABLE_INFO(`Staff`);
Executing (default): PRAGMA foreign_key_list(`Staff`)
Executing (default): PRAGMA INDEX_LIST(`Staff`)
Executing (default): PRAGMA INDEX_INFO(`sqlite_autoindex_Staff_1`)
Executing (default): PRAGMA foreign_key_list(`Staff`)
Executing (default): PRAGMA TABLE_INFO(`Staff`);
Executing (default): PRAGMA INDEX_LIST(`Staff`)
Executing (default): PRAGMA INDEX_INFO(`sqlite_autoindex_Staff_1`)
Executing (default): PRAGMA foreign_key_list(`Staff`)
Executing (default): CREATE TABLE IF NOT EXISTS `Staff_backup` (`id` UUID UNIQUE PRIMARY KEY, `name` VARCHAR(255) NOT NULL, `role` VARCHAR(255) NOT NULL, `userId` UUID REFERENCES `Users` (`id`), `payRateBase` DECIMAL(10,2) NOT NULL, `payRateOT1` DECIMAL(10,2), `payRateOT2` DECIMAL(10,2), `chargeOutBase` DECIMAL(10,2) NOT NULL, `chargeOutOT1` DECIMAL(10,2), `chargeOutOT2` DECIMAL(10,2), `createdAt` DATETIME NOT NULL, `updatedAt` DATETIME NOT NULL, `payRateNight` DECIMAL(10,2), `chargeOutNight` DECIMAL(10,2), `allowances` JSON DEFAULT '[]', `fatigueLevel` INTEGER DEFAULT '0', `skillTags` JSON DEFAULT '[]', `historicalPerformance` JSON DEFAULT '{}');
Executing (default): INSERT INTO `Staff_backup` SELECT `id`, `name`, `role`, `userId`, `payRateBase`, `payRateOT1`, `payRateOT2`, `chargeOutBase`, `chargeOutOT1`, `chargeOutOT2`, `createdAt`, `updatedAt`, `payRateNight`, `chargeOutNight`, `allowances`, `fatigueLevel`, `skillTags`, `historicalPerformance` FROM `Staff`;
Executing (default): DROP TABLE `Staff`;
Executing (default): CREATE TABLE IF NOT EXISTS `Staff` (`id` UUID UNIQUE PRIMARY KEY, `name` VARCHAR(255) NOT NULL, `role` VARCHAR(255) NOT NULL, `userId` UUID REFERENCES `Users` (`id`), `payRateBase` DECIMAL(10,2) NOT NULL, `payRateOT1` DECIMAL(10,2), `payRateOT2` DECIMAL(10,2), `chargeOutBase` DECIMAL(10,2) NOT NULL, `chargeOutOT1` DECIMAL(10,2), `chargeOutOT2` DECIMAL(10,2), `createdAt` DATETIME NOT NULL, `updatedAt` DATETIME NOT NULL, `payRateNight` DECIMAL(10,2), `chargeOutNight` DECIMAL(10,2), `allowances` JSON DEFAULT '[]', `fatigueLevel` INTEGER DEFAULT '0', `skillTags` JSON DEFAULT '[]', `historicalPerformance` JSON DEFAULT '{}');
Executing (default): INSERT INTO `Staff` SELECT `id`, `name`, `role`, `userId`, `payRateBase`, `payRateOT1`, `payRateOT2`, `chargeOutBase`, `chargeOutOT1`, `chargeOutOT2`, `createdAt`, `updatedAt`, `payRateNight`, `chargeOutNight`, `allowances`, `fatigueLevel`, `skillTags`, `historicalPerformance` FROM `Staff_backup`;
Executing (default): DROP TABLE `Staff_backup`;
Executing (default): PRAGMA TABLE_INFO(`Staff`);
Executing (default): PRAGMA INDEX_LIST(`Staff`)
Executing (default): PRAGMA INDEX_INFO(`sqlite_autoindex_Staff_1`)
Executing (default): PRAGMA foreign_key_list(`Staff`)
Executing (default): CREATE TABLE IF NOT EXISTS `Staff_backup` (`id` UUID UNIQUE PRIMARY KEY, `name` VARCHAR(255) NOT NULL, `role` VARCHAR(255) NOT NULL, `userId` UUID REFERENCES `Users` (`id`), `payRateBase` DECIMAL(10,2) NOT NULL, `payRateOT1` DECIMAL(10,2), `payRateOT2` DECIMAL(10,2), `chargeOutBase` DECIMAL(10,2) NOT NULL, `chargeOutOT1` DECIMAL(10,2), `chargeOutOT2` DECIMAL(10,2), `createdAt` DATETIME NOT NULL, `updatedAt` DATETIME NOT NULL, `payRateNight` DECIMAL(10,2), `chargeOutNight` DECIMAL(10,2), `allowances` JSON DEFAULT '[]', `fatigueLevel` INTEGER DEFAULT '0', `skillTags` JSON DEFAULT '[]', `historicalPerformance` JSON DEFAULT '{}');
Executing (default): INSERT INTO `Staff_backup` SELECT `id`, `name`, `role`, `userId`, `payRateBase`, `payRateOT1`, `payRateOT2`, `chargeOutBase`, `chargeOutOT1`, `chargeOutOT2`, `createdAt`, `updatedAt`, `payRateNight`, `chargeOutNight`, `allowances`, `fatigueLevel`, `skillTags`, `historicalPerformance` FROM `Staff`;
Executing (default): DROP TABLE `Staff`;
Executing (default): CREATE TABLE IF NOT EXISTS `Staff` (`id` UUID UNIQUE PRIMARY KEY, `name` VARCHAR(255) NOT NULL, `role` VARCHAR(255) NOT NULL, `userId` UUID REFERENCES `Users` (`id`), `payRateBase` DECIMAL(10,2) NOT NULL, `payRateOT1` DECIMAL(10,2), `payRateOT2` DECIMAL(10,2), `chargeOutBase` DECIMAL(10,2) NOT NULL, `chargeOutOT1` DECIMAL(10,2), `chargeOutOT2` DECIMAL(10,2), `createdAt` DATETIME NOT NULL, `updatedAt` DATETIME NOT NULL, `payRateNight` DECIMAL(10,2), `chargeOutNight` DECIMAL(10,2), `allowances` JSON DEFAULT '[]', `fatigueLevel` INTEGER DEFAULT '0', `skillTags` JSON DEFAULT '[]', `historicalPerformance` JSON DEFAULT '{}');
Executing (default): INSERT INTO `Staff` SELECT `id`, `name`, `role`, `userId`, `payRateBase`, `payRateOT1`, `payRateOT2`, `chargeOutBase`, `chargeOutOT1`, `chargeOutOT2`, `createdAt`, `updatedAt`, `payRateNight`, `chargeOutNight`, `allowances`, `fatigueLevel`, `skillTags`, `historicalPerformance` FROM `Staff_backup`;
Executing (default): DROP TABLE `Staff_backup`;
Executing (default): PRAGMA TABLE_INFO(`Staff`);
Executing (default): PRAGMA INDEX_LIST(`Staff`)
Executing (default): PRAGMA INDEX_INFO(`sqlite_autoindex_Staff_1`)
Executing (default): PRAGMA foreign_key_list(`Staff`)
Executing (default): CREATE TABLE IF NOT EXISTS `Staff_backup` (`id` UUID UNIQUE PRIMARY KEY, `name` VARCHAR(255) NOT NULL, `role` VARCHAR(255) NOT NULL, `userId` UUID REFERENCES `Users` (`id`), `payRateBase` DECIMAL(10,2) NOT NULL, `payRateOT1` DECIMAL(10,2), `payRateOT2` DECIMAL(10,2), `chargeOutBase` DECIMAL(10,2) NOT NULL, `chargeOutOT1` DECIMAL(10,2), `chargeOutOT2` DECIMAL(10,2), `createdAt` DATETIME NOT NULL, `updatedAt` DATETIME NOT NULL, `payRateNight` DECIMAL(10,2), `chargeOutNight` DECIMAL(10,2), `allowances` JSON DEFAULT '[]', `fatigueLevel` INTEGER DEFAULT '0', `skillTags` JSON DEFAULT '[]', `historicalPerformance` JSON DEFAULT '{}');
Executing (default): INSERT INTO `Staff_backup` SELECT `id`, `name`, `role`, `userId`, `payRateBase`, `payRateOT1`, `payRateOT2`, `chargeOutBase`, `chargeOutOT1`, `chargeOutOT2`, `createdAt`, `updatedAt`, `payRateNight`, `chargeOutNight`, `allowances`, `fatigueLevel`, `skillTags`, `historicalPerformance` FROM `Staff`;
Executing (default): DROP TABLE `Staff`;
Executing (default): CREATE TABLE IF NOT EXISTS `Staff` (`id` UUID UNIQUE PRIMARY KEY, `name` VARCHAR(255) NOT NULL, `role` VARCHAR(255) NOT NULL, `userId` UUID REFERENCES `Users` (`id`), `payRateBase` DECIMAL(10,2) NOT NULL, `payRateOT1` DECIMAL(10,2), `payRateOT2` DECIMAL(10,2), `chargeOutBase` DECIMAL(10,2) NOT NULL, `chargeOutOT1` DECIMAL(10,2), `chargeOutOT2` DECIMAL(10,2), `createdAt` DATETIME NOT NULL, `updatedAt` DATETIME NOT NULL, `payRateNight` DECIMAL(10,2), `chargeOutNight` DECIMAL(10,2), `allowances` JSON DEFAULT '[]', `fatigueLevel` INTEGER DEFAULT '0', `skillTags` JSON DEFAULT '[]', `historicalPerformance` JSON DEFAULT '{}');
Executing (default): INSERT INTO `Staff` SELECT `id`, `name`, `role`, `userId`, `payRateBase`, `payRateOT1`, `payRateOT2`, `chargeOutBase`, `chargeOutOT1`, `chargeOutOT2`, `createdAt`, `updatedAt`, `payRateNight`, `chargeOutNight`, `allowances`, `fatigueLevel`, `skillTags`, `historicalPerformance` FROM `Staff_backup`;
Executing (default): DROP TABLE `Staff_backup`;
Executing (default): PRAGMA TABLE_INFO(`Staff`);
Executing (default): PRAGMA INDEX_LIST(`Staff`)
Executing (default): PRAGMA INDEX_INFO(`sqlite_autoindex_Staff_1`)
Executing (default): PRAGMA foreign_key_list(`Staff`)
Executing (default): CREATE TABLE IF NOT EXISTS `Staff_backup` (`id` UUID UNIQUE PRIMARY KEY, `name` VARCHAR(255) NOT NULL, `role` VARCHAR(255) NOT NULL, `userId` UUID REFERENCES `Users` (`id`), `payRateBase` DECIMAL(10,2) NOT NULL, `payRateOT1` DECIMAL(10,2), `payRateOT2` DECIMAL(10,2), `chargeOutBase` DECIMAL(10,2) NOT NULL, `chargeOutOT1` DECIMAL(10,2), `chargeOutOT2` DECIMAL(10,2), `createdAt` DATETIME NOT NULL, `updatedAt` DATETIME NOT NULL, `payRateNight` DECIMAL(10,2), `chargeOutNight` DECIMAL(10,2), `allowances` JSON DEFAULT '[]', `fatigueLevel` INTEGER DEFAULT '0', `skillTags` JSON DEFAULT '[]', `historicalPerformance` JSON DEFAULT '{}');
Executing (default): INSERT INTO `Staff_backup` SELECT `id`, `name`, `role`, `userId`, `payRateBase`, `payRateOT1`, `payRateOT2`, `chargeOutBase`, `chargeOutOT1`, `chargeOutOT2`, `createdAt`, `updatedAt`, `payRateNight`, `chargeOutNight`, `allowances`, `fatigueLevel`, `skillTags`, `historicalPerformance` FROM `Staff`;
Executing (default): DROP TABLE `Staff`;
Executing (default): CREATE TABLE IF NOT EXISTS `Staff` (`id` UUID UNIQUE PRIMARY KEY, `name` VARCHAR(255) NOT NULL, `role` VARCHAR(255) NOT NULL, `userId` UUID REFERENCES `Users` (`id`), `payRateBase` DECIMAL(10,2) NOT NULL, `payRateOT1` DECIMAL(10,2), `payRateOT2` DECIMAL(10,2), `chargeOutBase` DECIMAL(10,2) NOT NULL, `chargeOutOT1` DECIMAL(10,2), `chargeOutOT2` DECIMAL(10,2), `createdAt` DATETIME NOT NULL, `updatedAt` DATETIME NOT NULL, `payRateNight` DECIMAL(10,2), `chargeOutNight` DECIMAL(10,2), `allowances` JSON DEFAULT '[]', `fatigueLevel` INTEGER DEFAULT '0', `skillTags` JSON DEFAULT '[]', `historicalPerformance` JSON DEFAULT '{}');
Executing (default): INSERT INTO `Staff` SELECT `id`, `name`, `role`, `userId`, `payRateBase`, `payRateOT1`, `payRateOT2`, `chargeOutBase`, `chargeOutOT1`, `chargeOutOT2`, `createdAt`, `updatedAt`, `payRateNight`, `chargeOutNight`, `allowances`, `fatigueLevel`, `skillTags`, `historicalPerformance` FROM `Staff_backup`;
Executing (default): DROP TABLE `Staff_backup`;
Executing (default): PRAGMA TABLE_INFO(`Staff`);
Executing (default): PRAGMA INDEX_LIST(`Staff`)
Executing (default): PRAGMA INDEX_INFO(`sqlite_autoindex_Staff_1`)
Executing (default): PRAGMA foreign_key_list(`Staff`)
Executing (default): CREATE TABLE IF NOT EXISTS `Staff_backup` (`id` UUID UNIQUE PRIMARY KEY, `name` VARCHAR(255) NOT NULL, `role` VARCHAR(255) NOT NULL, `userId` UUID REFERENCES `Users` (`id`), `payRateBase` DECIMAL(10,2) NOT NULL, `payRateOT1` DECIMAL(10,2), `payRateOT2` DECIMAL(10,2), `chargeOutBase` DECIMAL(10,2) NOT NULL, `chargeOutOT1` DECIMAL(10,2), `chargeOutOT2` DECIMAL(10,2), `createdAt` DATETIME NOT NULL, `updatedAt` DATETIME NOT NULL, `payRateNight` DECIMAL(10,2), `chargeOutNight` DECIMAL(10,2), `allowances` JSON DEFAULT '[]', `fatigueLevel` INTEGER DEFAULT '0', `skillTags` JSON DEFAULT '[]', `historicalPerformance` JSON DEFAULT '{}');
Executing (default): INSERT INTO `Staff_backup` SELECT `id`, `name`, `role`, `userId`, `payRateBase`, `payRateOT1`, `payRateOT2`, `chargeOutBase`, `chargeOutOT1`, `chargeOutOT2`, `createdAt`, `updatedAt`, `payRateNight`, `chargeOutNight`, `allowances`, `fatigueLevel`, `skillTags`, `historicalPerformance` FROM `Staff`;
Executing (default): DROP TABLE `Staff`;
Executing (default): CREATE TABLE IF NOT EXISTS `Staff` (`id` UUID UNIQUE PRIMARY KEY, `name` VARCHAR(255) NOT NULL, `role` VARCHAR(255) NOT NULL, `userId` UUID REFERENCES `Users` (`id`), `payRateBase` DECIMAL(10,2) NOT NULL, `payRateOT1` DECIMAL(10,2), `payRateOT2` DECIMAL(10,2), `chargeOutBase` DECIMAL(10,2) NOT NULL, `chargeOutOT1` DECIMAL(10,2), `chargeOutOT2` DECIMAL(10,2), `createdAt` DATETIME NOT NULL, `updatedAt` DATETIME NOT NULL, `payRateNight` DECIMAL(10,2), `chargeOutNight` DECIMAL(10,2), `allowances` JSON DEFAULT '[]', `fatigueLevel` INTEGER DEFAULT '0', `skillTags` JSON DEFAULT '[]', `historicalPerformance` JSON DEFAULT '{}');
Executing (default): INSERT INTO `Staff` SELECT `id`, `name`, `role`, `userId`, `payRateBase`, `payRateOT1`, `payRateOT2`, `chargeOutBase`, `chargeOutOT1`, `chargeOutOT2`, `createdAt`, `updatedAt`, `payRateNight`, `chargeOutNight`, `allowances`, `fatigueLevel`, `skillTags`, `historicalPerformance` FROM `Staff_backup`;
Executing (default): DROP TABLE `Staff_backup`;
Executing (default): PRAGMA TABLE_INFO(`Staff`);
Executing (default): PRAGMA INDEX_LIST(`Staff`)
Executing (default): PRAGMA INDEX_INFO(`sqlite_autoindex_Staff_1`)
Executing (default): PRAGMA foreign_key_list(`Staff`)
Executing (default): CREATE TABLE IF NOT EXISTS `Staff_backup` (`id` UUID UNIQUE PRIMARY KEY, `name` VARCHAR(255) NOT NULL, `role` VARCHAR(255) NOT NULL, `userId` UUID REFERENCES `Users` (`id`), `payRateBase` DECIMAL(10,2) NOT NULL, `payRateOT1` DECIMAL(10,2), `payRateOT2` DECIMAL(10,2), `chargeOutBase` DECIMAL(10,2) NOT NULL, `chargeOutOT1` DECIMAL(10,2), `chargeOutOT2` DECIMAL(10,2), `createdAt` DATETIME NOT NULL, `updatedAt` DATETIME NOT NULL, `payRateNight` DECIMAL(10,2), `chargeOutNight` DECIMAL(10,2), `allowances` JSON DEFAULT '[]', `fatigueLevel` INTEGER DEFAULT '0', `skillTags` JSON DEFAULT '[]', `historicalPerformance` JSON DEFAULT '{}');
Executing (default): INSERT INTO `Staff_backup` SELECT `id`, `name`, `role`, `userId`, `payRateBase`, `payRateOT1`, `payRateOT2`, `chargeOutBase`, `chargeOutOT1`, `chargeOutOT2`, `createdAt`, `updatedAt`, `payRateNight`, `chargeOutNight`, `allowances`, `fatigueLevel`, `skillTags`, `historicalPerformance` FROM `Staff`;
Executing (default): DROP TABLE `Staff`;
Executing (default): CREATE TABLE IF NOT EXISTS `Staff` (`id` UUID UNIQUE PRIMARY KEY, `name` VARCHAR(255) NOT NULL, `role` VARCHAR(255) NOT NULL, `userId` UUID REFERENCES `Users` (`id`), `payRateBase` DECIMAL(10,2) NOT NULL, `payRateOT1` DECIMAL(10,2), `payRateOT2` DECIMAL(10,2), `chargeOutBase` DECIMAL(10,2) NOT NULL, `chargeOutOT1` DECIMAL(10,2), `chargeOutOT2` DECIMAL(10,2), `createdAt` DATETIME NOT NULL, `updatedAt` DATETIME NOT NULL, `payRateNight` DECIMAL(10,2), `chargeOutNight` DECIMAL(10,2), `allowances` JSON DEFAULT '[]', `fatigueLevel` INTEGER DEFAULT '0', `skillTags` JSON DEFAULT '[]', `historicalPerformance` JSON DEFAULT '{}');
Executing (default): INSERT INTO `Staff` SELECT `id`, `name`, `role`, `userId`, `payRateBase`, `payRateOT1`, `payRateOT2`, `chargeOutBase`, `chargeOutOT1`, `chargeOutOT2`, `createdAt`, `updatedAt`, `payRateNight`, `chargeOutNight`, `allowances`, `fatigueLevel`, `skillTags`, `historicalPerformance` FROM `Staff_backup`;
Executing (default): DROP TABLE `Staff_backup`;
Executing (default): PRAGMA TABLE_INFO(`Staff`);
Executing (default): PRAGMA INDEX_LIST(`Staff`)
Executing (default): PRAGMA INDEX_INFO(`sqlite_autoindex_Staff_1`)
Executing (default): PRAGMA foreign_key_list(`Staff`)
Executing (default): CREATE TABLE IF NOT EXISTS `Staff_backup` (`id` UUID UNIQUE PRIMARY KEY, `name` VARCHAR(255) NOT NULL, `role` VARCHAR(255) NOT NULL, `userId` UUID REFERENCES `Users` (`id`), `payRateBase` DECIMAL(10,2) NOT NULL, `payRateOT1` DECIMAL(10,2), `payRateOT2` DECIMAL(10,2), `chargeOutBase` DECIMAL(10,2) NOT NULL, `chargeOutOT1` DECIMAL(10,2), `chargeOutOT2` DECIMAL(10,2), `createdAt` DATETIME NOT NULL, `updatedAt` DATETIME NOT NULL, `payRateNight` DECIMAL(10,2), `chargeOutNight` DECIMAL(10,2), `allowances` JSON DEFAULT '[]', `fatigueLevel` INTEGER DEFAULT '0', `skillTags` JSON DEFAULT '[]', `historicalPerformance` JSON DEFAULT '{}');
Executing (default): INSERT INTO `Staff_backup` SELECT `id`, `name`, `role`, `userId`, `payRateBase`, `payRateOT1`, `payRateOT2`, `chargeOutBase`, `chargeOutOT1`, `chargeOutOT2`, `createdAt`, `updatedAt`, `payRateNight`, `chargeOutNight`, `allowances`, `fatigueLevel`, `skillTags`, `historicalPerformance` FROM `Staff`;
Executing (default): DROP TABLE `Staff`;
Executing (default): CREATE TABLE IF NOT EXISTS `Staff` (`id` UUID UNIQUE PRIMARY KEY, `name` VARCHAR(255) NOT NULL, `role` VARCHAR(255) NOT NULL, `userId` UUID REFERENCES `Users` (`id`), `payRateBase` DECIMAL(10,2) NOT NULL, `payRateOT1` DECIMAL(10,2), `payRateOT2` DECIMAL(10,2), `chargeOutBase` DECIMAL(10,2) NOT NULL, `chargeOutOT1` DECIMAL(10,2), `chargeOutOT2` DECIMAL(10,2), `createdAt` DATETIME NOT NULL, `updatedAt` DATETIME NOT NULL, `payRateNight` DECIMAL(10,2), `chargeOutNight` DECIMAL(10,2), `allowances` JSON DEFAULT '[]', `fatigueLevel` INTEGER DEFAULT '0', `skillTags` JSON DEFAULT '[]', `historicalPerformance` JSON DEFAULT '{}');
Executing (default): INSERT INTO `Staff` SELECT `id`, `name`, `role`, `userId`, `payRateBase`, `payRateOT1`, `payRateOT2`, `chargeOutBase`, `chargeOutOT1`, `chargeOutOT2`, `createdAt`, `updatedAt`, `payRateNight`, `chargeOutNight`, `allowances`, `fatigueLevel`, `skillTags`, `historicalPerformance` FROM `Staff_backup`;
Executing (default): DROP TABLE `Staff_backup`;
Executing (default): PRAGMA TABLE_INFO(`Staff`);
Executing (default): PRAGMA INDEX_LIST(`Staff`)
Executing (default): PRAGMA INDEX_INFO(`sqlite_autoindex_Staff_1`)
Executing (default): PRAGMA foreign_key_list(`Staff`)
Executing (default): CREATE TABLE IF NOT EXISTS `Staff_backup` (`id` UUID UNIQUE PRIMARY KEY, `name` VARCHAR(255) NOT NULL, `role` VARCHAR(255) NOT NULL, `userId` UUID REFERENCES `Users` (`id`), `payRateBase` DECIMAL(10,2) NOT NULL, `payRateOT1` DECIMAL(10,2), `payRateOT2` DECIMAL(10,2), `chargeOutBase` DECIMAL(10,2) NOT NULL, `chargeOutOT1` DECIMAL(10,2), `chargeOutOT2` DECIMAL(10,2), `createdAt` DATETIME NOT NULL, `updatedAt` DATETIME NOT NULL, `payRateNight` DECIMAL(10,2), `chargeOutNight` DECIMAL(10,2), `allowances` JSON DEFAULT '[]', `fatigueLevel` INTEGER DEFAULT '0', `skillTags` JSON DEFAULT '[]', `historicalPerformance` JSON DEFAULT '{}');
Executing (default): INSERT INTO `Staff_backup` SELECT `id`, `name`, `role`, `userId`, `payRateBase`, `payRateOT1`, `payRateOT2`, `chargeOutBase`, `chargeOutOT1`, `chargeOutOT2`, `createdAt`, `updatedAt`, `payRateNight`, `chargeOutNight`, `allowances`, `fatigueLevel`, `skillTags`, `historicalPerformance` FROM `Staff`;
Executing (default): DROP TABLE `Staff`;
Executing (default): CREATE TABLE IF NOT EXISTS `Staff` (`id` UUID UNIQUE PRIMARY KEY, `name` VARCHAR(255) NOT NULL, `role` VARCHAR(255) NOT NULL, `userId` UUID REFERENCES `Users` (`id`), `payRateBase` DECIMAL(10,2) NOT NULL, `payRateOT1` DECIMAL(10,2), `payRateOT2` DECIMAL(10,2), `chargeOutBase` DECIMAL(10,2) NOT NULL, `chargeOutOT1` DECIMAL(10,2), `chargeOutOT2` DECIMAL(10,2), `createdAt` DATETIME NOT NULL, `updatedAt` DATETIME NOT NULL, `payRateNight` DECIMAL(10,2), `chargeOutNight` DECIMAL(10,2), `allowances` JSON DEFAULT '[]', `fatigueLevel` INTEGER DEFAULT '0', `skillTags` JSON DEFAULT '[]', `historicalPerformance` JSON DEFAULT '{}');
Executing (default): INSERT INTO `Staff` SELECT `id`, `name`, `role`, `userId`, `payRateBase`, `payRateOT1`, `payRateOT2`, `chargeOutBase`, `chargeOutOT1`, `chargeOutOT2`, `createdAt`, `updatedAt`, `payRateNight`, `chargeOutNight`, `allowances`, `fatigueLevel`, `skillTags`, `historicalPerformance` FROM `Staff_backup`;
Executing (default): DROP TABLE `Staff_backup`;
Executing (default): PRAGMA TABLE_INFO(`Staff`);
Executing (default): PRAGMA INDEX_LIST(`Staff`)
Executing (default): PRAGMA INDEX_INFO(`sqlite_autoindex_Staff_1`)
Executing (default): PRAGMA foreign_key_list(`Staff`)
Executing (default): CREATE TABLE IF NOT EXISTS `Staff_backup` (`id` UUID UNIQUE PRIMARY KEY, `name` VARCHAR(255) NOT NULL, `role` VARCHAR(255) NOT NULL, `userId` UUID REFERENCES `Users` (`id`), `payRateBase` DECIMAL(10,2) NOT NULL, `payRateOT1` DECIMAL(10,2), `payRateOT2` DECIMAL(10,2), `chargeOutBase` DECIMAL(10,2) NOT NULL, `chargeOutOT1` DECIMAL(10,2), `chargeOutOT2` DECIMAL(10,2), `createdAt` DATETIME NOT NULL, `updatedAt` DATETIME NOT NULL, `payRateNight` DECIMAL(10,2), `chargeOutNight` DECIMAL(10,2), `allowances` JSON DEFAULT '[]', `fatigueLevel` INTEGER DEFAULT '0', `skillTags` JSON DEFAULT '[]', `historicalPerformance` JSON DEFAULT '{}');
Executing (default): INSERT INTO `Staff_backup` SELECT `id`, `name`, `role`, `userId`, `payRateBase`, `payRateOT1`, `payRateOT2`, `chargeOutBase`, `chargeOutOT1`, `chargeOutOT2`, `createdAt`, `updatedAt`, `payRateNight`, `chargeOutNight`, `allowances`, `fatigueLevel`, `skillTags`, `historicalPerformance` FROM `Staff`;
Executing (default): DROP TABLE `Staff`;
Executing (default): CREATE TABLE IF NOT EXISTS `Staff` (`id` UUID UNIQUE PRIMARY KEY, `name` VARCHAR(255) NOT NULL, `role` VARCHAR(255) NOT NULL, `userId` UUID REFERENCES `Users` (`id`), `payRateBase` DECIMAL(10,2) NOT NULL, `payRateOT1` DECIMAL(10,2), `payRateOT2` DECIMAL(10,2), `chargeOutBase` DECIMAL(10,2) NOT NULL, `chargeOutOT1` DECIMAL(10,2), `chargeOutOT2` DECIMAL(10,2), `createdAt` DATETIME NOT NULL, `updatedAt` DATETIME NOT NULL, `payRateNight` DECIMAL(10,2), `chargeOutNight` DECIMAL(10,2), `allowances` JSON DEFAULT '[]', `fatigueLevel` INTEGER DEFAULT '0', `skillTags` JSON DEFAULT '[]', `historicalPerformance` JSON DEFAULT '{}');
Executing (default): INSERT INTO `Staff` SELECT `id`, `name`, `role`, `userId`, `payRateBase`, `payRateOT1`, `payRateOT2`, `chargeOutBase`, `chargeOutOT1`, `chargeOutOT2`, `createdAt`, `updatedAt`, `payRateNight`, `chargeOutNight`, `allowances`, `fatigueLevel`, `skillTags`, `historicalPerformance` FROM `Staff_backup`;
Executing (default): DROP TABLE `Staff_backup`;
Executing (default): PRAGMA TABLE_INFO(`Staff`);
Executing (default): PRAGMA INDEX_LIST(`Staff`)
Executing (default): PRAGMA INDEX_INFO(`sqlite_autoindex_Staff_1`)
Executing (default): PRAGMA foreign_key_list(`Staff`)
Executing (default): CREATE TABLE IF NOT EXISTS `Staff_backup` (`id` UUID UNIQUE PRIMARY KEY, `name` VARCHAR(255) NOT NULL, `role` VARCHAR(255) NOT NULL, `userId` UUID REFERENCES `Users` (`id`), `payRateBase` DECIMAL(10,2) NOT NULL, `payRateOT1` DECIMAL(10,2), `payRateOT2` DECIMAL(10,2), `chargeOutBase` DECIMAL(10,2) NOT NULL, `chargeOutOT1` DECIMAL(10,2), `chargeOutOT2` DECIMAL(10,2), `createdAt` DATETIME NOT NULL, `updatedAt` DATETIME NOT NULL, `payRateNight` DECIMAL(10,2), `chargeOutNight` DECIMAL(10,2), `allowances` JSON DEFAULT '[]', `fatigueLevel` INTEGER DEFAULT '0', `skillTags` JSON DEFAULT '[]', `historicalPerformance` JSON DEFAULT '{}');
Executing (default): INSERT INTO `Staff_backup` SELECT `id`, `name`, `role`, `userId`, `payRateBase`, `payRateOT1`, `payRateOT2`, `chargeOutBase`, `chargeOutOT1`, `chargeOutOT2`, `createdAt`, `updatedAt`, `payRateNight`, `chargeOutNight`, `allowances`, `fatigueLevel`, `skillTags`, `historicalPerformance` FROM `Staff`;
Executing (default): DROP TABLE `Staff`;
Executing (default): CREATE TABLE IF NOT EXISTS `Staff` (`id` UUID UNIQUE PRIMARY KEY, `name` VARCHAR(255) NOT NULL, `role` VARCHAR(255) NOT NULL, `userId` UUID REFERENCES `Users` (`id`), `payRateBase` DECIMAL(10,2) NOT NULL, `payRateOT1` DECIMAL(10,2), `payRateOT2` DECIMAL(10,2), `chargeOutBase` DECIMAL(10,2) NOT NULL, `chargeOutOT1` DECIMAL(10,2), `chargeOutOT2` DECIMAL(10,2), `createdAt` DATETIME NOT NULL, `updatedAt` DATETIME NOT NULL, `payRateNight` DECIMAL(10,2), `chargeOutNight` DECIMAL(10,2), `allowances` JSON DEFAULT '[]', `fatigueLevel` INTEGER DEFAULT '0', `skillTags` JSON DEFAULT '[]', `historicalPerformance` JSON DEFAULT '{}');
Executing (default): INSERT INTO `Staff` SELECT `id`, `name`, `role`, `userId`, `payRateBase`, `payRateOT1`, `payRateOT2`, `chargeOutBase`, `chargeOutOT1`, `chargeOutOT2`, `createdAt`, `updatedAt`, `payRateNight`, `chargeOutNight`, `allowances`, `fatigueLevel`, `skillTags`, `historicalPerformance` FROM `Staff_backup`;
Executing (default): DROP TABLE `Staff_backup`;
Executing (default): PRAGMA TABLE_INFO(`Staff`);
Executing (default): PRAGMA INDEX_LIST(`Staff`)
Executing (default): PRAGMA INDEX_INFO(`sqlite_autoindex_Staff_1`)
Executing (default): PRAGMA foreign_key_list(`Staff`)
Executing (default): CREATE TABLE IF NOT EXISTS `Staff_backup` (`id` UUID UNIQUE PRIMARY KEY, `name` VARCHAR(255) NOT NULL, `role` VARCHAR(255) NOT NULL, `userId` UUID REFERENCES `Users` (`id`), `payRateBase` DECIMAL(10,2) NOT NULL, `payRateOT1` DECIMAL(10,2), `payRateOT2` DECIMAL(10,2), `chargeOutBase` DECIMAL(10,2) NOT NULL, `chargeOutOT1` DECIMAL(10,2), `chargeOutOT2` DECIMAL(10,2), `createdAt` DATETIME NOT NULL, `updatedAt` DATETIME NOT NULL, `payRateNight` DECIMAL(10,2), `chargeOutNight` DECIMAL(10,2), `allowances` JSON DEFAULT '[]', `fatigueLevel` INTEGER DEFAULT '0', `skillTags` JSON DEFAULT '[]', `historicalPerformance` JSON DEFAULT '{}');
Executing (default): INSERT INTO `Staff_backup` SELECT `id`, `name`, `role`, `userId`, `payRateBase`, `payRateOT1`, `payRateOT2`, `chargeOutBase`, `chargeOutOT1`, `chargeOutOT2`, `createdAt`, `updatedAt`, `payRateNight`, `chargeOutNight`, `allowances`, `fatigueLevel`, `skillTags`, `historicalPerformance` FROM `Staff`;
Executing (default): DROP TABLE `Staff`;
Executing (default): CREATE TABLE IF NOT EXISTS `Staff` (`id` UUID UNIQUE PRIMARY KEY, `name` VARCHAR(255) NOT NULL, `role` VARCHAR(255) NOT NULL, `userId` UUID REFERENCES `Users` (`id`), `payRateBase` DECIMAL(10,2) NOT NULL, `payRateOT1` DECIMAL(10,2), `payRateOT2` DECIMAL(10,2), `chargeOutBase` DECIMAL(10,2) NOT NULL, `chargeOutOT1` DECIMAL(10,2), `chargeOutOT2` DECIMAL(10,2), `createdAt` DATETIME NOT NULL, `updatedAt` DATETIME NOT NULL, `payRateNight` DECIMAL(10,2), `chargeOutNight` DECIMAL(10,2), `allowances` JSON DEFAULT '[]', `fatigueLevel` INTEGER DEFAULT '0', `skillTags` JSON DEFAULT '[]', `historicalPerformance` JSON DEFAULT '{}');
Executing (default): INSERT INTO `Staff` SELECT `id`, `name`, `role`, `userId`, `payRateBase`, `payRateOT1`, `payRateOT2`, `chargeOutBase`, `chargeOutOT1`, `chargeOutOT2`, `createdAt`, `updatedAt`, `payRateNight`, `chargeOutNight`, `allowances`, `fatigueLevel`, `skillTags`, `historicalPerformance` FROM `Staff_backup`;
Executing (default): DROP TABLE `Staff_backup`;
Executing (default): PRAGMA TABLE_INFO(`Staff`);
Executing (default): PRAGMA INDEX_LIST(`Staff`)
Executing (default): PRAGMA INDEX_INFO(`sqlite_autoindex_Staff_1`)
Executing (default): PRAGMA foreign_key_list(`Staff`)
Executing (default): CREATE TABLE IF NOT EXISTS `Staff_backup` (`id` UUID UNIQUE PRIMARY KEY, `name` VARCHAR(255) NOT NULL, `role` VARCHAR(255) NOT NULL, `userId` UUID REFERENCES `Users` (`id`), `payRateBase` DECIMAL(10,2) NOT NULL, `payRateOT1` DECIMAL(10,2), `payRateOT2` DECIMAL(10,2), `chargeOutBase` DECIMAL(10,2) NOT NULL, `chargeOutOT1` DECIMAL(10,2), `chargeOutOT2` DECIMAL(10,2), `createdAt` DATETIME NOT NULL, `updatedAt` DATETIME NOT NULL, `payRateNight` DECIMAL(10,2), `chargeOutNight` DECIMAL(10,2), `allowances` JSON DEFAULT '[]', `fatigueLevel` INTEGER DEFAULT '0', `skillTags` JSON DEFAULT '[]', `historicalPerformance` JSON DEFAULT '{}');
Executing (default): INSERT INTO `Staff_backup` SELECT `id`, `name`, `role`, `userId`, `payRateBase`, `payRateOT1`, `payRateOT2`, `chargeOutBase`, `chargeOutOT1`, `chargeOutOT2`, `createdAt`, `updatedAt`, `payRateNight`, `chargeOutNight`, `allowances`, `fatigueLevel`, `skillTags`, `historicalPerformance` FROM `Staff`;
Executing (default): DROP TABLE `Staff`;
Executing (default): CREATE TABLE IF NOT EXISTS `Staff` (`id` UUID UNIQUE PRIMARY KEY, `name` VARCHAR(255) NOT NULL, `role` VARCHAR(255) NOT NULL, `userId` UUID REFERENCES `Users` (`id`), `payRateBase` DECIMAL(10,2) NOT NULL, `payRateOT1` DECIMAL(10,2), `payRateOT2` DECIMAL(10,2), `chargeOutBase` DECIMAL(10,2) NOT NULL, `chargeOutOT1` DECIMAL(10,2), `chargeOutOT2` DECIMAL(10,2), `createdAt` DATETIME NOT NULL, `updatedAt` DATETIME NOT NULL, `payRateNight` DECIMAL(10,2), `chargeOutNight` DECIMAL(10,2), `allowances` JSON DEFAULT '[]', `fatigueLevel` INTEGER DEFAULT '0', `skillTags` JSON DEFAULT '[]', `historicalPerformance` JSON DEFAULT '{}');
Executing (default): INSERT INTO `Staff` SELECT `id`, `name`, `role`, `userId`, `payRateBase`, `payRateOT1`, `payRateOT2`, `chargeOutBase`, `chargeOutOT1`, `chargeOutOT2`, `createdAt`, `updatedAt`, `payRateNight`, `chargeOutNight`, `allowances`, `fatigueLevel`, `skillTags`, `historicalPerformance` FROM `Staff_backup`;
Executing (default): DROP TABLE `Staff_backup`;
Executing (default): PRAGMA TABLE_INFO(`Staff`);
Executing (default): PRAGMA INDEX_LIST(`Staff`)
Executing (default): PRAGMA INDEX_INFO(`sqlite_autoindex_Staff_1`)
Executing (default): PRAGMA foreign_key_list(`Staff`)
Executing (default): CREATE TABLE IF NOT EXISTS `Staff_backup` (`id` UUID UNIQUE PRIMARY KEY, `name` VARCHAR(255) NOT NULL, `role` VARCHAR(255) NOT NULL, `userId` UUID REFERENCES `Users` (`id`), `payRateBase` DECIMAL(10,2) NOT NULL, `payRateOT1` DECIMAL(10,2), `payRateOT2` DECIMAL(10,2), `chargeOutBase` DECIMAL(10,2) NOT NULL, `chargeOutOT1` DECIMAL(10,2), `chargeOutOT2` DECIMAL(10,2), `createdAt` DATETIME NOT NULL, `updatedAt` DATETIME NOT NULL, `payRateNight` DECIMAL(10,2), `chargeOutNight` DECIMAL(10,2), `allowances` JSON DEFAULT '[]', `fatigueLevel` INTEGER DEFAULT '0', `skillTags` JSON DEFAULT '[]', `historicalPerformance` JSON DEFAULT '{}');
Executing (default): INSERT INTO `Staff_backup` SELECT `id`, `name`, `role`, `userId`, `payRateBase`, `payRateOT1`, `payRateOT2`, `chargeOutBase`, `chargeOutOT1`, `chargeOutOT2`, `createdAt`, `updatedAt`, `payRateNight`, `chargeOutNight`, `allowances`, `fatigueLevel`, `skillTags`, `historicalPerformance` FROM `Staff`;
Executing (default): DROP TABLE `Staff`;
Executing (default): CREATE TABLE IF NOT EXISTS `Staff` (`id` UUID UNIQUE PRIMARY KEY, `name` VARCHAR(255) NOT NULL, `role` VARCHAR(255) NOT NULL, `userId` UUID REFERENCES `Users` (`id`), `payRateBase` DECIMAL(10,2) NOT NULL, `payRateOT1` DECIMAL(10,2), `payRateOT2` DECIMAL(10,2), `chargeOutBase` DECIMAL(10,2) NOT NULL, `chargeOutOT1` DECIMAL(10,2), `chargeOutOT2` DECIMAL(10,2), `createdAt` DATETIME NOT NULL, `updatedAt` DATETIME NOT NULL, `payRateNight` DECIMAL(10,2), `chargeOutNight` DECIMAL(10,2), `allowances` JSON DEFAULT '[]', `fatigueLevel` INTEGER DEFAULT '0', `skillTags` JSON DEFAULT '[]', `historicalPerformance` JSON DEFAULT '{}');
Executing (default): INSERT INTO `Staff` SELECT `id`, `name`, `role`, `userId`, `payRateBase`, `payRateOT1`, `payRateOT2`, `chargeOutBase`, `chargeOutOT1`, `chargeOutOT2`, `createdAt`, `updatedAt`, `payRateNight`, `chargeOutNight`, `allowances`, `fatigueLevel`, `skillTags`, `historicalPerformance` FROM `Staff_backup`;
Executing (default): DROP TABLE `Staff_backup`;
Executing (default): PRAGMA TABLE_INFO(`Staff`);
Executing (default): PRAGMA INDEX_LIST(`Staff`)
Executing (default): PRAGMA INDEX_INFO(`sqlite_autoindex_Staff_1`)
Executing (default): PRAGMA foreign_key_list(`Staff`)
Executing (default): CREATE TABLE IF NOT EXISTS `Staff_backup` (`id` UUID UNIQUE PRIMARY KEY, `name` VARCHAR(255) NOT NULL, `role` VARCHAR(255) NOT NULL, `userId` UUID REFERENCES `Users` (`id`), `payRateBase` DECIMAL(10,2) NOT NULL, `payRateOT1` DECIMAL(10,2), `payRateOT2` DECIMAL(10,2), `chargeOutBase` DECIMAL(10,2) NOT NULL, `chargeOutOT1` DECIMAL(10,2), `chargeOutOT2` DECIMAL(10,2), `createdAt` DATETIME NOT NULL, `updatedAt` DATETIME NOT NULL, `payRateNight` DECIMAL(10,2), `chargeOutNight` DECIMAL(10,2), `allowances` JSON DEFAULT '[]', `fatigueLevel` INTEGER DEFAULT '0', `skillTags` JSON DEFAULT '[]', `historicalPerformance` JSON DEFAULT '{}');
Executing (default): INSERT INTO `Staff_backup` SELECT `id`, `name`, `role`, `userId`, `payRateBase`, `payRateOT1`, `payRateOT2`, `chargeOutBase`, `chargeOutOT1`, `chargeOutOT2`, `createdAt`, `updatedAt`, `payRateNight`, `chargeOutNight`, `allowances`, `fatigueLevel`, `skillTags`, `historicalPerformance` FROM `Staff`;
Executing (default): DROP TABLE `Staff`;
Executing (default): CREATE TABLE IF NOT EXISTS `Staff` (`id` UUID UNIQUE PRIMARY KEY, `name` VARCHAR(255) NOT NULL, `role` VARCHAR(255) NOT NULL, `userId` UUID REFERENCES `Users` (`id`), `payRateBase` DECIMAL(10,2) NOT NULL, `payRateOT1` DECIMAL(10,2), `payRateOT2` DECIMAL(10,2), `chargeOutBase` DECIMAL(10,2) NOT NULL, `chargeOutOT1` DECIMAL(10,2), `chargeOutOT2` DECIMAL(10,2), `createdAt` DATETIME NOT NULL, `updatedAt` DATETIME NOT NULL, `payRateNight` DECIMAL(10,2), `chargeOutNight` DECIMAL(10,2), `allowances` JSON DEFAULT '[]', `fatigueLevel` INTEGER DEFAULT '0', `skillTags` JSON DEFAULT '[]', `historicalPerformance` JSON DEFAULT '{}');
Executing (default): INSERT INTO `Staff` SELECT `id`, `name`, `role`, `userId`, `payRateBase`, `payRateOT1`, `payRateOT2`, `chargeOutBase`, `chargeOutOT1`, `chargeOutOT2`, `createdAt`, `updatedAt`, `payRateNight`, `chargeOutNight`, `allowances`, `fatigueLevel`, `skillTags`, `historicalPerformance` FROM `Staff_backup`;
Executing (default): DROP TABLE `Staff_backup`;
Executing (default): PRAGMA TABLE_INFO(`Staff`);
Executing (default): PRAGMA INDEX_LIST(`Staff`)
Executing (default): PRAGMA INDEX_INFO(`sqlite_autoindex_Staff_1`)
Executing (default): PRAGMA foreign_key_list(`Staff`)
Executing (default): CREATE TABLE IF NOT EXISTS `Staff_backup` (`id` UUID UNIQUE PRIMARY KEY, `name` VARCHAR(255) NOT NULL, `role` VARCHAR(255) NOT NULL, `userId` UUID REFERENCES `Users` (`id`), `payRateBase` DECIMAL(10,2) NOT NULL, `payRateOT1` DECIMAL(10,2), `payRateOT2` DECIMAL(10,2), `chargeOutBase` DECIMAL(10,2) NOT NULL, `chargeOutOT1` DECIMAL(10,2), `chargeOutOT2` DECIMAL(10,2), `createdAt` DATETIME NOT NULL, `updatedAt` DATETIME NOT NULL, `payRateNight` DECIMAL(10,2), `chargeOutNight` DECIMAL(10,2), `allowances` JSON DEFAULT '[]', `fatigueLevel` INTEGER DEFAULT 0, `skillTags` JSON DEFAULT '[]', `historicalPerformance` JSON DEFAULT '{}');
Executing (default): INSERT INTO `Staff_backup` SELECT `id`, `name`, `role`, `userId`, `payRateBase`, `payRateOT1`, `payRateOT2`, `chargeOutBase`, `chargeOutOT1`, `chargeOutOT2`, `createdAt`, `updatedAt`, `payRateNight`, `chargeOutNight`, `allowances`, `fatigueLevel`, `skillTags`, `historicalPerformance` FROM `Staff`;
Executing (default): DROP TABLE `Staff`;
Executing (default): CREATE TABLE IF NOT EXISTS `Staff` (`id` UUID UNIQUE PRIMARY KEY, `name` VARCHAR(255) NOT NULL, `role` VARCHAR(255) NOT NULL, `userId` UUID REFERENCES `Users` (`id`), `payRateBase` DECIMAL(10,2) NOT NULL, `payRateOT1` DECIMAL(10,2), `payRateOT2` DECIMAL(10,2), `chargeOutBase` DECIMAL(10,2) NOT NULL, `chargeOutOT1` DECIMAL(10,2), `chargeOutOT2` DECIMAL(10,2), `createdAt` DATETIME NOT NULL, `updatedAt` DATETIME NOT NULL, `payRateNight` DECIMAL(10,2), `chargeOutNight` DECIMAL(10,2), `allowances` JSON DEFAULT '[]', `fatigueLevel` INTEGER DEFAULT 0, `skillTags` JSON DEFAULT '[]', `historicalPerformance` JSON DEFAULT '{}');
Executing (default): INSERT INTO `Staff` SELECT `id`, `name`, `role`, `userId`, `payRateBase`, `payRateOT1`, `payRateOT2`, `chargeOutBase`, `chargeOutOT1`, `chargeOutOT2`, `createdAt`, `updatedAt`, `payRateNight`, `chargeOutNight`, `allowances`, `fatigueLevel`, `skillTags`, `historicalPerformance` FROM `Staff_backup`;
Executing (default): DROP TABLE `Staff_backup`;
Executing (default): PRAGMA TABLE_INFO(`Staff`);
Executing (default): PRAGMA INDEX_LIST(`Staff`)
Executing (default): PRAGMA INDEX_INFO(`sqlite_autoindex_Staff_1`)
Executing (default): PRAGMA foreign_key_list(`Staff`)
Executing (default): CREATE TABLE IF NOT EXISTS `Staff_backup` (`id` UUID UNIQUE PRIMARY KEY, `name` VARCHAR(255) NOT NULL, `role` VARCHAR(255) NOT NULL, `userId` UUID REFERENCES `Users` (`id`), `payRateBase` DECIMAL(10,2) NOT NULL, `payRateOT1` DECIMAL(10,2), `payRateOT2` DECIMAL(10,2), `chargeOutBase` DECIMAL(10,2) NOT NULL, `chargeOutOT1` DECIMAL(10,2), `chargeOutOT2` DECIMAL(10,2), `createdAt` DATETIME NOT NULL, `updatedAt` DATETIME NOT NULL, `payRateNight` DECIMAL(10,2), `chargeOutNight` DECIMAL(10,2), `allowances` JSON DEFAULT '[]', `fatigueLevel` INTEGER DEFAULT '0', `skillTags` JSON DEFAULT '[]', `historicalPerformance` JSON DEFAULT '{}');
Executing (default): INSERT INTO `Staff_backup` SELECT `id`, `name`, `role`, `userId`, `payRateBase`, `payRateOT1`, `payRateOT2`, `chargeOutBase`, `chargeOutOT1`, `chargeOutOT2`, `createdAt`, `updatedAt`, `payRateNight`, `chargeOutNight`, `allowances`, `fatigueLevel`, `skillTags`, `historicalPerformance` FROM `Staff`;
Executing (default): DROP TABLE `Staff`;
Executing (default): CREATE TABLE IF NOT EXISTS `Staff` (`id` UUID UNIQUE PRIMARY KEY, `name` VARCHAR(255) NOT NULL, `role` VARCHAR(255) NOT NULL, `userId` UUID REFERENCES `Users` (`id`), `payRateBase` DECIMAL(10,2) NOT NULL, `payRateOT1` DECIMAL(10,2), `payRateOT2` DECIMAL(10,2), `chargeOutBase` DECIMAL(10,2) NOT NULL, `chargeOutOT1` DECIMAL(10,2), `chargeOutOT2` DECIMAL(10,2), `createdAt` DATETIME NOT NULL, `updatedAt` DATETIME NOT NULL, `payRateNight` DECIMAL(10,2), `chargeOutNight` DECIMAL(10,2), `allowances` JSON DEFAULT '[]', `fatigueLevel` INTEGER DEFAULT '0', `skillTags` JSON DEFAULT '[]', `historicalPerformance` JSON DEFAULT '{}');
Executing (default): INSERT INTO `Staff` SELECT `id`, `name`, `role`, `userId`, `payRateBase`, `payRateOT1`, `payRateOT2`, `chargeOutBase`, `chargeOutOT1`, `chargeOutOT2`, `createdAt`, `updatedAt`, `payRateNight`, `chargeOutNight`, `allowances`, `fatigueLevel`, `skillTags`, `historicalPerformance` FROM `Staff_backup`;
Executing (default): DROP TABLE `Staff_backup`;
Executing (default): PRAGMA TABLE_INFO(`Staff`);
Executing (default): PRAGMA INDEX_LIST(`Staff`)
Executing (default): PRAGMA INDEX_INFO(`sqlite_autoindex_Staff_1`)
Executing (default): PRAGMA foreign_key_list(`Staff`)
Executing (default): CREATE TABLE IF NOT EXISTS `Staff_backup` (`id` UUID UNIQUE PRIMARY KEY, `name` VARCHAR(255) NOT NULL, `role` VARCHAR(255) NOT NULL, `userId` UUID REFERENCES `Users` (`id`), `payRateBase` DECIMAL(10,2) NOT NULL, `payRateOT1` DECIMAL(10,2), `payRateOT2` DECIMAL(10,2), `chargeOutBase` DECIMAL(10,2) NOT NULL, `chargeOutOT1` DECIMAL(10,2), `chargeOutOT2` DECIMAL(10,2), `createdAt` DATETIME NOT NULL, `updatedAt` DATETIME NOT NULL, `payRateNight` DECIMAL(10,2), `chargeOutNight` DECIMAL(10,2), `allowances` JSON DEFAULT '[]', `fatigueLevel` INTEGER DEFAULT '0', `skillTags` JSON DEFAULT '[]', `historicalPerformance` JSON DEFAULT '{}');
Executing (default): INSERT INTO `Staff_backup` SELECT `id`, `name`, `role`, `userId`, `payRateBase`, `payRateOT1`, `payRateOT2`, `chargeOutBase`, `chargeOutOT1`, `chargeOutOT2`, `createdAt`, `updatedAt`, `payRateNight`, `chargeOutNight`, `allowances`, `fatigueLevel`, `skillTags`, `historicalPerformance` FROM `Staff`;
Executing (default): SELECT `id`, `userId`, `type`, `title`, `message`, `isRead`, `data`, `createdAt`, `updatedAt` FROM `Notifications` AS `Notification` WHERE `Notification`.`userId` = '5e978b58-6854-4e95-9f46-03f1ab538dad' ORDER BY `Notification`.`createdAt` DESC LIMIT 20;
Executing (default): DROP TABLE `Staff`;
Executing (default): CREATE TABLE IF NOT EXISTS `Staff` (`id` UUID UNIQUE PRIMARY KEY, `name` VARCHAR(255) NOT NULL, `role` VARCHAR(255) NOT NULL, `userId` UUID REFERENCES `Users` (`id`), `payRateBase` DECIMAL(10,2) NOT NULL, `payRateOT1` DECIMAL(10,2), `payRateOT2` DECIMAL(10,2), `chargeOutBase` DECIMAL(10,2) NOT NULL, `chargeOutOT1` DECIMAL(10,2), `chargeOutOT2` DECIMAL(10,2), `createdAt` DATETIME NOT NULL, `updatedAt` DATETIME NOT NULL, `payRateNight` DECIMAL(10,2), `chargeOutNight` DECIMAL(10,2), `allowances` JSON DEFAULT '[]', `fatigueLevel` INTEGER DEFAULT '0', `skillTags` JSON DEFAULT '[]', `historicalPerformance` JSON DEFAULT '{}');
Executing (default): INSERT INTO `Staff` SELECT `id`, `name`, `role`, `userId`, `payRateBase`, `payRateOT1`, `payRateOT2`, `chargeOutBase`, `chargeOutOT1`, `chargeOutOT2`, `createdAt`, `updatedAt`, `payRateNight`, `chargeOutNight`, `allowances`, `fatigueLevel`, `skillTags`, `historicalPerformance` FROM `Staff_backup`;
Executing (default): DROP TABLE `Staff_backup`;
Executing (default): PRAGMA INDEX_LIST(`Staff`)
Executing (default): PRAGMA INDEX_INFO(`sqlite_autoindex_Staff_1`)
Executing (default): SELECT name FROM sqlite_master WHERE type='table' AND name='Subscriptions';
Executing (default): PRAGMA TABLE_INFO(`Subscriptions`);
Executing (default): PRAGMA foreign_key_list(`Subscriptions`)
Executing (default): PRAGMA INDEX_LIST(`Subscriptions`)
Executing (default): PRAGMA INDEX_INFO(`sqlite_autoindex_Subscriptions_1`)
Executing (default): PRAGMA foreign_key_list(`Subscriptions`)
Executing (default): PRAGMA TABLE_INFO(`Subscriptions`);
Executing (default): PRAGMA INDEX_LIST(`Subscriptions`)
Executing (default): PRAGMA INDEX_INFO(`sqlite_autoindex_Subscriptions_1`)
Executing (default): PRAGMA foreign_key_list(`Subscriptions`)
Executing (default): CREATE TABLE IF NOT EXISTS `Subscriptions_backup` (`id` UUID UNIQUE PRIMARY KEY, `userId` UUID NOT NULL REFERENCES `Users` (`id`) ON DELETE NO ACTION ON UPDATE CASCADE, `plan` TEXT NOT NULL DEFAULT 'free', `status` TEXT NOT NULL DEFAULT 'active', `startDate` DATETIME, `endDate` DATETIME, `stripeSubscriptionId` VARCHAR(255), `createdAt` DATETIME, `updatedAt` DATETIME);
Executing (default): INSERT INTO `Subscriptions_backup` SELECT `id`, `userId`, `plan`, `status`, `startDate`, `endDate`, `stripeSubscriptionId`, `createdAt`, `updatedAt` FROM `Subscriptions`;
Executing (default): PRAGMA foreign_keys = ON
